name,stem,Adams filtration,shift,h0info,h0target,h1target,h2target,drinfo,drtarget
1,0,0,0,,h0,h1,h2,,
h0,0,1,0,,h0^2,,h0 h2,,
h0^2,0,2,0,,h0^3,,h1^3,,
h0^3,0,3,0,loc,,,,,
h1,1,1,0,,,h1^2,,,
h1^2,2,2,0,,,h1^3,,,
h2,3,1,0,,h0 h2,,h2^2,,
h0 h2,3,2,0,,h1^3,,,,
h1^3,3,3,0,,,,,,
h2^2,6,2,0,,,,h1^2 h3,,
h3,7,1,0,,h0 h3,h1 h3,,,
h0 h3,7,2,0,,h0^2 h3,,,,
h0^2 h3,7,3,0,,h0^3 h3,,,,
h0^3 h3,7,4,0,,,,,,
h1 h3,8,2,0,,,h1^2 h3,,,
c0,8,3,0,,,h1 c0,,,
h1^2 h3,9,3,0,,,,,,
h1 c0,9,4,0,,,,,,
P h1,9,5,0,,,P h1^2,,,
P h1^2,10,6,0,,,P h1^3,,,
P h2,11,5,0,,P h0 h2,,h0^2 d0,,
P h0 h2,11,6,0,,P h1^3,,,,
P h1^3,11,7,0,,,,,,
h3^2,14,2,0,,h0 h3^2,,,,
h0 h3^2,14,3,0,,,,,,
d0,14,4,0,,h0 d0,h1 d0,h0 e0,,
h0 d0,14,5,0,,h0^2 d0,,h0^2 e0,,
h0^2 d0,14,6,0,,,,h1^3 d0,,
h4,15,1,0,,h0 h4,h1 h4,h2 h4,2,h0 h3^2
h0 h4,15,2,0,,h0^2 h4,,h0 h2 h4,3,h0 d0
h0^2 h4,15,3,0,,h0^3 h4,,h1^3 h4,3,h0^2 d0
h0^3 h4,15,4,0,,h0^4 h4,,,,
h1 d0,15,5,-1,,,h1^2 d0,,,
h0^4 h4,15,5,1,,h0^5 h4,,,,
h0^5 h4,15,6,0,,h0^6 h4,,,,
h0^6 h4,15,7,0,,h0^7 h4,,,,
h0^7 h4,15,8,0,,,,,,
h1 h4,16,2,0,,,h1^2 h4,,,
h1^2 d0,16,6,0,,,h1^3 d0,,,
P c0,16,7,0,,,P h1 c0,,,
h1^2 h4,17,3,0,,,h1^3 h4,,,
e0,17,4,0,,h0 e0,h1 e0,h2 e0,2,h1^2 d0
h0 e0,17,5,0,,h0^2 e0,,h0 h2 e0,,
h0^2 e0,17,6,0,,h1^3 d0,,,,
h1^3 d0,17,7,0,,,,,,
P h1 c0,17,8,0,,,,,,
P^2 h1,17,9,0,,,P^2 h1^2,,,
h2 h4,18,2,0,,h0 h2 h4,,h2^2 h4,,
h0 h2 h4,18,3,0,,h1^3 h4,,,,
h1^3 h4,18,4,-1,,,,,,
f0,18,4,1,,h1 e0,,h1 g,2,h0^2 e0
h1 e0,18,5,0,,,,,2,h1^3 d0
P^2 h1^2,18,10,0,,,P^2 h1^3,,,
c1,19,3,0,,,,h2 c1,,
P^2 h2,19,9,0,,P^2 h0 h2,,P h0^2 d0,,
P^2 h0 h2,19,10,0,,P^2 h1^3,,,,
P^2 h1^3,19,11,0,,,,,,
g,20,4,0,,h2 e0,h1 g,h2 g,,
h2 e0,20,5,0,,h0 h2 e0,,h0 h2 g,,
h0 h2 e0,20,6,0,,,,,,
h2^2 h4,21,3,0,,,,,,
h1 g,21,5,0,,,,,,
h2 c1,22,4,0,,,,,,
P d0,22,8,0,,P h0 d0,P h1 d0,P h0 e0,,
P h0 d0,22,9,0,,P h0^2 d0,,P h0^2 e0,,
P h0^2 d0,22,10,0,,,,P h1^3 d0,,
h4 c0,23,4,0,,,h1 h4 c0,,,
h2 g,23,5,0,,h0 h2 g,,h2^2 g,,
h0 h2 g,23,6,0,,,,,,
i,23,7,0,,h0 i,,h0 j,2,P h0 d0
h0 i,23,8,0,,h0^2 i,,P h1 e0,2,P h0^2 d0
P h1 d0,23,9,-1,,,P h1^2 d0,,,
h0^2 i,23,9,1,,h0^3 i,,,,
h0^3 i,23,10,0,,h0^4 i,,,,
h0^4 i,23,11,0,,h0^5 i,,,,
h0^5 i,23,12,0,,,,,,
h1 h4 c0,24,5,0,,,,,,
P h1^2 d0,24,10,0,,,P h1^3 d0,,,
P^2 c0,24,11,0,,,P^2 h1 c0,,,
P e0,25,8,0,,P h0 e0,P h1 e0,h0 d0^2,2,P h1^2 d0
P h0 e0,25,9,0,,P h0^2 e0,,h0^2 d0^2,,
P h0^2 e0,25,10,0,,P h1^3 d0,,,,
P h1^3 d0,25,11,0,,,,,,
P^2 h1 c0,25,12,0,,,,,,
P^3 h1,25,13,0,,,P^3 h1^2,,,
h2^2 g,26,6,0,,,,,,
j,26,7,0,,h0 j,,h0 k,2,P h0 e0
h0 j,26,8,0,,P h1 e0,,h1 d0^2,2,P h0^2 e0
P h1 e0,26,9,0,,,,,2,P h1^3 d0
P^3 h1^2,26,14,0,,,P^3 h1^3,,,
P^3 h2,27,13,0,,P^3 h0 h2,,P^2 h0^2 d0,,
P^3 h0 h2,27,14,0,,P^3 h1^3,,,,
P^3 h1^3,27,15,0,,,,,,
d0^2,28,8,0,,h0 d0^2,h1 d0^2,h0^8 h5,,
d0^2 again,28,8,0,,,,h0 d0 e0 + h0^8 h5,,
h0 d0^2,28,9,0,,h0^2 d0^2,,h0^9 h5,,
h0 d0^2 again,28,9,0,,,,h0^2 d0 e0 + h0^9 h5,,
h0^2 d0^2,28,10,0,,,,,,
k,29,7,0,,h0 k,,h0 l,2,h0 d0^2
h0 k,29,8,0,,h1 d0^2,,h1 d0 e0,2,h0^2 d0^2
h1 d0^2,29,9,0,,,,,,
h4^2,30,2,0,,h0 h4^2,h1 h4^2,,,
h0 h4^2,30,3,0,,h0^2 h4^2,,,,
h0^2 h4^2,30,4,0,,h0^3 h4^2,,,,
h0^3 h4^2,30,5,0,,,,,,
r,30,6,0,,h0 r,,h1 q,3,h1 d0^2
h0 r,30,7,0,,h0^2 r,,,,
h0^2 r,30,8,0,,h0^3 r,,,,
h0^3 r,30,9,0,,h0^4 r,,,,
h0^4 r,30,10,0,,P c0 d0,,,,
P c0 d0,30,11,0,,,,,,
P^2 d0,30,12,0,,P^2 h0 d0,P^2 h1 d0,P^2 h0 e0,,
P^2 h0 d0,30,13,0,,P^2 h0^2 d0,,P^2 h0^2 e0,,
P^2 h0^2 d0,30,14,0,,,,P^2 h1^3 d0,,
h5,31,1,0,,h0 h5,h1 h5,h2 h5,2,h0 h4^2
h0 h5,31,2,0,,h0^2 h5,,h0 h2 h5,2,h0^2 h4^2
h1 h4^2,31,3,-1,,,,,,
h0^2 h5,31,3,1,,h0^3 h5,,h1^3 h5,2,h0^3 h4^2
h0^3 h5,31,4,0,,h0^4 h5,,,3,h0 r
h0^4 h5,31,5,-1,,h0^5 h5,,,3,h0^2 r
n,31,5,1,,,,h2 n,,
h0^5 h5,31,6,0,,h0^6 h5,,,3,h0^3 r
h0^6 h5,31,7,0,,h0^7 h5,,,3,h0^4 r
h0^7 h5,31,8,-1,,h0^8 h5,,,3,P c0 d0
d0 e0 + h0^7 h5,31,8,1,,h0 d0 e0 + h0^8 h5,h1 d0 e0,h0 e0^2,4,P^2 d0
h0^8 h5,31,9,-1,,h0^9 h5,,,,
h0 d0 e0 + h0^8 h5,31,9,1,,h0^2 d0 e0 + h0^9 h5,,h0^2 e0^2,4,P^2 h0 d0
h0^9 h5,31,10,-1,,h0^10 h5,,,,
h0^2 d0 e0 + h0^9 h5,31,10,1,,h0^10 h5,,,4,P^2 h0^2 d0
h0^10 h5,31,11,0,,h0^11 h5,,,,
h0^11 h5,31,12,0,,h0^12 h5,,,,
P^2 h1 d0,31,13,-1,,,P^2 h1^2 d0,,,
h0^12 h5,31,13,1,,h0^13 h5,,,,
h0^13 h5,31,14,0,,h0^14 h5,,,,
h0^14 h5,31,15,0,,h0^15 h5,,,,
h0^15 h5,31,16,0,,,,,,
h1 h5,32,2,0,,,h1^2 h5,,,
d1,32,4,0,,,h1 d1,h2 d1,,
q,32,6,0,,,h1 q,,,
l,32,7,0,,h0 l,,h0 m,2,h0 d0 e0 + h0^8 h5
l again,32,7,0,,,,,2,h0^8 h5
h0 l,32,8,0,,h1 d0 e0,,h1 e0^2,2,h0^2 d0 e0 + h0^9 h5
h0 l again,32,8,0,,,,,2,h0^9 h5
h1 d0 e0,32,9,0,,,,,4,P^2 h1 d0
P^2 h1^2 d0,32,14,0,,,P^2 h1^3 d0,,,
P^3 c0,32,15,0,,,P^3 h1 c0,,,
h1^2 h5,33,3,0,,,h1^3 h5,,,
p,33,4,0,,h1 d1,,,,
h1 d1,33,5,0,,,,,,
h1 q,33,7,0,,,,,,
P^2 e0,33,12,0,,P^2 h0 e0,P^2 h1 e0,P h0 d0^2,2,P^2 h1^2 d0
P^2 h0 e0,33,13,0,,P^2 h0^2 e0,,P h0^2 d0^2,,
P^2 h0^2 e0,33,14,0,,P^2 h1^3 d0,,,,
P^2 h1^3 d0,33,15,0,,,,,,
P^3 h1 c0,33,16,0,,,,,,
P^4 h1,33,17,0,,,P^4 h1^2,,,
h2 h5,34,2,0,,h0 h2 h5,,h2^2 h5,3,h1 d1
h0 h2 h5,34,3,0,,h1^3 h5,,,,
h1^3 h5,34,4,0,,,,,,
h2 n,34,6,0,,,,h1 T,,
e0^2,34,8,0,,h0 e0^2,h1 e0^2,h0 e0 g,,
h0 e0^2,34,9,0,,h0^2 e0^2,,h0^2 e0 g,,
h0^2 e0^2,34,10,0,,,,,,
P j,34,11,0,,P h0 j,,h0 d0 i,2,P^2 h0 e0
P h0 j,34,12,0,,P^2 h1 e0,,P h1 d0^2,2,P^2 h0^2 e0
P^2 h1 e0,34,13,0,,,,,2,P^2 h1^3 d0
P^4 h1^2,34,18,0,,,P^4 h1^3,,,
h2 d1,35,5,0,,,,h2^2 d1,,
m,35,7,0,,h0 m,,h2 m,2,h0 e0^2
h0 m,35,8,0,,h1 e0^2,,h1 e0 g,2,h0^2 e0^2
h1 e0^2,35,9,0,,,,,,
P^4 h2,35,17,0,,P^4 h0 h2,,P^3 h0^2 d0,,
P^4 h0 h2,35,18,0,,P^4 h1^3,,,,
P^4 h1^3,35,19,0,,,,,,
T,36,6,0,,,h1 T,c1 g,,
P d0^2,36,12,0,,P h0 d0^2,P h1 d0^2,P h0 d0 e0,,
P h0 d0^2,36,13,0,,P h0^2 d0^2,,P h0^2 d0 e0,,
P h0^2 d0^2,36,14,0,,,,,,
h2^2 h5,37,3,0,,,,h1^2 h3 h5,,
x,37,5,0,,h0 x,h2^2 d1,,,
h0 x,37,6,0,,h0^2 x,,,,
h1 T,37,7,-1,,,,,,
h0^2 x,37,7,1,,h0^3 x,,,,
h0^3 x,37,8,-1,,h0 e0 g,,,,
e0 g,37,8,1,,h0 e0 g,h1 e0 g,,4,P d0^2
h0 e0 g,37,9,0,,h0^2 e0 g,,,,
h0^2 e0 g,37,10,0,,,,,,
d0 i,37,11,0,,h0 d0 i,,h0 d0 j,2,P h0 d0^2
h0 d0 i,37,12,0,,P h1 d0^2,,P h1 d0 e0,2,P h0^2 d0^2
P h1 d0^2,37,13,0,,,,,,
h3 h5,38,2,0,,h0 h3 h5,h1 h3 h5,,4,h0 x
h0 h3 h5,38,3,0,,h0^2 h3 h5,,,4,h0^2 x
h0^2 h3 h5,38,4,-1,,h0^3 h3 h5,,,,
e1,38,4,1,,,h1 e1,h1 f1,3,h1 T
h0^3 h3 h5,38,5,0,,,,,,
h2^2 d1,38,6,-1,,,,,,
y,38,6,1,,h0 y,c1 g,,2,h0^3 x
h0 y,38,7,0,,h2 m,,,2,h0 e0 g
h2 m,38,8,0,,h1 e0 g,,,2,h0^2 e0 g
h1 e0 g,38,9,0,,,,,4,P h1 d0^2
P^3 d0,38,16,0,,P^3 h0 d0,P^3 h1 d0,P^3 h0 e0,,
P^3 h0 d0,38,17,0,,P^3 h0^2 d0,,P^3 h0^2 e0,,
P^3 h0^2 d0,38,18,0,,,,P^3 h1^3 d0,,
h1 h3 h5,39,3,0,,,h1^2 h3 h5,,,
h5 c0,39,4,0,,,h1 h5 c0,,,
h1 e1,39,5,0,,,h1^2 e1,,,
c1 g,39,7,0,,,,,,
u,39,9,0,,,h1 u,,,
P d0 e0,39,12,0,,P h0 d0 e0,P h1 d0 e0,h0 d0^3,4,P^3 d0
P h0 d0 e0,39,13,0,,P h0^2 d0 e0,,h0^2 d0^3,,
P h0^2 d0 e0,39,14,0,,,,,,
P^2 i,39,15,0,,P^2 h0 i,,P^2 h0 j,2,P^3 h0 d0
P^2 h0 i,39,16,0,,P^2 h0^2 i,,P^3 h1 e0,2,P^3 h0^2 d0
P^3 h1 d0,39,17,-1,,,P^3 h1^2 d0,,,
P^2 h0^2 i,39,17,1,,P^2 h0^3 i,,,,
P^2 h0^3 i,39,18,0,,P^2 h0^4 i,,,,
P^2 h0^4 i,39,19,0,,P^2 h0^5 i,,,,
P^2 h0^5 i,39,20,0,,,,,,
h1^2 h3 h5,40,4,-1,,,,,,
f1,40,4,1,,h0 f1,h1 f1,,,
h1 h5 c0,40,5,-1,,,,,,
h0 f1,40,5,1,,h1^2 e1,,,,
h1^2 e1,40,6,-1,,,,,,
P h1 h5,40,6,1,,,P h1^2 h5,,,
g^2,40,8,0,,,,,,
h1 u,40,10,0,,,h1^2 u,,,
d0 j,40,11,0,,h0 d0 j,,h0 d0 k,2,P h0 d0 e0
h0 d0 j,40,12,0,,P h1 d0 e0,,h1 d0^3,2,P h0^2 d0 e0
P h1 d0 e0,40,13,0,,,,,4,P^3 h1 d0
P^3 h1^2 d0,40,18,0,,,P^3 h1^3 d0,,,
P^4 c0,40,19,0,,,P^4 h1 c0,,,
c2,41,3,0,,h0 c2,,,2,h0 f1
h0 c2,41,4,0,,h1 f1,,,2,h1^2 e1
h1 f1,41,5,0,,,,,,
P h1^2 h5,41,7,0,,,P h1^3 h5,,,
z,41,10,0,,h1^2 u,,,,
h1^2 u,41,11,0,,,,,,
P^3 e0,41,16,0,,P^3 h0 e0,P^3 h1 e0,P^2 h0 d0^2,2,P^3 h1^2 d0
P^3 h0 e0,41,17,0,,P^3 h0^2 e0,,P^2 h0^2 d0^2,,
P^3 h0^2 e0,41,18,0,,P^3 h1^3 d0,,,,
P^3 h1^3 d0,41,19,0,,,,,,
P^4 h1 c0,41,20,0,,,,,,
P^5 h1,41,21,0,,,P^5 h1^2,,,
P h2 h5,42,6,0,,P h0 h2 h5,,h0^2 h5 d0,,
P h0 h2 h5,42,7,0,,P h1^3 h5,,,,
P h1^3 h5,42,8,0,,,,,,
v,42,9,0,,,,,2,h1^2 u
d0^3,42,12,0,,h0 d0^3,h1 d0^3,,,
h0 d0^3,42,13,0,,h0^2 d0^3,,,,
h0^2 d0^3,42,14,0,,,,,,
P^2 j,42,15,0,,P^2 h0 j,,P h0 d0 i,2,P^3 h0 e0
P^2 h0 j,42,16,0,,P^3 h1 e0,,P^2 h1 d0^2,2,P^3 h0^2 e0
P^3 h1 e0,42,17,0,,,,,2,P^3 h1^3 d0
P^5 h1^2,42,22,0,,,P^5 h1^3,,,
d0 k,43,11,0,,h0 d0 k,,,2,h0 d0^3
h0 d0 k,43,12,0,,h1 d0^3,,,2,h0^2 d0^3
h1 d0^3,43,13,0,,,,,,
P^5 h2,43,21,0,,P^5 h0 h2,,P^4 h0^2 d0,,
P^5 h0 h2,43,22,0,,P^5 h1^3,,,,
P^5 h1^3,43,23,0,,,,,,
g2,44,4,0,,h0 g2,h1 g2,h2 g2,,
h0 g2,44,5,0,,h0^2 g2,,h0 h2 g2,,
h0^2 g2,44,6,0,,,,,,
d0 r,44,10,0,,,,,3,h1 d0^3
P^2 d0^2,44,16,0,,P^2 h0 d0^2,P^2 h1 d0^2,P^2 h0 d0 e0,,
P^2 h0 d0^2,44,17,0,,P^2 h0^2 d0^2,,P^2 h0^2 d0 e0,,
P^2 h0^2 d0^2,44,18,0,,,,,,
h3^2 h5,45,3,0,,h0 h3^2 h5,,,,
h0 h3^2 h5,45,4,0,,,,,,
h5 d0,45,5,-1,,h0 h5 d0,h1 h5 d0,h0 h5 e0,,
h1 g2,45,5,1,,,,,,
h0 h5 d0,45,6,0,,h0^2 h5 d0,,h0^2 h5 e0,,
h0^2 h5 d0,45,7,0,,,,,,
D h1 g,45,9,0,,,,,,
d0^2 e0,45,12,0,,,,,4,P^2 d0^2
P d0 i,45,15,0,,P h0 d0 i,,P h0 d0 j,2,P^2 h0 d0^2
P h0 d0 i,45,16,0,,P^2 h1 d0^2,,P^2 h1 d0 e0,2,P^2 h0^2 d0^2
P^2 h1 d0^2,45,17,0,,,,,,
h1 h5 d0,46,6,0,,,h1^2 h5 d0,,,
B1,46,7,0,,,h1 B1,,,
N,46,8,0,,,,,,
d0 l,46,11,0,,,,,,
i^2,46,14,0,,h0 i^2,,P h1^2 u,3,P^2 h1 d0^2
h0 i^2,46,15,0,,h0^2 i^2,,,,
h0^2 i^2,46,16,0,,h0^3 i^2,,,,
h0^3 i^2,46,17,0,,h0^4 i^2,,,,
h0^4 i^2,46,18,0,,P^3 c0 d0,,,,
P^3 c0 d0,46,19,0,,,,,,
P^4 d0,46,20,0,,P^4 h0 d0,P^4 h1 d0,P^4 h0 e0,,
P^4 h0 d0,46,21,0,,P^4 h0^2 d0,,P^4 h0^2 e0,,
P^4 h0^2 d0,46,22,0,,,,P^4 h1^3 d0,,
h2 g2,47,5,0,,h0 h2 g2,,,,
h0 h2 g2,47,6,0,,,,,,
h1^2 h5 d0,47,7,0,,,,,,
P h5 c0,47,8,-1,,,P h1 h5 c0,,,
h1 B1,47,8,1,,,h1^2 B1,,,
e0 r,47,10,0,,,,,,
Q',47,13,-1,,h0 Q',,,2,h0 i^2
P u,47,13,1,,,P h1 u,,,
h0 Q',47,14,0,,h0^2 Q',,,2,h0^2 i^2
h0^2 Q',47,15,0,,h0^3 Q',,,2,h0^3 i^2
P^2 d0 e0,47,16,-1,,P^2 h0 d0 e0,P^2 h1 d0 e0,P h0 d0^3,4,P^4 d0
h0^3 Q',47,16,1,,h0^4 Q',,,2,h0^4 i^2
P^2 h0 d0 e0,47,17,-1,,P^2 h0^2 d0 e0,,P h0^2 d0^3,,
h0^4 Q',47,17,1,,h0^5 Q',,,2,P^3 c0 d0
P^2 h0^2 d0 e0,47,18,-1,,,,,,
h0^5 Q',47,18,1,,h0^6 Q',,,3,P^4 h0 d0
h0^6 Q',47,19,0,,h0^7 Q',,,3,P^4 h0^2 d0
h0^7 Q',47,20,0,,h0^8 Q',,,,
P^4 h1 d0,47,21,-1,,,P^4 h1^2 d0,,,
h0^8 Q',47,21,1,,h0^9 Q',,,,
h0^9 Q',47,22,0,,h0^10 Q',,,,
h0^10 Q',47,23,0,,h0^11 Q',,,,
h0^11 Q',47,24,0,,,,,,
h3 c2,48,4,0,,,,,2,h0 h2 g2
h5 e0,48,5,0,,h0 h5 e0,h1 h5 e0,h0 h3 g2,2,h1^2 h5 d0
h0 h5 e0,48,6,0,,h0^2 h5 e0,,h0^2 h3 g2,,
h0^2 h5 e0,48,7,-1,,,,,,
B2,48,7,1,,h0 B2,,h2 B2,,
h0 B2,48,8,0,,h1^2 B1,,,,
P h1 h5 c0,48,9,-1,,,,,,
h1^2 B1,48,9,1,,,,,,
d0 e0^2,48,12,0,,,,,,
P h1 u,48,14,0,,,P h1^2 u,,,
P d0 j,48,15,0,,P h0 d0 j,,h0 d0^2 i,2,P^2 h0 d0 e0
P h0 d0 j,48,16,0,,P^2 h1 d0 e0,,P h1 d0^3,2,P^2 h0^2 d0 e0
P^2 h1 d0 e0,48,17,0,,,,,4,P^4 h1 d0
P^4 h1^2 d0,48,22,0,,,P^4 h1^3 d0,,,
P^5 c0,48,23,0,,,P^5 h1 c0,,,
h5 f0,49,5,0,,h1 h5 e0,,h1 h3 g2,2,h0^2 h5 e0
h1 h5 e0,49,6,0,,,,,3,h1^2 B1
e0 l,49,11,0,,,,,3,P h1 u
I j,49,14,0,,P h1^2 u,,,,
P h1^2 u,49,15,0,,,,,,
P^4 e0,49,20,0,,P^4 h0 e0,P^4 h1 e0,P^3 h0 d0^2,2,P^4 h1^2 d0
P^4 h0 e0,49,21,0,,P^4 h0^2 e0,,P^3 h0^2 d0^2,,
P^4 h0^2 e0,49,22,0,,P^4 h1^3 d0,,,,
P^4 h1^3 d0,49,23,0,,,,,,
P^5 h1 c0,49,24,0,,,,,,
P^6 h1,49,25,0,,,P^6 h1^2,,,
h5 c1,50,4,0,,,,h2 h5 c1,,
C,50,6,0,,,,i1,,
g r,50,10,0,,,,,4,I j
P v,50,13,0,,,,,2,P h1^2 u
P d0^3,50,16,0,,P h0 d0^3,P h1 d0^3,P h0 d0^2 e0,,
P h0 d0^3,50,17,0,,P h0^2 d0^3,,P h0^2 d0^2 e0,,
P h0^2 d0^3,50,18,0,,,,,,
P^3 j,50,19,0,,P^3 h0 j,,P^2 h0 d0 i,2,P^4 h0 e0
P^3 h0 j,50,20,0,,P^4 h1 e0,,P^3 h1 d0^2,2,P^4 h0^2 e0
P^4 h1 e0,50,21,0,,,,,2,P^4 h1^3 d0
P^6 h1^2,50,26,0,,,P^6 h1^3,,,
h3 g2,51,5,0,,h0 h3 g2,h1 h3 g2,,,
h0 h3 g2,51,6,0,,h0^2 h3 g2,,,,
h0^2 h3 g2,51,7,0,,,,,,
h2 B2,51,8,0,,,,,,
g n,51,9,0,,,,,,
e0^3,51,12,0,,,,,4,P d0^3
d0^2 i,51,15,0,,h0 d0^2 i,,h0 d0^2 j,2,P h0 d0^3
h0 d0^2 i,51,16,0,,P h1 d0^3,,P h1 d0^2 e0,2,P h0^2 d0^3
P h1 d0^3,51,17,0,,,,,,
P^6 h2,51,25,0,,P^6 h0 h2,,P^5 h0^2 d0,,
P^6 h0 h2,51,26,0,,P^6 h1^3,,,,
P^6 h1^3,51,27,0,,,,,,
D1,52,5,0,,,,,2,h0^2 h3 g2
h1 h3 g2,52,6,0,,,,,,
d1 g,52,8,0,,,,,,
e0 m,52,11,0,,,,,,
i k,52,14,0,,,,,3,P h1 d0^3
P^3 d0^2,52,20,0,,P^3 h0 d0^2,P^3 h1 d0^2,P^3 h0 d0 e0,,
P^3 h0 d0^2,52,21,0,,P^3 h0^2 d0^2,,P^3 h0^2 d0 e0,,
P^3 h0^2 d0^2,52,22,0,,,,,,
h2 h5 c1,53,5,0,,,,,,
i1,53,7,0,,,,,,
B8,53,9,0,,,h1 B8,,,
x',53,10,0,,h0 x',h1 x',h2 x',,
h0 x',53,11,0,,h0^2 x',,h0 h2 x',,
h0^2 x',53,12,0,,h0^3 x',,h1^3 x',,
d0 u,53,13,-1,,,,,,
h0^3 x',53,13,1,,h0^4 x',,,,
h0^4 x',53,14,0,,h0^5 x',,,,
h0^5 x',53,15,0,,h0^6 x',,,,
h0^6 x',53,16,-1,,P h0 d0^2 e0,,,,
P d0^2 e0,53,16,1,,P h0 d0^2 e0,P h1 d0^2 e0,,4,P^3 d0^2
P h0 d0^2 e0,53,17,0,,P h0^2 d0^2 e0,,,,
P h0^2 d0^2 e0,53,18,0,,,,,,
P^2 d0 i,53,19,0,,P^2 h0 d0 i,,P^2 h0 d0 j,2,P^3 h0 d0^2
P^2 h0 d0 i,53,20,0,,P^3 h1 d0^2,,P^3 h1 d0 e0,2,P^3 h0^2 d0^2
P^3 h1 d0^2,53,21,0,,,,,,
G,54,6,0,,,h1 G,,3,B8
h5 i,54,8,0,,h0 h5 i,,h0 h5 j,3,h0 x'
h0 h5 i,54,9,0,,h1 B8,,P h1 h5 e0,,
h1 B8,54,10,-1,,,,,,
R1,54,10,1,,h0 R1,,h1 Q1,2,h0^2 x'
h0 R1,54,11,-1,,h0^2 R1,,,2,h0^3 x'
h1 x',54,11,1,,,h1^2 x',,,
h0^2 R1,54,12,-1,,h0^3 R1,,,2,h0^4 x'
e0^2 g,54,12,1,,,,,,
h0^3 R1,54,13,0,,h0^4 R1,,,2,h0^5 x'
h0^4 R1,54,14,0,,P u',,,2,h0^6 x'
P u',54,15,-1,,h0 d0^2 j,,,2,P h0 d0^2 e0
d0^2 j,54,15,1,,,,,,
h0 d0^2 j,54,16,0,,P h1 d0^2 e0,,,2,P h0^2 d0^2 e0
P h1 d0^2 e0,54,17,0,,,,,4,P^3 h1 d0^2
P^5 d0,54,24,0,,P^5 h0 d0,P^5 h1 d0,P^5 h0 e0,,
P^5 h0 d0,54,25,0,,P^5 h0^2 d0,,P^5 h0^2 e0,,
P^5 h0^2 d0,54,26,0,,,,P^5 h1^3 d0,,
h1 G,55,7,0,,,,,3,h1 B8
g m,55,11,0,,,,,4,d0^2 j
h1^2 x',55,12,0,,,h1^3 x',,,
I l,55,14,0,,,,,,
P^2 u,55,17,0,,,P^2 h1 u,,,
P^3 d0 e0,55,20,0,,P^3 h0 d0 e0,P^3 h1 d0 e0,P^2 h0 d0^3,4,P^5 d0
P^3 h0 d0 e0,55,21,0,,P^3 h0^2 d0 e0,,P^2 h0^2 d0^3,,
P^3 h0^2 d0 e0,55,22,0,,,,,,
P^4 i,55,23,0,,P^4 h0 i,,P^4 h0 j,2,P^5 h0 d0
P^4 h0 i,55,24,0,,P^4 h0^2 i,,P^5 h1 e0,2,P^5 h0^2 d0
P^5 h1 d0,55,25,-1,,,P^5 h1^2 d0,,,
P^4 h0^2 i,55,25,1,,P^4 h0^3 i,,,,
P^4 h0^3 i,55,26,0,,P^4 h0^4 i,,,,
P^4 h0^4 i,55,27,0,,P^4 h0^5 i,,,,
P^4 h0^5 i,55,28,0,,,,,,
P h5 e0,56,9,0,,,P h1 h5 e0,,5,I l
g T,56,10,-1,,,,,,
Q1,56,10,1,,h2 x',h1 Q1,h0 B21,2,h1^2 x'
h2 x',56,11,0,,h0 h2 x',,h0^2 B21,,
h0 h2 x',56,12,0,,h1^3 x',,,,
h1^3 x',56,13,-1,,,,,,
d0 v,56,13,1,,,,,4,P^2 u
d0^4,56,16,0,,,,,,
P^2 h1 u,56,18,0,,,P^2 h1^2 u,,,
P^2 d0 j,56,19,0,,P^2 h0 d0 j,,P h0 d0^2 i,2,P^3 h0 d0 e0
P^2 h0 d0 j,56,20,0,,P^3 h1 d0 e0,,P^2 h1 d0^3,2,P^3 h0^2 d0 e0
P^3 h1 d0 e0,56,21,0,,,,,4,P^5 h1 d0
P^5 h1^2 d0,56,26,0,,,P^5 h1^3 d0,,,
P^6 c0,56,27,0,,,P^6 h1 c0,,,
Q2,57,7,0,,h0 Q2,h1 Q2,h0 B3,3,g T
h5 j,57,8,-1,,h0 h5 j,,h0^2 B3,3,h2 x'
h0 Q2,57,8,1,,D11,,h0^2 B3,,
h0 h5 j,57,9,-1,,P h1 h5 e0,,,3,h0 h2 x'
D11,57,9,1,,,,,,
P h1 h5 e0,57,10,0,,,,,,
h1 Q1,57,11,0,,,,,2,h1^3 x'
e0 g^2,57,12,0,,,,,4,d0^4
d0^2 k,57,15,0,,,,,3,P^2 h1 u
P I j,57,18,0,,P^2 h1^2 u,,,,
P^2 h1^2 u,57,19,0,,,,,,
P^5 e0,57,24,0,,P^5 h0 e0,P^5 h1 e0,P^4 h0 d0^2,2,P^5 h1^2 d0
P^5 h0 e0,57,25,0,,P^5 h0^2 e0,,P^4 h0^2 d0^2,,
P^5 h0^2 e0,57,26,0,,P^5 h1^3 d0,,,,
P^5 h1^3 d0,57,27,0,,,,,,
P^6 h1 c0,57,28,0,,,,,,
P^7 h1,57,29,0,,,P^7 h1^2,,,
D2,58,6,0,,h0 D2,,B7,2,h0 Q2
D2 again,58,6,0,,,,h0(A+A'),,
h0 D2,58,7,0,,h1 Q2,,h1 B3,2,D11
h1 Q2,58,8,0,,,,,,
I m,58,14,0,,,,,4,P I j
P^2 v,58,17,0,,,,,2,P^2 h1^2 u
P^2 d0^3,58,20,0,,P^2 h0 d0^3,P^2 h1 d0^3,,,
P^2 h0 d0^3,58,21,0,,P^2 h0^2 d0^3,,,,
P^2 h0^2 d0^3,58,22,0,,,,,,
P^4 j,58,23,0,,P^4 h0 j,,P^3 h0 d0 i,2,P^5 h0 e0
P^4 h0 j,58,24,0,,P^5 h1 e0,,P^4 h1 d0^2,2,P^5 h0^2 e0
P^5 h1 e0,58,25,0,,,,,2,P^5 h1^3 d0
P^7 h1^2,58,30,0,,,P^7 h1^3,,,
B21,59,10,0,,h0 B21,h1 B21,h0 B22,,
h0 B21,59,11,0,,h0^2 B21,,h0^2 B22,,
h0^2 B21,59,12,0,,,,,,
e0 v,59,13,0,,,,,,
d0^3 e0,59,16,0,,,,,4,P^2 d0^3
P d0^2 i,59,19,0,,P h0 d0^2 i,,P h0 d0^2 j,2,P^2 h0 d0^3
P h0 d0^2 i,59,20,0,,P^2 h1 d0^3,,P^2 h1 d0^2 e0,2,P^2 h0^2 d0^3
P^2 h1 d0^3,59,21,0,,,,,,
P^7 h2,59,29,0,,P^7 h0 h2,,P^6 h0^2 d0,,
P^7 h0 h2,59,30,0,,P^7 h1^3,,,,
P^7 h1^3,59,31,0,,,,,,
B3,60,7,0,,h0 B3,h1 B3,h0 X2,,
h0 B3,60,8,0,,h0^2 B3,,h0^2 X2,,
h0^2 B3,60,9,-1,,,,,,
B4,60,9,1,,h0 B4,,h2 B4,2,h0 B21
h0 B4,60,10,0,,h0^2 B4,,h1 B22,2,h0^2 B21
h1 B21,60,11,-1,,,,,,
h0^2 B4,60,11,1,,h0^3 B4,,,,
g^3,60,12,-1,,,,,,
h0^3 B4,60,12,1,,h0^4 B4,,,,
h0^4 B4,60,13,0,,h0^5 B4,,,,
h0^5 B4,60,14,0,,,,,,
d0^2 l,60,15,0,,,,,,
d0 i^2,60,18,0,,,,,3,P^2 h1 d0^3
P^4 d0^2,60,24,0,,P^4 h0 d0^2,P^4 h1 d0^2,P^4 h0 d0 e0,,
P^4 h0 d0^2,60,25,0,,P^4 h0^2 d0^2,,P^4 h0^2 d0 e0,,
P^4 h0^2 d0^2,60,26,0,,,,,,
D3,61,4,0,,,h1 D3,h2 D3,3,B3
A',61,6,-1,,B7,,h2 A',5,h1 B21
A+A',61,6,1,,h0(A+A'),,h0 A'',2,h0 B3
B7,61,7,-1,,,,d1^2,,
h0(A+A'),61,7,1,,h1 B3,,h1 X2,2,h0^2 B3
h1 B3,61,8,0,,,,,,
X1,61,9,0,,h0 X1,h1 X1,,2,h0^2 B4
X1 again,61,9,0,,,,,2,h1 B21
h0 X1,61,10,0,,h0^2 X1,,,2,h0^3 B4
h0^2 X1,61,11,-1,,h0^3 X1,,,2,h0^4 B4
n r,61,11,1,,,,,,
h0^3 X1,61,12,0,,c0 x',,,2,h0^5 B4
c0 x',61,13,0,,,,,,
j m,61,14,0,,,,,,
P d0 u,61,17,0,,,,,,
P^2 d0^2 e0,61,20,0,,,P^2 h1 d0^2 e0,,4,P^4 d0^2
P^3 d0 i,61,23,0,,P^3 h0 d0 i,,P^3 h0 d0 j,2,P^4 h0 d0^2
P^3 h0 d0 i,61,24,0,,P^4 h1 d0^2,,P^4 h1 d0 e0,2,P^4 h0^2 d0^2
P^4 h1 d0^2,61,25,0,,,,,,
h5^2,62,2,0,,h0 h5^2,h1 h5^2,h2 h5^2,,
h0 h5^2,62,3,0,,h0^2 h5^2,,h0 h2 h5^2,,
h0^2 h5^2,62,4,0,,h0^3 h5^2,,h1^3 h5^2,,
h1 D3,62,5,-2,,,,,3,h1 B3
h0^3 h5^2,62,5,0,,h0^4 h5^2,,,,
H1,62,5,2,,,h1 H1,h2 H1,2,B7
h0^4 h5^2,62,6,-1,,h0^5 h5^2,,,,
h5 n,62,6,1,,,,k1,,
h0^5 h5^2,62,7,0,,h0^6 h5^2,,,,
h0^6 h5^2,62,8,-2,,h0^7 h5^2,,,,
E1,62,8,0,,,h1 E1,h1 h3 Q2,3,n r
E1+C0,62,8,2,,,h1 E1,h2 C0,,
h0^7 h5^2,62,9,0,,,,,,
h1 X1,62,10,-2,,,h1^2 X1,,4,j m
B22,62,10,0,,h0 B22,h1 B22,h2 B22,3,c0 x'
R,62,10,2,,h0 R,,,,
h0 B22,62,11,-1,,h0^2 B22,,h0 h2 B22,,
h0 R,62,11,1,,h0^2 R,,,,
h0^2 B22,62,12,-1,,,,,,
h0^2 R,62,12,1,,h0^3 R,,,,
D h1 e0 g,62,13,-1,,,,,4,P d0 u
h0^3 R,62,13,1,,h0^4 R,,,,
h0^4 R,62,14,0,,h0^5 R,,,,
h0^5 R,62,15,-1,,h0^6 R,,,,
P h1 x',62,15,1,,,P h1^2 x',,,
d0^2 e0^2,62,16,-1,,,,,,
h0^6 R,62,16,1,,h0^7 R,,,,
h0^7 R,62,17,0,,h0^8 R,,,,
h0^8 R,62,18,0,,P^2 u',,,,
P d0^2 j,62,19,-1,,,,,,
P^2 u',62,19,1,,P h0 d0^2 j,,,,
P h0 d0^2 j,62,20,0,,P^2 h1 d0^2 e0,,,,
P^2 h1 d0^2 e0,62,21,0,,,,,,
P^2 i^2,62,22,0,,P^2 h0 i^2,,P^3 h1^2 u,3,P^4 h1 d0^2
P^2 h0 i^2,62,23,0,,P^2 h0^2 i^2,,,,
P^2 h0^2 i^2,62,24,0,,P^2 h0^3 i^2,,,,
P^2 h0^3 i^2,62,25,0,,P^2 h0^4 i^2,,,,
P^2 h0^4 i^2,62,26,0,,P^5 c0 d0,,,,
P^5 c0 d0,62,27,0,,,,,,
P^6 d0,62,28,0,,P^6 h0 d0,P^6 h1 d0,P^6 h0 e0,,
P^6 h0 d0,62,29,0,,P^6 h0^2 d0,,P^6 h0^2 e0,,
P^6 h0^2 d0,62,30,0,,,,P^6 h1^3 d0,,
h6,63,1,0,,h0 h6,h1 h6,h2 h6,2,h0 h5^2
h0 h6,63,2,0,,h0^2 h6,,h0 h2 h6,2,h0^2 h5^2
h1 h5^2,63,3,-1,,,h1^2 h5^2,,,
h0^2 h6,63,3,1,,h0^3 h6,,h1^3 h6,2,h0^3 h5^2
h0^3 h6,63,4,0,,h0^4 h6,,,2,h0^4 h5^2
h0^4 h6,63,5,0,,h0^5 h6,,,2,h0^5 h5^2
h1 H1,63,6,-1,,,,,,
h0^5 h6,63,6,1,,h0^6 h6,,,2,h0^6 h5^2
h0^6 h6,63,7,-2,,h0^7 h6,,,2,h0^7 h5^2
C',63,7,0,,,d1^2,h2 C',4,h0 B22
X2,63,7,2,,h0 X2,h1 X2,,4,h0 B22
h0^7 h6,63,8,-1,,h0^8 h6,,,3,h0 R
h0^7 h6 again,63,8,-1,,,,,p 3,h0 B22
h0 X2,63,8,1,,h0^2 X2,,,,
h1 E1,63,9,-2,,,h1^2 E1,,,
h0^8 h6,63,9,0,,h0^9 h6,,,3,h0^2 R
h0^2 X2,63,9,2,,,,,,
h2 B4,63,10,-1,,h1 B22,,h1 B23,2,h0^2 B22
h0^9 h6,63,10,1,,h0^10 h6,,,3,h0^3 R
h1^2 X1,63,11,-2,,,,,5,d0^2 e0^2
h1 B22,63,11,0,,,,,4,P h1 x'
h0^10 h6,63,11,2,,h0^11 h6,,,3,h0^4 R
h0^11 h6,63,12,0,,h0^12 h6,,,3,h0^5 R
h0^12 h6,63,13,0,,h0^13 h6,,,3,h0^6 R
h0^13 h6,63,14,0,,h0^14 h6,,,3,h0^7 R
d0^2 m,63,15,-1,,,,,4,P d0^2 j
h0^14 h6,63,15,1,,h0^15 h6,,,3,h0^8 R
P h1^2 x',63,16,-1,,,P h1^3 x',,,
h0^15 h6,63,16,1,,h0^16 h6,,,3,P^2 u'
h0^16 h6,63,17,0,,h0^17 h6,,,3,P h0 d0^2 j
h0^17 h6,63,18,-1,,h0^18 h6,,,3,P^2 h1 d0^2 e0
d0 I j,63,18,1,,,,,,
h0^18 h6,63,19,0,,h0^19 h6,,,4,P^2 h0 i^2
h0^19 h6,63,20,0,,h0^20 h6,,,4,P^2 h0^2 i^2
h0^20 h6,63,21,-1,,h0^21 h6,,,4,P^2 h0^3 i^2
P^3 u,63,21,1,,,P^3 h1 u,,,
h0^21 h6,63,22,0,,h0^22 h6,,,4,P^2 h0^4 i^2
h0^22 h6,63,23,0,,h0^23 h6,,,5,P^6 d0
h0^23 h6,63,24,-1,,h0^24 h6,,,5,P^6 h0 d0
P^4 d0 e0,63,24,1,,P^4 h0 d0 e0,P^4 h1 d0 e0,P^3 h0 d0^3,3,P^5 c0 d0
h0^24 h6,63,25,-1,,h0^25 h6,,,5,P^6 h0^2 d0
P^4 h0 d0 e0,63,25,1,,P^4 h0^2 d0 e0,,P^3 h0^2 d0^3,,
h0^25 h6,63,26,-1,,h0^26 h6,,,,
P^4 h0^2 d0 e0,63,26,1,,,,,,
h0^26 h6,63,27,0,,h0^27 h6,,,,
h0^27 h6,63,28,0,,h0^28 h6,,,,
P^6 h1 d0,63,29,-1,,,P^6 h1^2 d0,,,
h0^28 h6,63,29,1,,h0^29 h6,,,,
h0^29 h6,63,30,0,,h0^30 h6,,,,
h0^30 h6,63,31,0,,h0^31 h6,,,,
h0^31 h6,63,32,0,,,,,,
h1 h6,64,2,0,,,h1^2 h6,,,
h1^2 h5^2,64,4,0,,,h1^3 h5^2,,,
h2 D3,64,5,0,,,,h0 n1,,
A'',64,6,0,,h0 A'',,h0^2 Q3,2,h0 X2
h2 A',64,7,-1,,d1^2,,h1 G0,,
h0 A'',64,7,1,,h1 X2,,,2,h0^2 X2
d1^2,64,8,-2,,,,,,
h3 Q2,64,8,0,,h0 h3 Q2,h1 h3 Q2,,,
h1 X2,64,8,2,,,,,,
h0 h3 Q2,64,9,0,,h1^2 E1,,,,
h1^2 E1,64,10,-1,,,,,,
q1,64,10,1,,,h1 q1,,,
k m,64,14,-1,,,,,4,d0 I j
U,64,14,1,,h0 U,h1 U,h0 d0 x',2,P h1^2 x'
h0 U,64,15,0,,h0^2 U,,h0^2 d0 x',,
h0^2 U,64,16,0,,P h1^3 x',,,,
P d0 v,64,17,-1,,,,,4,P^3 u
P h1^3 x',64,17,1,,,,,,
P d0^4,64,20,0,,,,,,
P^3 h1 u,64,22,0,,,P^3 h1^2 u,,,
P^3 d0 j,64,23,0,,P^3 h0 d0 j,,P^2 h0 d0^2 i,2,P^4 h0 d0 e0
P^3 h0 d0 j,64,24,0,,P^4 h1 d0 e0,,P^3 h1 d0^3,2,P^4 h0^2 d0 e0
P^4 h1 d0 e0,64,25,0,,,,,4,P^6 h1 d0
P^6 h1^2 d0,64,30,0,,,P^6 h1^3 d0,,,
P^7 c0,64,31,0,,,P^7 h1 c0,,,
h2 h5^2,65,3,-1,,h0 h2 h5^2,,,,
h1^2 h6,65,3,1,,,h1^3 h6,,,
h0 h2 h5^2,65,4,0,,h1^3 h5^2,,,,
h1^3 h5^2,65,5,0,,,,,,
h2 H1,65,6,0,,,,h2^2 H1,2,d1^2
k1,65,7,-1,,,,,,
h3 D2,65,7,1,,h0 h3 D2,,,2,h0 h3 Q2
h0 h3 D2,65,8,0,,h1 h3 Q2,,,2,h1^2 E1
h1 h3 Q2,65,9,-1,,,,,,
h2 C0,65,9,1,,,,h1 C'',,
B23,65,10,0,,h2 B22,h1 B23,h2 B23,,
h2 B22,65,11,-1,,h0 h2 B22,,h0 h2 B23,,
h1 q1,65,11,1,,,h1^2 q1,,,
h0 h2 B22,65,12,-1,,,,,,
P h5 j,65,12,1,,,,h0^5 G21,,
D h1 g^2,65,13,-1,,,,,,
R2,65,13,1,,h0 R2,,h0 G11,2,h0 U
h0 R2,65,14,0,,h1 U,,h1 d0 x',2,h0^2 U
h1 U,65,15,0,,,,,2,P h1^3 x'
d0 e0^3,65,16,0,,,,,4,P d0^4
d0^3 i,65,19,0,,,,,3,P^3 h1 u
P^2 I j,65,22,0,,P^3 h1^2 u,,,,
P^3 h1^2 u,65,23,0,,,,,,
P^6 e0,65,28,0,,P^6 h0 e0,P^6 h1 e0,P^5 h0 d0^2,2,P^6 h1^2 d0
P^6 h0 e0,65,29,0,,P^6 h0^2 e0,,P^5 h0^2 d0^2,,
P^6 h0^2 e0,65,30,0,,P^6 h1^3 d0,,,,
P^6 h1^3 d0,65,31,0,,,,,,
P^7 h1 c0,65,32,0,,,,,,
P^8 h1,65,33,0,,,P^8 h1^2,,,
h2 h6,66,2,0,,h0 h2 h6,,h2^2 h6,2,h0 h2 h5^2
h0 h2 h6,66,3,0,,h1^3 h6,,,2,h1^3 h5^2
h1^3 h6,66,4,0,,,,,,
r1,66,6,0,,h0 r1,,,,
h0 r1,66,7,-1,,,,,,
G0,66,7,1,,h2 C',h1 G0,h2 G0,2,h2 C0
h2 C',66,8,0,,,,h0 h2 G0,,
B5,66,10,-1,,h1 B23,,h2 B5,2,h0 h2 B22
B5 + D2',66,10,1,,h1 B23 + h0 D2',,h2 B5 + P h0 (A+A'),,
h1 B23,66,11,-1,,,,,,
h1 B23 + h0 D2',66,11,1,,h1^2 q1,,,,
h1^2 q1,66,12,-1,,,,,,
n m,66,12,1,,,,,,
d0 e0 m,66,15,0,,,,,,
d0 I k,66,18,0,,,,,4,P^2 I j
P^3 v,66,21,0,,,,,2,P^3 h1^2 u
P^3 d0^3,66,24,0,,P^3 h0 d0^3,P^3 h1 d0^3,P^3 h0 d0^2 e0,,
P^3 h0 d0^3,66,25,0,,P^3 h0^2 d0^3,,P^3 h0^2 d0^2 e0,,
P^3 h0^2 d0^3,66,26,0,,,,,,
P^5 j,66,27,0,,P^5 h0 j,,P^4 h0 d0 i,2,P^6 h0 e0
P^5 h0 j,66,28,0,,P^6 h1 e0,,P^5 h1 d0^2,2,P^6 h0^2 e0
P^6 h1 e0,66,29,0,,,,,2,P^6 h1^3 d0
P^8 h1^2,66,34,0,,,P^8 h1^3,,,
n1,67,5,-1,,h0 n1,,,2,h0 r1
Q3,67,5,1,,h0 Q3,h1 Q3,h2 Q3,2,h0 r1
h0 n1,67,6,-1,,,,,,
h0 Q3,67,6,1,,h0^2 Q3,,h0 h2 Q3,,
h0^2 Q3,67,7,0,,,,,,
h1 G0,67,8,0,,,,,,
X3,67,9,-1,,h0 X3,,,,
C'',67,9,1,,,h1 C'',h2 C'',3,n m
h0 X3,67,10,0,,h0^2 X3,,,,
h0^2 X3,67,11,-1,,h0^3 X3,,,,
C11,67,11,1,,,,h2 C11,,
h0^3 X3,67,12,0,,,,,,
l m,67,14,-1,,,,,,
d0 x',67,14,1,,h0 d0 x',h1 d0 x',M P h0 e0,,
h0 d0 x',67,15,0,,h0^2 d0 x',,M P h0^2 e0,,
h0^2 d0 x',67,16,0,,,,,,
d0^2 u,67,17,0,,,,,,
P d0^3 e0,67,20,0,,,,,4,P^3 d0^3
P^2 d0^2 i,67,23,0,,P^2 h0 d0^2 i,,P^2 h0 d0^2 j,2,P^3 h0 d0^3
P^2 h0 d0^2 i,67,24,0,,P^3 h1 d0^3,,P^3 h1 d0^2 e0,2,P^3 h0^2 d0^3
P^3 h1 d0^3,67,25,0,,,,,,
P^8 h2,67,33,0,,P^8 h0 h2,,P^7 h0^2 d0,,
P^8 h0 h2,67,34,0,,P^8 h1^3,,,,
P^8 h1^3,67,35,0,,,,,,
d2,68,4,0,,h0 d2,,h1 p1,3,h0^2 Q3
h0 d2,68,5,0,,,,,4,X3
h1 Q3,68,6,0,,,h1^2 Q3,,,
h2^2 H1,68,7,-1,,,,,7,d0 x'
h3(A+A'),68,7,1,,h3 B7,,,,
G21,68,8,-1,,h0 G21,h1 G21,D h2 g2,2,h0 X3
h3 B7,68,8,1,,,,,,
h0 G21,68,9,0,,h0^2 G21,,D h0 h2 g2,2,h0^2 X3
h1 C'',68,10,-1,,,,,,
h0^2 G21,68,10,1,,h0^3 G21,,,2,h0^3 X3
h2 B23,68,11,-1,,h0 h2 B23,,M h2^2 g,,
h0^3 G21,68,11,1,,h0^4 G21,,,3,l m
h0 h2 B23,68,12,-1,,,,,,
h0^4 G21,68,12,1,,h0^5 G21,,,5,d0^2 u
h0^5 G21,68,13,-1,,,,,,
G11,68,13,1,,h0 G11,,D^2 h0 h2 g,2,h0 d0 x'
G11 again,68,13,1,,,,M h0 j,,
h0 G11,68,14,0,,h1 d0 x',,D^2 h0^2 h2 g,2,h0^2 d0 x'
h0 G11 again,68,14,0,,,,M P h1 e0,,
h1 d0 x',68,15,0,,,,,,
e0^4,68,16,0,,,,,,
d0^3 j,68,19,0,,,,,,
P^2 I k,68,22,0,,,,,3,P^3 h1 d0^3
P^5 d0^2,68,28,0,,P^5 h0 d0^2,P^5 h1 d0^2,P^5 h0 d0 e0,,
P^5 h0 d0^2,68,29,0,,P^5 h0^2 d0^2,,P^5 h0^2 d0 e0,,
P^5 h0^2 d0^2,68,30,0,,,,,,
h2^2 h6,69,3,0,,,,h1^2 h3 h6,,
p',69,4,0,,h0 p',h1 p',,,
h0 p',69,5,0,,h0^2 p',,,,
h0^2 p',69,6,-1,,h1^2 Q3,,,,
h3 H1,69,6,1,,,h1 h3 H1,,2,h3 B7
h1^2 Q3,69,7,0,,,,,,
h2 G0,69,8,-1,,h0 h2 G0,,h2^2 G0,2,h1 C''
D3',69,8,1,p,h0 h2 G0,h1 D3',,3,h2 B23
h0 h2 G0,69,9,-1,,,,,,
h1 G21,69,9,1,,,h2 C'',,,
P(A+A'),69,10,0,,h2 B5,,h0 d0 D2,2,h0 h2 B23
P(A+A') again,69,10,0,,h2 B5 + P h0 (A+A'),,,,
h2 B5,69,11,-1,,,,d1 g^2,4,h1 d0 x'
h2 B5 + P h0 (A+A'),69,11,1,,,,,,
W1,69,13,0,,,h1 W1,,3,e0^4
e0^2 m,69,15,0,,,,,4,d0^3 j
d0^2 z,69,18,-1,,,,,,
P^2 x',69,18,1,,P^2 h0 x',M P^3 h1,M P^3 h2,,
P^2 h0 x',69,19,0,,P^2 h0^2 x',,M P^3 h0 h2,,
P^2 h0^2 x',69,20,0,,P^2 h0^3 x',,M P^3 h1^3,,
P^2 h0^3 x',69,21,-1,,P^2 h0^4 x',,,,
P^2 d0 u,69,21,1,,,,,,
P^2 h0^4 x',69,22,0,,P^2 h0^5 x',,,,
P^2 h0^5 x',69,23,0,,P^2 h0^6 x',,,,
P^2 h0^6 x',69,24,-1,,P^3 h0 d0^2 e0,,,,
P^3 d0^2 e0,69,24,1,,P^3 h0 d0^2 e0,P^3 h1 d0^2 e0,,4,P^5 d0^2
P^3 h0 d0^2 e0,69,25,0,,P^3 h0^2 d0^2 e0,,,,
P^3 h0^2 d0^2 e0,69,26,0,,,,,,
P^4 d0 i,69,27,0,,P^4 h0 d0 i,,P^4 h0 d0 j,2,P^5 h0 d0^2
P^4 h0 d0 i,69,28,0,,P^5 h1 d0^2,,P^5 h1 d0 e0,2,P^5 h0^2 d0^2
P^5 h1 d0^2,69,29,0,,,,,,
h3 h6,70,2,0,,h0 h3 h6,h1 h3 h6,,3,h0 p'
h0 h3 h6,70,3,0,,h0^2 h3 h6,,,3,h0^2 p'
h0^2 h3 h6,70,4,-1,,h0^3 h3 h6,,,3,h1^2 Q3
p1 again,70,4,1,,,,,5,h0 h2 G0
p1,70,4,1,,,h1 p1,,p 5,h1 G21
h1 p',70,5,-1,,,h1^2 p',,,
h0^3 h3 h6,70,5,1,,,,,,
h2 Q3,70,6,0,,h0 h2 Q3,,h2^2 Q3,,
h0 h2 Q3,70,7,-1,,,,,,
h1 h3 H1,70,7,1,,,,,,
d1 e1,70,8,0,,,,,,
h1 D3',70,9,0,,,,,,
h2 C'',70,10,0,,,,,,
h2 C11,70,12,0,,,,,,
h1 W1,70,14,-2,,,D^2 h0^2 h2 g,,4,d0^2 z
M P e0,70,14,0,,M P h0 e0,M P h1 e0,M h0 d0^2,4,P^2 x'
m^2,70,14,2,,,,,,
M P h0 e0,70,15,0,,M P h0^2 e0,,M h0^2 d0^2,,
M P h0^2 e0,70,16,0,,,,,,
d0^2 v,70,17,-1,,,,,4,P^2 d0 u
R1',70,17,1,,h0 R1',,P D^2 h0^2 e0,2,P^2 h0 x'
h0 R1',70,18,0,,h0^2 R1',,P D^2 h1^3 d0,2,P^2 h0^2 x'
h0^2 R1',70,19,-1,,h0^3 R1',,,2,P^2 h0^3 x'
M P^3 h1,70,19,1,,,M P^3 h1^2,,,
h0^3 R1',70,20,-1,,h0^4 R1',,,2,P^2 h0^4 x'
d0^5,70,20,1,,,,,,
h0^4 R1',70,21,0,,h0^5 R1',,,2,P^2 h0^5 x'
h0^5 R1',70,22,0,,P^3 u',,,2,P^2 h0^6 x'
P^3 u',70,23,-1,,P^2 h0 d0^2 j,,,2,P^3 h0 d0^2 e0
P^2 d0^2 j,70,23,1,,,,,,
P^2 h0 d0^2 j,70,24,0,,P^3 h1 d0^2 e0,,,2,P^3 h0^2 d0^2 e0
P^3 h1 d0^2 e0,70,25,0,,,,,4,P^5 h1 d0^2
P^7 d0,70,32,0,,P^7 h0 d0,P^7 h1 d0,P^7 h0 e0,,
P^7 h0 d0,70,33,0,,P^7 h0^2 d0,,P^7 h0^2 e0,,
P^7 h0^2 d0,70,34,0,,,,P^7 h1^3 d0,,
h1 h3 h6,71,3,0,,,h1^2 h3 h6,,,
h6 c0,71,4,0,,,h1 h6 c0,,,
h1 p1,71,5,0,,,,,p 5,h2 C''
h1^2 p',71,6,-1,,,,,,
"x71,6",71,6,1,,l1,,,2,d1 e1
l1,71,7,0,,,,,,
D h2 g2,71,9,0,,D h0 h2 g2,,,,
D h0 h2 g2,71,10,0,,,,,,
d0 Q2,71,11,0,,M h2^2 g,d1 g^2,"h0^4 x74,8",,
M h2^2 g,71,12,-1,,,,,,
D^2 h4 c0,71,12,1,,,D^2 h1 h4 c0,,,
D^2 h2 g,71,13,-2,,D^2 h0 h2 g,,D^2 h2^2 g,,
M j,71,13,0,,M h0 j,,h0 d0 B4,2,M P h0 e0
g^2 n,71,13,2,,,,,,
D^2 h0 h2 g,71,14,-1,,D^2 h0^2 h2 g,,,,
M h0 j,71,14,1,,M P h1 e0,,M h1 d0^2,2,M P h0^2 e0
D^2 h0^2 h2 g,71,15,-1,,,,,,
M P h1 e0,71,15,1,,,,,4,M P^3 h1
e0^3 g,71,16,0,,,,,4,d0^5
d0^3 k,71,19,0,,,,,4,P^2 d0^2 j
M P^3 h1^2,71,20,0,,,M P^3 h1^3,,,
P^2 i l,71,22,0,,,,,,
P^4 D h1 d0,71,25,0,,,P^4 D h1^2 d0,,,
P^5 d0 e0,71,28,0,,P^5 h0 d0 e0,P^5 h1 d0 e0,P^4 h0 d0^3,4,P^7 d0
P^5 h0 d0 e0,71,29,0,,P^5 h0^2 d0 e0,,P^4 h0^2 d0^3,,
P^5 h0^2 d0 e0,71,30,0,,,,,,
P^6 i,71,31,0,,P^6 h0 i,,P^6 h0 j,2,P^7 h0 d0
P^6 h0 i,71,32,0,,P^6 h0^2 i,,P^7 h1 e0,2,P^7 h0^2 d0
P^7 h1 d0,71,33,-1,,,P^7 h1^2 d0,,,
P^6 h0^2 i,71,33,1,,P^6 h0^3 i,,,,
P^6 h0^3 i,71,34,0,,P^6 h0^4 i,,,,
P^6 h0^4 i,71,35,0,,P^6 h0^5 i,,,,
P^6 h0^5 i,71,36,0,,,,,,
h1^2 h3 h6,72,4,0,,,,,,
h1 h6 c0,72,5,0,,,,,,
P h1 h6,72,6,0,,,P h1^2 h6,,,
h3^2 D2,72,8,-1,,h2^2 G0,,,2,D h0 h2 g2
h4 Q2,72,8,1,,,h1 h4 Q2,,,
h2^2 G0,72,9,0,,,,,4,g^2 n
d0 D2,72,10,0,,h0 d0 D2,,D h0^2 h3 g2,2,M h2^2 g
h0 d0 D2,72,11,0,,d1 g^2,,,,
d1 g^2,72,12,0,,,,,,
D^2 h1 h4 c0,72,13,0,,,,,,
e0 g m,72,15,0,,,,,,
d0 i m,72,18,-1,,,,,4,P^2 i l
P D^2 h1^2 d0,72,18,1,,M P^3 h2,P D^2 h1^3 d0,M P^2 h0 d0,2,M P^3 h1^2
M P^3 h2,72,19,0,,M P^3 h0 h2,,M P^2 h0^2 d0,,
M P^3 h0 h2,72,20,0,,M P^3 h1^3,,,,
M P^3 h1^3,72,21,-1,,,,,,
P^2 D h1 d0 e0,72,21,1,,,,,4,P^4 D h1 d0
P^2 d0^4,72,24,0,,,,,,
P^4 D h1^2 d0,72,26,0,,,P^4 D h1^3 d0,,,
P^4 d0 j,72,27,0,,P^4 h0 d0 j,,P^3 h0 d0^2 i,2,P^5 h0 d0 e0
P^4 h0 d0 j,72,28,0,,P^5 h1 d0 e0,,P^4 h1 d0^3,2,P^5 h0^2 d0 e0
P^5 h1 d0 e0,72,29,0,,,,,4,P^7 h1 d0
P^7 h1^2 d0,72,34,0,,,P^7 h1^3 d0,,,
P^8 c0,72,35,0,,,P^8 h1 c0,,,
h2^2 Q3,73,7,-2,,,,,,
h4 D2,73,7,0,,h0 h4 D2,,"h0^2 x76,6",5,d1 g^2
P h1^2 h6,73,7,2,,,P h1^3 h6,,,
h0 h4 D2,73,8,0,,h1 h4 Q2,,M h1 h4^2,,
h1 h4 Q2,73,9,0,,,,,,
M d0^2,73,14,0,,M h0 d0^2,M h1 d0^2,M h0 d0 e0,,
M h0 d0^2,73,15,0,,M h0^2 d0^2,,,,
M h0^2 d0^2,73,16,0,,,,,,
P D^2 h0 e0,73,17,-1,,P D^2 h0^2 e0,,M P h0 i,2,M P^3 h2
D h1 d0 e0^2,73,17,1,,,,,,
P D^2 h0^2 e0,73,18,0,,P D^2 h1^3 d0,,M P^2 h1 d0,2,M P^3 h0 h2
P D^2 h1^3 d0,73,19,0,,,,,2,M P^3 h1^3
d0^4 e0,73,20,0,,,,,4,P^2 d0^4
P^2 d0^2 k,73,23,0,,,,,3,P^4 D h1^2 d0
P^3 i j,73,26,0,,P^4 D h1^3 d0,,,,
P^4 D h1^3 d0,73,27,0,,,,,,
P^7 e0,73,32,0,,P^7 h0 e0,P^7 h1 e0,P^6 h0 d0^2,2,P^7 h1^2 d0
P^7 h0 e0,73,33,0,,P^7 h0^2 e0,,P^6 h0^2 d0^2,,
P^7 h0^2 e0,73,34,0,,P^7 h1^3 d0,,,,
P^7 h1^3 d0,73,35,0,,,,,,
P^8 h1 c0,73,36,0,,,,,,
P^9 h1,73,37,0,,,P^9 h1^2,,,
h3 n1,74,6,-1,,,,,,
P h2 h6,74,6,1,,P h0 h2 h6,,h0^2 h6 d0,3,h1 h4 Q2
P h0 h2 h6,74,7,0,,P h1^3 h6,,,,
P h1^3 h6,74,8,-1,,,,,,
"x74,8",74,8,1,,"h0 x74,8","h1 x74,8",h1 d1 g2,,
"h0 x74,8",74,9,0,,"h0^2 x74,8",,,,
"h0^2 x74,8",74,10,0,,"h0^3 x74,8",,,,
"h0^3 x74,8",74,11,0,,"h0^4 x74,8",,,,
"h0^4 x74,8",74,12,0,,,,,,
d0 B4,74,13,0,,h0 d0 B4,,h0 e0 B4,2,M h0 d0^2
D^2 h2^2 g,74,14,-1,,,,,,
h0 d0 B4,74,14,1,,M h1 d0^2,,M h1 d0 e0,2,M h0^2 d0^2
M h1 d0^2,74,15,0,,,,,,
e0^2 g^2,74,16,0,,,,,,
d0^3 l,74,19,0,,,,,,
P^2 i m,74,22,0,,,,,4,P^3 i j
P^4 D h1 e0,74,25,0,,,,,2,P^4 D h1^3 d0
P^4 d0^3,74,28,0,,P^4 h0 d0^3,P^4 h1 d0^3,,,
P^4 h0 d0^3,74,29,0,,P^4 h0^2 d0^3,,,,
P^4 h0^2 d0^3,74,30,0,,,,,,
P^6 j,74,31,0,,P^6 h0 j,,P^5 h0 d0 i,2,P^7 h0 e0
P^6 h0 j,74,32,0,,P^7 h1 e0,,P^6 h1 d0^2,2,P^7 h0^2 e0
P^7 h1 e0,74,33,0,,,,,2,P^7 h1^3 d0
P^9 h1^2,74,38,0,,,P^9 h1^3,,,
h3 d2,75,5,0,,h0 h3 d2,,,4,"h0 x74,8"
h0 h3 d2,75,6,0,,,,,,
"x75,7",75,7,0,,"h0 x75,7",d1 g2,,3,"h0^2 x74,8"
"h0 x75,7",75,8,-1,,"h1 x74,8",,,,
M h4^2,75,8,1,,,M h1 h4^2,,,
"h1 x74,8",75,9,-1,,,,,,
D h3 g2,75,9,1,,D h0 h3 g2,D h1 h3 g2,,2,"h0^3 x74,8"
D h0 h3 g2,75,10,0,,D h0^2 h3 g2,,,2,"h0^4 x74,8"
D h0^2 h3 g2,75,11,0,,,,,4,M h1 d0^2
g^2 m,75,15,0,,,,,4,d0^3 l
d0 j m,75,18,-1,,,,,,
M P^2 d0,75,18,1,,M P^2 h0 d0,M P^2 h1 d0,M P^2 h0 e0,,
M P^2 h0 d0,75,19,0,,M P^2 h0^2 d0,,M P^2 h0^2 e0,,
M P^2 h0^2 d0,75,20,0,,,,,,
P D h1 d0^3,75,21,0,,,,,,
P^2 d0^3 e0,75,24,0,,,,,4,P^4 d0^3
P^3 d0^2 i,75,27,0,,P^3 h0 d0^2 i,,,2,P^4 h0 d0^3
P^3 h0 d0^2 i,75,28,0,,P^4 h1 d0^3,,,2,P^4 h0^2 d0^3
P^4 h1 d0^3,75,29,0,,,,,,
P^9 h2,75,37,0,,P^9 h0 h2,,P^8 h0^2 d0,,
P^9 h0 h2,75,38,0,,P^9 h1^3,,,,
P^9 h1^3,75,39,0,,,,,,
h4 D3,76,5,0,,,h1 h4 D3,h0 x1,3,M h4^2
"x76,6",76,6,0,,"h0 x76,6","h1 x76,6","h2 x76,6",2,"h0 x75,7"
h3^2 H1,76,7,-1,,,,,2,"h1 x74,8"
"h0 x76,6",76,7,1,,"h0^2 x76,6",,"h0 h2 x76,6",2,"h1 x74,8"
"h0^2 x76,6",76,8,-1,,M h1 h4^2,,"h1^3 x76,6",,
d1 g2,76,8,1,,,h1 d1 g2,,,
M h1 h4^2,76,9,-1,,,,,,
"x76,9",76,9,1,,D h1 h3 g2,,"h1 x78,9",,
D h1 h3 g2,76,10,0,,,,,,
M d0 e0,76,14,-1,,M h0 d0 e0,M h1 d0 e0,M h0 e0^2,4,M P^2 d0
g^2 T,76,14,1,,,,,,
M h0 d0 e0,76,15,0,,,,,,
D^2 d0^2,76,16,0,,D^2 h0 d0^2,D^2 h1 d0^2,D^2 h0 d0 e0,2,d0 j m
D h1 e0^3,76,17,-2,,,,,4,P D h1 d0^3
M P i,76,17,0,,M P h0 i,,M P h0 j,2,M P^2 h0 d0
D^2 h0 d0^2,76,17,2,,D^2 h0^2 d0^2,,D^2 h0^2 d0 e0,,
M P h0 i,76,18,-1,,M P^2 h1 d0,,M P^2 h1 e0,2,M P^2 h0^2 d0
D^2 h0^2 d0^2,76,18,1,,M P h0^2 i,,D^2 h1^3 d0^2,,
M P^2 h1 d0,76,19,-1,,,,,,
M P h0^2 i,76,19,1,,M P h0^3 i,,,,
d0^3 e0^2,76,20,-1,,,,,,
M P h0^3 i,76,20,1,,M P h0^4 i,,,,
M P h0^4 i,76,21,0,,M P h0^5 i,,,,
M P h0^5 i,76,22,0,,,,,,
P^2 d0^2 l,76,23,0,,,,,,
P^3 i k,76,26,0,,,,,3,P^4 h1 d0^3
P^6 d0^2,76,32,0,,P^6 h0 d0^2,P^6 h1 d0^2,P^6 h0 d0 e0,,
P^6 h0 d0^2,76,33,0,,P^6 h0^2 d0^2,,P^6 h0^2 d0 e0,,
P^6 h0^2 d0^2,76,34,0,,,,,,
h3^2 h6,77,3,0,,h0 h3^2 h6,,,,
h0 h3^2 h6,77,4,0,,,,,,
h6 d0,77,5,0,,h0 h6 d0,h1 h6 d0,h0 h6 e0,,
h1 h4 D3,77,6,-1,,,,,p 3,M h1 h4^2
h0 h6 d0,77,6,1,,h0^2 h6 d0,,h0^2 h6 e0,,
"h1 x76,6",77,7,-3,,,"h1^2 x76,6",,,
h0^2 h6 d0,77,7,-1,,,,h1^3 h6 d0,,
"x77,7",77,7,1,,"h0 x77,7",,,p 2,M h1 h4^2
m1,77,7,3,,h0 m1,h1 m1,,,
"h0 x77,7",77,8,-2,,"h0^2 x77,7",,,,
h0 m1,77,8,0,,h1 d1 g2,,,,
"x77,8",77,8,2,,,,"h2 x77,8",2,D h1 h3 g2
"h0^2 x77,7",77,9,-1,,"h0^3 x77,7",,,,
h1 d1 g2,77,9,1,,,,,,
"h0^3 x77,7",77,10,0,,"h0^4 x77,7",,,,
g Q2,77,11,-1,,,,,3,g^2 T
"h0^4 x77,7",77,11,1,,"h0^5 x77,7",,,,
"h0^5 x77,7",77,12,-1,,"h0^6 x77,7",,,,
M D h1 h3,77,12,1,,,M D h1^2 h3,,,
e0 B4,77,13,-1,,h0 e0 B4,,h0 g B4,2,M h0 d0 e0
"h0^6 x77,7",77,13,1,,"h0^7 x77,7",,,,
h0 e0 B4,77,14,-1,,M h1 d0 e0,,M h1 e0^2,3,D^2 h0 d0^2
"h0^7 x77,7",77,14,1,,,,,,
M h1 d0 e0,77,15,0,,,,,4,M P^2 h1 d0
D^2 h0 k,77,16,-1,,D M P h0^3,,D^2 h1 d0 e0,2,D^2 h0^2 d0^2
e0 g^3,77,16,1,,,,,,
D M P h0^3,77,17,-1,,D M P h0^4,,,2,M P h0^2 i
D^2 h1 d0^2,77,17,1,,,d0 k m,,3,d0^3 e0^2
D^2 h1 d0^2 again,77,17,1,,,D^2 h1^2 d0^2 + d0 k m,,,
D M P h0^4,77,18,0,,D M P h0^5,,,2,M P h0^3 i
D M P h0^5,77,19,-1,,D M P h0^6,,,2,M P h0^4 i
d0^3 m,77,19,1,,,,,4,P^2 d0^2 l
D M P h0^6,77,20,0,,M P^3 c0,,,2,M P h0^5 i
M P^3 c0,77,21,0,,,,,,
P^2 j m,77,22,0,,,,,,
P^3 D h1 d0^2,77,25,0,,,,,,
P^4 d0^2 e0,77,28,0,,,,,4,P^6 d0^2
P^5 d0 i,77,31,0,,P^5 h0 d0 i,,P^5 h0 d0 j,2,P^6 h0 d0^2
P^5 h0 d0 i,77,32,0,,P^6 h1 d0^2,,P^6 h1 d0 e0,2,P^6 h0^2 d0^2
P^6 h1 d0^2,77,33,0,,,,,,
h4 h6,78,2,0,,h0 h4 h6,h1 h4 h6,h2 h4 h6,2,h0 h3^2 h6
h0 h4 h6,78,3,0,,h0^2 h4 h6,,h0 h2 h4 h6,3,h0 h6 d0
h0^2 h4 h6,78,4,0,,h0^3 h4 h6,,h1^3 h4 h6,3,h0^2 h6 d0
h0^3 h4 h6,78,5,0,,h0^4 h4 h6,,,4,"h0^2 x77,7"
h1 h6 d0,78,6,-2,,,h1^2 h6 d0,,,
T1,78,6,0,,h0 T1,,h2 T1,2,h0 m1
h0^4 h4 h6,78,6,2,,h0^5 h4 h6,,,4,"h0^3 x77,7"
h0 T1,78,7,-1,,h1 m1,,,2,h1 d1 g2
h0^5 h4 h6,78,7,1,,h0^6 h4 h6,,,4,"h0^4 x77,7"
"h1^2 x76,6",78,8,-2,,,"h1^3 x76,6",,,
h1 m1,78,8,0,,,,,,
h0^6 h4 h6,78,8,2,,h0^7 h4 h6,,,,
h0^7 h4 h6,78,9,-1,,,,,,
"x78,9",78,9,1,,,"h1 x78,9","h0 h3 x74,8",,
"x78,10",78,10,-1,,"h0 x78,10",D B6,,2,"h0^5 x77,7"
e0 A',78,10,1,,,,g B7,,
"h0 x78,10",78,11,0,,"h0^2 x78,10",,,2,"h0^6 x77,7"
"h0^2 x78,10",78,12,0,,"h0^3 x78,10",,,2,"h0^7 x77,7"
M D h1^2 h3,78,13,-1,,,,,,
"h0^3 x78,10",78,13,1,,,,,3,e0 g^3
M P^2 e0,78,18,-2,,M P^2 h0 e0,M P^2 h1 e0,M P h0 d0^2,3,M P^3 c0
d0 k m,78,18,0,,,,,4,P^2 j m
D^2 h1^2 d0^2 + d0 k m,78,18,2,,,D^2 h1^3 d0^2,,,
M P^2 h0 e0,78,19,0,,M P^2 h0^2 e0,,M P h0^2 d0^2,,
M P^2 h0^2 e0,78,20,0,,,,,,
P D h1 d0^2 e0,78,21,0,,,,,4,P^3 D h1 d0^2
M P^4 h1,78,23,0,,,M P^4 h1^2,,,
P d0^5,78,24,0,,,,,,
P^3 d0^2 j,78,27,0,,,,,,
P^4 i^2,78,30,0,,P^4 h0 i^2,,P^5 D h1^3 d0,3,P^6 h1 d0^2
P^4 h0 i^2,78,31,0,,P^4 h0^2 i^2,,,,
P^4 h0^2 i^2,78,32,0,,P^4 h0^3 i^2,,,,
P^4 h0^3 i^2,78,33,0,,P^4 h0^4 i^2,,,,
P^4 h0^4 i^2,78,34,0,,P^7 c0 d0,,,,
P^7 c0 d0,78,35,0,,,,,,
P^8 d0,78,36,0,,P^8 h0 d0,P^8 h1 d0,P^8 h0 e0,,
P^8 h0 d0,78,37,0,,P^8 h0^2 d0,,P^8 h0^2 e0,,
P^8 h0^2 d0,78,38,0,,,,P^8 h1^3 d0,,
h1 h4 h6,79,3,0,,,h1^2 h4 h6,,,
x1,79,5,0,,h0 x1,h1 x1,h2 x1,3,h1 m1
h0 x1,79,6,0,,,,h0 h2 x1,,
"h2 x76,6",79,7,-1,,"h0 h2 x76,6",,h0^2 h4 Q3,,
h1^2 h6 d0,79,7,1,,,h1^3 h6 d0,,,
"h0 h2 x76,6",79,8,-1,,"h1^3 x76,6",,,,
P h6 c0,79,8,1,,,P h1 h6 c0,,,
"h1^3 x76,6",79,9,0,,,,,,
"h1 x78,9",79,10,0,,,,,,
D B6,79,11,0,,,,,,
D^2 n,79,13,0,,,,D^2 h2 n,,
M e0^2,79,14,0,,M h0 e0^2,M h1 e0^2,,,
M h0 e0^2,79,15,0,,,,,,
D^2 d0 e0,79,16,0,,D^2 h0 d0 e0,D^2 h1 d0 e0,D^2 h0 e0^2,2,D^2 h1^2 d0^2 + d0 k m
M P j,79,17,-2,,M P h0 j,,M h0 d0 i + D^2 h0^2 e0^2,2,M P^2 h0 e0
D^2 h0 d0 e0,79,17,0,,D^2 h0^2 d0 e0,,D^2 h0^2 e0^2,,
D h1 e0^2 g,79,17,2,,,,,,
M P h0 j,79,18,-1,,M P^2 h1 e0,,M P h1 d0^2,2,M P^2 h0^2 e0
D^2 h0^2 d0 e0,79,18,1,,D^2 h1^3 d0^2,,,,
M P^2 h1 e0,79,19,-1,,,,,4,M P^4 h1
D^2 h1^3 d0^2,79,19,1,,,,,,
d0^2 e0^3,79,20,0,,,,,4,P d0^5
P^2 d0^2 m,79,23,0,,,,,4,P^3 d0^2 j
M P^4 h1^2,79,24,0,,,M P^4 h1^3,,,
P^3 i l,79,26,0,,,,,,
P^4 D h0^2 i,79,29,-1,,P^4 D h0^3 i,,,2,P^4 h0 i^2
P^5 D h1 d0,79,29,1,,,P^5 D h1^2 d0,,,
P^4 D h0^3 i,79,30,0,,P^4 D h0^4 i,,,2,P^4 h0^2 i^2
P^4 D h0^4 i,79,31,0,,P^4 D h0^5 i,,,2,P^4 h0^3 i^2
P^4 D h0^5 i,79,32,-1,,P^4 h0^4 Q',,,2,P^4 h0^4 i^2
P^6 d0 e0,79,32,1,,P^6 h0 d0 e0,P^6 h1 d0 e0,P^5 h0 d0^3,4,P^8 d0
P^4 h0^4 Q',79,33,-1,,P^4 h0^5 Q',,,2,P^7 c0 d0
P^6 h0 d0 e0,79,33,1,,P^6 h0^2 d0 e0,,P^5 h0^2 d0^3,,
P^4 h0^5 Q',79,34,-1,,P^4 h0^6 Q',,,3,P^8 h0 d0
P^6 h0^2 d0 e0,79,34,1,,,,,,
P^4 h0^6 Q',79,35,0,,P^4 h0^7 Q',,,3,P^8 h0^2 d0
P^4 h0^7 Q',79,36,0,,P^4 h0^8 Q',,,,
P^4 h0^8 Q',79,37,-1,,P^4 h0^9 Q',,,,
P^8 h1 d0,79,37,1,,,P^8 h1^2 d0,,,
P^4 h0^9 Q',79,38,0,,P^4 h0^10 Q',,,,
P^4 h0^10 Q',79,39,0,,P^4 h0^11 Q',,,,
P^4 h0^11 Q',79,40,0,,,,,,
e2,80,4,-1,,h0 e2,,h2 e2,2,h0 x1
h1^2 h4 h6,80,4,1,,,h1^3 h4 h6,,,
h0 e2,80,5,-1,,h1 x1,,,4,"h1^3 x76,6"
h6 e0,80,5,1,,h0 h6 e0,h1 h6 e0,h0 h6 g,2,h1^2 h6 d0
h1 x1,80,6,-1,,,,,,
h0 h6 e0,80,6,1,,h0^2 h6 e0,,h0^2 h6 g,,
h0^2 h6 e0,80,7,0,,h1^3 h6 d0,,,,
h1^3 h6 d0,80,8,0,,,,,,
"h2 x77,8",80,9,-1,,,,h1 g H1,,
P h1 h6 c0,80,9,1,,,,,,
P^2 h1 h6,80,10,0,,,P^2 h1^2 h6,,,
D^2 d1,80,12,0,,,D^2 h1 d1,D^2 h2 d1,,
g B4,80,13,0,,h0 g B4,,,2,M h0 e0^2
h0 g B4,80,14,-1,,M h1 e0^2,,,3,D^2 h0 d0 e0
D^3 h1 h3,80,14,1,,,D^3 h1^2 h3,,3,D h1 e0^2 g
D^3 h1 h3 again,80,14,1,,,,,p 3,D^2 h0 d0 e0
M h1 e0^2,80,15,0,,,,,,
D^2 h0 l,80,16,-1,,D^2 h1 d0 e0,,M P h0 r,2,D^2 h0^2 d0 e0
D^2 h0 l again,80,16,-1,,,,D^2 h1 e0^2 + M P h0 r,,
g^4,80,16,1,,,,,,
D^2 h1 d0 e0,80,17,0,,,,,2,D^2 h1^3 d0^2
d0^2 e0 m,80,19,0,,,,,,
P^2 k m,80,22,-1,,,,,4,P^3 i l
P^2 D^2 h1^2 d0,80,22,1,,M P^4 h2,P^2 D^2 h1^3 d0,M P^3 h0 d0,2,M P^4 h1^2
M P^4 h2,80,23,0,,M P^4 h0 h2,,M P^3 h0^2 d0,,
M P^4 h0 h2,80,24,0,,M P^4 h1^3,,,,
M P^4 h1^3,80,25,-1,,,,,,
P^3 D h1 d0 e0,80,25,1,,,,,4,P^5 D h1 d0
P^3 d0^4,80,28,0,,,,,,
P^5 D h1^2 d0,80,30,0,,,P^5 D h1^3 d0,,,
P^5 d0 j,80,31,0,,P^5 h0 d0 j,,P^4 h0 d0^2 i,2,P^6 h0 d0 e0
P^5 h0 d0 j,80,32,0,,P^6 h1 d0 e0,,P^5 h1 d0^3,2,P^6 h0^2 d0 e0
P^6 h1 d0 e0,80,33,0,,,,,4,P^8 h1 d0
P^8 h1^2 d0,80,38,0,,,P^8 h1^3 d0,,,
P^9 c0,80,39,0,,,P^9 h1 c0,,,
h2 h4 h6,81,3,0,,h0 h2 h4 h6,,h2^2 h4 h6,,
h0 h2 h4 h6,81,4,0,,h1^3 h4 h6,,,,
h1^3 h4 h6,81,5,-1,,,,,,
h6 f0,81,5,1,,h1 h6 e0,,h1 h6 g,2,h0^2 h6 e0
h1 h6 e0,81,6,0,,,,,2,h1^3 h6 d0
h2 T1,81,7,0,,,,,,
c1 H1,81,8,0,,,,h2 c1 H1,,
"h3 x74,8",81,9,0,,"h0 h3 x74,8",,,,
"h0 h3 x74,8",81,10,-1,,,,,,
g A',81,10,1,,g B7,,,5,M h1 e0^2
P^2 h1^2 h6,81,11,-1,,,P^2 h1^3 h6,,,
g B7,81,11,1,,,,,,
D^2 p,81,12,0,,D^2 h1 d1,,,,
D^2 h1 d1,81,13,0,,,,,,
D^3 h1^2 h3,81,15,-1,,,,,4,d0^2 e0 m
g n r,81,15,1,,,,,,
M P d0^2,81,18,-1,,M P h0 d0^2,M P h1 d0^2,M P h0 d0 e0,,
e0^3 r,81,18,1,,,,,,
M P h0 d0^2,81,19,0,,M P h0^2 d0^2,,M P h0^2 d0 e0,,
M P h0^2 d0^2,81,20,0,,,,,,
P^2 D^2 h0 e0,81,21,-1,,P^2 D^2 h0^2 e0,,P D^2 h0^2 d0^2,2,M P^4 h2
D h1 d0^4,81,21,1,,,,,,
P^2 D^2 h0^2 e0,81,22,0,,P^2 D^2 h1^3 d0,,M P^3 h1 d0,2,M P^4 h0 h2
P^2 D^2 h1^3 d0,81,23,0,,,,,2,M P^4 h1^3
P d0^4 e0,81,24,0,,,,,4,P^3 d0^4
P^3 d0^2 k,81,27,0,,,,,3,P^5 D h1^2 d0
P^4 i j,81,30,0,,P^5 D h1^3 d0,,,,
P^5 D h1^3 d0,81,31,0,,,,,,
P^8 e0,81,36,0,,P^8 h0 e0,P^8 h1 e0,P^7 h0 d0^2,2,P^8 h1^2 d0
P^8 h0 e0,81,37,0,,P^8 h0^2 e0,,P^7 h0^2 d0^2,,
P^8 h0^2 e0,81,38,0,,P^8 h1^3 d0,,,,
P^8 h1^3 d0,81,39,0,,,,,,
P^9 h1 c0,81,40,0,,,,,,
P^10 h1,81,41,0,,,P^10 h1^2,,,
h6 c1,82,4,0,,,,h2 h6 c1,,
h2 x1,82,6,-1,,h0 h2 x1,,,,
h4 Q3,82,6,1,,h0 h4 Q3,h1 h4 Q3,h2 h4 Q3,3,"h3 x74,8"
h0 h2 x1,82,7,-1,,,,,,
h0 h4 Q3,82,7,1,,h0^2 h4 Q3,,h0 h2 h4 Q3,3,"h0 h3 x74,8"
h0^2 h4 Q3,82,8,-1,,,,,,
e1 g2,82,8,1,,,,,,
g H1,82,9,0,,,h1 g H1,,2,g B7
P^2 h2 h6,82,10,0,,P^2 h0 h2 h6,,P h0^2 h6 d0,,
P^2 h0 h2 h6,82,11,0,,P^2 h1^3 h6,,,,
P^2 h1^3 h6,82,12,-1,,,,,,
g C0,82,12,1,,,,,3,g n r
M e0 g,82,14,-1,,,,,4,M P d0^2
D^2 h2 n,82,14,1,,,,D^2 h1 T,,
D^2 e0^2,82,16,0,,D^2 h0 e0^2,M P h0 r,D^2 h0 e0 g,2,e0^3 r
D^2 e0^2 again,82,16,0,,,D^2 h1 e0^2 + M P h0 r,,,
M d0 i + D^2 h0 e0^2,82,17,-2,,M h0 d0 i + D^2 h0^2 e0^2,,M h0 d0 j + D^2 h0^2 e0 g,2,M P h0 d0^2
D^2 h0 e0^2,82,17,0,,D^2 h0^2 e0^2,,D^2 h0^2 e0 g,4,D h1 d0^4
D h1 e0 g^2 + D^2 h0 e0^2,82,17,2,,D^2 h0^2 e0^2,,D^2 h0^2 e0 g,,
M h0 d0 i + D^2 h0^2 e0^2,82,18,-1,,M P h1 d0^2,,M P h1 d0 e0,2,M P h0^2 d0^2
D^2 h0^2 e0^2,82,18,1,,,,,,
M P h1 d0^2,82,19,0,,,,,,
d0 e0^4,82,20,0,,,,,,
P^2 d0 e0 m,82,23,0,,,,,,
P^3 i m,82,26,0,,,,,4,P^4 i j
P^5 D h1 e0,82,29,0,,,,,2,P^5 D h1^3 d0
P^5 d0^3,82,32,0,,P^5 h0 d0^3,P^5 h1 d0^3,P^5 h0 d0^2 e0,,
P^5 h0 d0^3,82,33,0,,P^5 h0^2 d0^3,,P^5 h0^2 d0^2 e0,,
P^5 h0^2 d0^3,82,34,0,,,,,,
P^7 j,82,35,0,,P^7 h0 j,,P^6 h0 d0 i,2,P^8 h0 e0
P^7 h0 j,82,36,0,,P^8 h1 e0,,P^7 h1 d0^2,2,P^8 h0^2 e0
P^8 h1 e0,82,37,0,,,,,2,P^8 h1^3 d0
P^10 h1^2,82,42,0,,,P^10 h1^3,,,
h2 e2,83,5,-1,,,,h1^2 f2,2,h0 h2 x1
h6 g + h2 e2,83,5,1,,h0 h6 g,h1 h6 g,h2 h6 g + h1^2 f2,p 9,D^2 h2 n
h0 h6 g,83,6,0,,h0^2 h6 g,,h0 h2 h6 g,,
h1 h4 Q3,83,7,-1,,,h1^2 h4 Q3,,,
h0^2 h6 g,83,7,1,,,,,,
h1 g H1,83,10,0,,,,,,
g C',83,11,0,,,,,,
D^2 h2 d1,83,13,0,,,,B5 g,,
D^2 m,83,15,1,,D^2 h0 m,,D^2 h2 m,2,D h1 e0 g^2 + D^2 h0 e0^2
D^2 h0 m,83,16,-1,,M P h0 r,,D^2 h1 e0 g,2,D^2 h0^2 e0^2
D^2 h0 m again,83,16,-1,,,,M D h1^3 d0,,
D M P h2^2,83,16,1,,D^2 h1 e0^2 + M P h0 r,,M D h1^3 d0,3,M P h1 d0^2
M P h0 r,83,17,-1,,M P h0^2 r,,,,
D^2 h1 e0^2 + M P h0 r,83,17,1,,M P h0^2 r,,,3,d0 e0^4
M P h0^2 r,83,18,0,,M P h0^3 r,,,,
d0 e0^2 m,83,19,-1,,,,,4,P^2 d0 e0 m
M P h0^3 r,83,19,1,,M P h0^4 r,,,,
M P h0^4 r,83,20,0,,,,,,
M P^3 d0,83,22,-1,,M P^3 h0 d0,M P^3 h1 d0,M P^3 h0 e0,,
d0^2 i l,83,22,1,,,,,,
M P^3 h0 d0,83,23,0,,M P^3 h0^2 d0,,M P^3 h0^2 e0,,
M P^3 h0^2 d0,83,24,0,,,,,,
D P^2 h1 d0^3,83,25,0,,,,,,
P^3 d0^3 e0,83,28,0,,,,,4,P^5 d0^3
P^4 d0^2 i,83,31,0,,P^4 h0 d0^2 i,,P^4 h0 d0^2 j,2,P^5 h0 d0^3
P^4 h0 d0^2 i,83,32,0,,P^5 h1 d0^3,,P^5 h1 d0^2 e0,2,P^5 h0^2 d0^3
P^5 h1 d0^3,83,33,0,,,,,,
P^10 h2,83,41,0,,P^10 h0 h2,,P^9 h0^2 d0,,
P^10 h0 h2,83,42,0,,P^10 h1^3,,,,
P^10 h1^3,83,43,0,,,,,,
h2^2 h4 h6,84,4,-1,,,,,,
f2,84,4,1,,h0 f2,h1 f2,h1^2 c3,3,h1 h4 Q3
h0 f2,84,5,0,,h0^2 f2,,,,
h1 h6 g,84,6,-1,,,,,,
h0^2 f2,84,6,1,,h0^3 f2,,,,
h0^3 f2,84,7,0,,h1^2 h4 Q3,,,,
h1^2 h4 Q3,84,8,0,,,,,,
h2 c1 H1,84,9,0,,,,,,
"P x76,6",84,10,0,,,"P h1 x76,6",,,
D^2 T,84,14,0,,,D^2 h1 T,D^2 c1 g,,
D h0^2 B4,84,15,-1,,D h0^3 B4,,,2,D^2 h1 e0^2 + M P h0 r
M D h1 d0,84,15,1,,,M D h1^2 d0,,,
D h0^3 B4,84,16,0,,D h0^4 B4,,,2,M P h0^2 r
D h0^4 B4,84,17,0,,D h0^5 B4,,,2,M P h0^3 r
D h0^5 B4,84,18,-2,,D^2 c0 d0^2,,,2,M P h0^4 r
M P d0 e0,84,18,0,,M P h0 d0 e0,M P h1 d0 e0,M h0 d0^3,4,M P^3 d0
d0 m^2,84,18,2,,,,,,
D^2 c0 d0^2,84,19,-1,,M P h0^2 d0 e0,,,3,d0^2 i l
M P h0 d0 e0,84,19,1,,M P h0^2 d0 e0,,,,
M P h0^2 d0 e0,84,20,0,,,,,,
D h1 d0^3 e0,84,21,-1,,,,,4,D P^2 h1 d0^3
P D^2 h0 d0^2,84,21,1,,P D^2 h0^2 d0^2,,M P^2 h0 j,2,M P^3 h0 d0
P D^2 h0 d0^2 again,84,21,1,,,,P D^2 h0^2 d0 e0,,
P D^2 h0^2 d0^2,84,22,0,,M P^3 h1 d0,,M P^3 h1 e0,2,M P^3 h0^2 d0
P D^2 h0^2 d0^2 again,84,22,0,,,,P D^2 h1^3 d0^2,,
M P^3 h1 d0,84,23,0,,,,,,
d0^6,84,24,0,,,,,,
P^3 d0^2 l,84,27,0,,,,,,
P^4 i k,84,30,0,,,,,3,P^5 h1 d0^3
P^7 d0^2,84,36,0,,P^7 h0 d0^2,P^7 h1 d0^2,P^7 h0 d0 e0,,
P^7 h0 d0^2,84,37,0,,P^7 h0^2 d0^2,,P^7 h0^2 d0 e0,,
P^7 h0^2 d0^2,84,38,0,,,,,,
c3,85,3,0,,h0 c3,h1 c3,,2,h0 f2
h0 c3,85,4,0,,h0^2 c3,,,2,h0^2 f2
h2 h6 c1,85,5,-2,,,,,,
h1 f2,85,5,0,,,h1^2 f2,,,
h0^2 c3,85,5,2,,h0^3 c3,,,2,h0^3 f2
h0^3 c3,85,6,-1,,h2 h4 Q3,,,2,h1^2 h4 Q3
"x85,6",85,6,1,,,"h1 x85,6",,p 9,M D h1 d0
h2 h4 Q3,85,7,0,,h0 h2 h4 Q3,,,,
h0 h2 h4 Q3,85,8,0,,,,,,
P h6 d0,85,9,0,,P h0 h6 d0,P h1 h6 d0,P h0 h6 e0,,
P h0 h6 d0,85,10,0,,P h0^2 h6 d0,,P h0^2 h6 e0,,
"P h1 x76,6",85,11,-1,,,,,,
P h0^2 h6 d0,85,11,1,,,,P h1^3 h6 d0,,
D^2 x,85,13,0,,D^2 h0 x,B5 g,,,
D^2 h0 x,85,14,-1,,D^2 h0^2 x,,,,
M g^2,85,14,1,,,,,,
D^2 h1 T,85,15,-1,,,,,,
D^2 h0^2 x,85,15,1,,D^2 h0^3 x,,,,
D^2 e0 g,85,16,-2,,D^2 h0 e0 g,D^2 h1 e0 g,,2,d0 m^2
M D h1^2 d0,85,16,0,,,M D h1^3 d0,,,
D^2 h0^3 x,85,16,2,,D^2 h0 e0 g,,,,
M d0 j + D^2 h0 e0 g,85,17,-2,,M h0 d0 j + D^2 h0^2 e0 g,,M h0 d0 k,2,M P h0 d0 e0
D^2 h0 e0 g,85,17,0,,D^2 h0^2 e0 g,,,,
D h1 g^3,85,17,2,,,,,,
M h0 d0 j + D^2 h0^2 e0 g,85,18,-1,,M P h1 d0 e0,,M h1 d0^3,2,M P h0^2 d0 e0
D^2 h0^2 e0 g,85,18,1,,,,,,
M P h1 d0 e0,85,19,0,,,,,4,M P^3 h1 d0
e0^5,85,20,0,,,,,,
P D^2 h1 d0^2,85,21,0,,,P D^2 h1^2 d0^2,,3,d0^6
d0^4 k,85,23,0,,,,,4,P^3 d0^2 l
M P^5,85,26,-1,,M P^5 h0,M P^5 h1,M P^5 h2,,
P^3 j m,85,26,1,,,,,,
M P^5 h0,85,27,0,,M P^5 h0^2,,M P^5 h0 h2,,
M P^5 h0^2,85,28,0,,M P^5 h0^3,,M P^5 h1^3,,
P^4 D h1 d0^2,85,29,-1,,,,,,
M P^5 h0^3,85,29,1,,M P^5 h0^4,,,,
M P^5 h0^4,85,30,0,,M P^5 h0^5,,,,
M P^5 h0^5,85,31,0,,M P^5 h0^6,,,,
P^5 d0^2 e0,85,32,-1,,P^5 h0 d0^2 e0,P^5 h1 d0^2 e0,,4,P^7 d0^2
M P^5 h0^6,85,32,1,,P^5 h0 d0^2 e0,,,,
P^5 h0 d0^2 e0,85,33,0,,P^5 h0^2 d0^2 e0,,,,
P^5 h0^2 d0^2 e0,85,34,0,,,,,,
P^6 d0 i,85,35,0,,P^6 h0 d0 i,,P^6 h0 d0 j,2,P^7 h0 d0^2
P^6 h0 d0 i,85,36,0,,P^7 h1 d0^2,,P^7 h1 d0 e0,2,P^7 h0^2 d0^2
P^7 h1 d0^2,85,37,0,,,,,,
h1 c3,86,4,0,,,h1^2 c3,,4,h0 h2 h4 Q3
h4 h6 c0,86,5,0,,,h1 h4 h6 c0,,,
h1^2 f2,86,6,-1,,,,,,
h2 h6 g + h1^2 f2,86,6,1,,h0 h2 h6 g,,h2^2 h6 g,,
"h1 x85,6",86,7,-1,,,,,,
h0 h2 h6 g,86,7,1,,,,,,
h6 i,86,8,0,,h0 h6 i,,h0 h6 j,2,P h0 h6 d0
h0 h6 i,86,9,0,,h0^2 h6 i,,P h1 h6 e0,2,P h0^2 h6 d0
h0^2 h6 i,86,10,-1,,h0^3 h6 i,,,5,D^2 h0^2 x
P h1 h6 d0,86,10,1,,,P h1^2 h6 d0,,,
g G0,86,11,-1,,,,,5,M D h1^2 d0
h0^3 h6 i,86,11,1,,h0^4 h6 i,,,,
h0^4 h6 i,86,12,-1,,h0^5 h6 i,,,,
D^2 e1,86,12,1,,,D^2 h1 e1,D^2 h1 f1,3,D^2 h1 T
h0^5 h6 i,86,13,0,,,,,,
B5 g,86,14,-1,,,,,,
D^3 h3^2,86,14,1,,D^3 h0 h3^2,D^2 c1 g,,2,D^2 h0^3 x
D^3 h0 h3^2,86,15,0,,D^2 h2 m,,,2,D^2 h0 e0 g
D^2 h2 m,86,16,-2,,D^2 h1 e0 g,,,2,D^2 h0^2 e0 g
D^2 h2 m again,86,16,-2,,M D h1^3 d0,,,,
B4 j,86,16,0,,M D h1^3 d0,,,,
g n m,86,16,2,,,,,,
D^2 h1 e0 g,86,17,-1,,,,,3,e0^5
M D h1^3 d0,86,17,1,,,,,,
e0^3 m,86,19,0,,,,,,
M P^3 e0,86,22,-2,,M P^3 h0 e0,M P^3 h1 e0,M P^2 h0 d0^2,4,M P^5
P D^2 h1^2 d0^2,86,22,0,,,P D^2 h1^3 d0^2,,4,P^3 j m
D h2^2 d0^4 + P D^2 h1^2 d0^2,86,22,2,,,P D^2 h1^3 d0^2,,,
M P^3 h0 e0,86,23,0,,M P^3 h0^2 e0,,M P^2 h0^2 d0^2,,
M P^3 h0^2 e0,86,24,0,,,,,,
P^2 D h1 d0^2 e0,86,25,-1,,,,,4,P^4 D h1 d0^2
D^2 P^3 h0 d0,86,25,1,,D^2 P^3 h0^2 d0,,P^3 D^2 h0^2 e0,2,M P^5 h0
D^2 P^3 h0^2 d0,86,26,0,,h0 . D^2 P^3 h0^2 d0,,P^3 D^2 h1^3 d0,2,M P^5 h0^2
h0 . D^2 P^3 h0^2 d0,86,27,-1,,h0^2 . D^2 P^3 h0^2 d0,,,2,M P^5 h0^3
M P^5 h1,86,27,1,,,M P^5 h1^2,,,
h0^2 . D^2 P^3 h0^2 d0,86,28,-1,,h0^3 . D^2 P^3 h0^2 d0,,,2,M P^5 h0^4
P^2 d0^5,86,28,1,,,,,,
h0^3 . D^2 P^3 h0^2 d0,86,29,0,,h0^4 . D^2 P^3 h0^2 d0,,,2,M P^5 h0^5
h0^4 . D^2 P^3 h0^2 d0,86,30,0,,P^5 D c0 d0,,,2,M P^5 h0^6
P^5 D c0 d0,86,31,-1,,P^4 h0 d0^2 j,,,2,P^5 h0 d0^2 e0
P^4 d0^2 j,86,31,1,,,,,,
P^4 h0 d0^2 j,86,32,0,,P^5 h1 d0^2 e0,,,2,P^5 h0^2 d0^2 e0
P^5 h1 d0^2 e0,86,33,0,,,,,4,P^7 h1 d0^2
P^9 d0,86,40,0,,P^9 h0 d0,P^9 h1 d0,P^9 h0 e0,,
P^9 h0 d0,86,41,0,,P^9 h0^2 d0,,P^9 h0^2 e0,,
P^9 h0^2 d0,86,42,0,,,,P^9 h1^3 d0,,
h1^2 c3,87,5,0,,,,,,
h1 h4 h6 c0,87,6,0,,,,,,
"x87,7",87,7,0,,,"h1 x87,7",,p 9,B4 j
g Q3,87,9,0,,,,,,
D h1 H1,87,10,0,,,,,p 6,B4 j
P h1^2 h6 d0,87,11,0,,,P h1^3 h6 d0,,,
P^2 h6 c0,87,12,0,,,P^2 h1 h6 c0,,,
g C'',87,13,-1,,,,,3,g n m
D^2 h1 e1,87,13,1,,,D^2 h1^2 e1,,,
D^2 c1 g,87,15,-1,,,,,,
M D h1 e0,87,15,1,,,,,2,M D h1^3 d0
D^3 h1 d0,87,17,0,,,D^3 h1^2 d0,,2,e0^3 m
M d0^3,87,18,-1,,M h0 d0^3,M h1 d0^3,M h0 d0^2 e0,,
D h2^2 e0 g^2,87,18,1,,,,,,
M h0 d0^3,87,19,0,,,,,,
P D^2 d0 e0,87,20,0,,P D^2 h0 d0 e0,P D^2 h1 d0 e0,D^2 h0 d0^3,2,D h2^2 d0^4 + P D^2 h1^2 d0^2
M P^2 j,87,21,-2,,M P^2 h0 j,,M P h0 d0 i,2,M P^3 h0 e0
D h1 d0^2 e0^2,87,21,0,,,,,,
P D^2 h0 d0 e0,87,21,2,,P D^2 h0^2 d0 e0,,D^2 h0^2 d0^3,,
M P^2 h0 j,87,22,-1,,M P^3 h1 e0,,M P^2 h1 d0^2,2,M P^3 h0^2 e0
P D^2 h0^2 d0 e0,87,22,1,,P D^2 h1^3 d0^2,,,,
M P^3 h1 e0,87,23,-1,,,,,4,M P^5 h1
P D^2 h1^3 d0^2,87,23,1,,,,,,
d0^5 e0,87,24,0,,,,,4,P^2 d0^5
P d0^4 i,87,27,0,,,,,4,P^4 d0^2 j
M P^5 h1^2,87,28,0,,,M P^5 h1^3,,,
P^3 d0 i j,87,30,0,,,,,,
P^6 D h1 d0,87,33,0,,,P^6 D h1^2 d0,,,
P^7 d0 e0,87,36,0,,P^7 h0 d0 e0,P^7 h1 d0 e0,P^6 h0 d0^3,4,P^9 d0
P^7 h0 d0 e0,87,37,0,,P^7 h0^2 d0 e0,,P^6 h0^2 d0^3,,
P^7 h0^2 d0 e0,87,38,0,,,,,,
P^8 i,87,39,0,,P^8 h0 i,,P^8 h0 j,2,P^9 h0 d0
P^8 h0 i,87,40,0,,P^8 h0^2 i,,P^9 h1 e0,2,P^9 h0^2 d0
P^8 h0^2 i,87,41,-1,,P^8 h0^3 i,,,,
P^9 h1 d0,87,41,1,,,P^9 h1^2 d0,,,
P^8 h0^3 i,87,42,0,,P^8 h0^4 i,,,,
P^8 h0^4 i,87,43,0,,P^8 h0^5 i,,,,
P^8 h0^5 i,87,44,0,,,,,,
"h1 x87,7",88,8,-1,,,,,,
g2^2,88,8,1,,h0 g2^2,,,,
P h6 e0,88,9,-1,,P h0 h6 e0,P h1 h6 e0,h0 h6 d0^2,2,P h1^2 h6 d0
h0 g2^2,88,9,1,,,,,,
P h0 h6 e0,88,10,0,,P h0^2 h6 e0,,h0^2 h6 d0^2,,
P h0^2 h6 e0,88,11,0,,P h1^3 h6 d0,,,,
D g2 g,88,12,-2,,,,,6,M d0^3
D^2 f1,88,12,0,,D^2 h0 f1,D^2 h1 f1,,,
P h1^3 h6 d0,88,12,2,,,,,,
P^2 h1 h6 c0,88,13,-1,,,,,,
D^2 h0 f1,88,13,1,,D^2 h1^2 e1,,,,
D^2 h1^2 e1,88,14,-1,,,,,,
P^3 h1 h6,88,14,1,,,P^3 h1^2 h6,,,
t D^2 g^2,88,16,0,,,,,2,D h2^2 e0 g^2
M d0 k,88,17,0,,M h0 d0 k,,M h0 d0 l,2,M h0 d0^3
D^3 h1^2 d0,88,18,-1,,,D^3 h1^3 d0,,3,D h1 d0^2 e0^2
D^3 h1^2 d0 again,88,18,-1,,,,,p 3,P D^2 h0 d0 e0
M h0 d0 k,88,18,1,,M h1 d0^3,,M h1 d0^2 e0,3,P D^2 h0 d0 e0
M h1 d0^3,88,19,0,,,,,,
D^2 h0 d0 j,88,20,-1,,P D^2 h1 d0 e0,,D^2 h1 d0^3,2,P D^2 h0^2 d0 e0
e0^4 g,88,20,1,,,,,,
P D^2 h1 d0 e0,88,21,0,,,,,2,P D^2 h1^3 d0^2
d0^4 l,88,23,0,,,,,,
d0^3 i^2,88,26,-1,,,,,4,P^3 d0 i j
P^3 D^2 h1^2 d0,88,26,1,,M P^5 h2,P^3 D^2 h1^3 d0,M P^4 h0 d0,2,M P^5 h1^2
M P^5 h2,88,27,0,,M P^5 h0 h2,,M P^4 h0^2 d0,,
M P^5 h0 h2,88,28,0,,M P^5 h1^3,,,,
M P^5 h1^3,88,29,-1,,,,,,
P^4 D h1 d0 e0,88,29,1,,,,,4,P^6 D h1 d0
P^4 d0^4,88,32,0,,,,,,
P^6 D h1^2 d0,88,34,0,,,P^6 D h1^3 d0,,,
P^6 d0 j,88,35,0,,P^6 h0 d0 j,,P^5 h0 d0^2 i,2,P^7 h0 d0 e0
P^6 h0 d0 j,88,36,0,,P^7 h1 d0 e0,,P^6 h1 d0^3,2,P^7 h0^2 d0 e0
P^7 h1 d0 e0,88,37,0,,,,,4,P^9 h1 d0
P^9 h1^2 d0,88,42,0,,,P^9 h1^3 d0,,,
P^10 c0,88,43,0,,,P^10 h1 c0,,,
h2^2 h6 g,89,7,0,,,,,,
h6 j,89,8,0,,h0 h6 j,,h0 h6 k,2,P h0 h6 e0
h0 h6 j,89,9,0,,P h1 h6 e0,,h1 h6 d0^2,2,P h0^2 h6 e0
P h1 h6 e0,89,10,0,,,,,2,P h1^3 h6 d0
D^2 c2,89,11,0,,D^2 h0 c2,,,2,D^2 h0 f1
D^2 h0 c2,89,12,0,,D^2 h1 f1,,,2,D^2 h1^2 e1
D^2 h1 f1,89,13,0,,,,,,
P^3 h1^2 h6,89,15,0,,,P^3 h1^3 h6,,,
M D h2^2 d0,89,16,0,,,,,3,M h1 d0^3
D^3 h0^2 e0,89,18,0,,D^3 h1^3 d0,M h0 d0^2 e0,,2,e0^4 g
D^3 h1^3 d0,89,19,-1,,,,,4,d0^4 l
e0^2 g m + D^3 h1^3 d0,89,19,1,,,,,,
M P^2 d0^2,89,22,-1,,M P^2 h0 d0^2,M P^2 h1 d0^2,M P^2 h0 d0 e0,,
D h2^2 d0^3 e0,89,22,1,,,,,,
M P^2 h0 d0^2,89,23,0,,M P^2 h0^2 d0^2,,,,
M P^2 h0^2 d0^2,89,24,0,,,,,,
P^3 D^2 h0 e0,89,25,-1,,P^3 D^2 h0^2 e0,,M P^3 h0 i + P^2 D^2 h0^2 d0^2,2,M P^5 h2
P D h1 d0^4,89,25,1,,,,,,
P^3 D^2 h0^2 e0,89,26,0,,P^3 D^2 h1^3 d0,,M P^4 h1 d0,2,M P^5 h0 h2
P^3 D^2 h1^3 d0,89,27,0,,,,,2,M P^5 h1^3
P^2 d0^4 e0,89,28,0,,,,,4,P^4 d0^4
P^3 d0^3 i,89,31,0,,,,,3,P^6 D h1^2 d0
P^5 i j,89,34,0,,P^6 D h1^3 d0,,,,
P^6 D h1^3 d0,89,35,0,,,,,,
P^9 e0,89,40,0,,P^9 h0 e0,P^9 h1 e0,P^8 h0 d0^2,2,P^9 h1^2 d0
P^9 h0 e0,89,41,0,,P^9 h0^2 e0,,P^8 h0^2 d0^2,,
P^9 h0^2 e0,89,42,0,,P^9 h1^3 d0,,,,
P^9 h1^3 d0,89,43,0,,,,,,
P^10 h1 c0,89,44,0,,,,,,
P^11 h1,89,45,0,,,P^11 h1^2,,,
"x90,10",90,10,0,,"h0 x90,10",,,,
"h0 x90,10",90,11,0,,,,,,
M^2,90,12,0,,M^2 h0,M^2 h1,D D1 h0 e0,,
M^2 h0,90,13,0,,M^2 h0^2,,D D1 h0^2 e0,,
P^3 h2 h6,90,14,-1,,P^3 h0 h2 h6,,P^2 h0^2 h6 d0,,
M^2 h0^2,90,14,1,,M^2 h0^3,,M^2 h1^3,,
P^3 h0 h2 h6,90,15,-2,,P^3 h1^3 h6,,,,
M^2 h0^3,90,15,0,,M^2 h0^4,,,,
M D h1 g,90,15,2,,,,,,
P^3 h1^3 h6,90,16,-1,,,,,,
M^2 h0^4,90,16,1,,M^2 h0^5,,,,
D^3 h1 e0,90,17,-1,,,,,2,e0^2 g m + D^3 h1^3 d0
M^2 h0^5,90,17,1,,M^2 h0^6,,,,
M d0^2 e0,90,18,-2,,M h0 d0^2 e0,M h1 d0^2 e0,,4,M P^2 d0^2
M^2 h0^6,90,18,0,,M h0 d0^2 e0,,,,
g m^2,90,18,2,,,,,,
M h0 d0^2 e0,90,19,0,,,,,,
D^2 d0^3,90,20,0,,D^2 h0 d0^3,D^2 h1 d0^3,,2,D h2^2 d0^3 e0
M P d0 i,90,21,-2,,M P h0 d0 i,,M P h0 d0 j,2,M P^2 h0 d0^2
D h1 d0 e0^3,90,21,0,,,,,4,P D h1 d0^4
D^2 h0 d0^3,90,21,2,,D^2 h0^2 d0^3,,,,
M P h0 d0 i,90,22,-1,,M P^2 h1 d0^2,,M P^2 h1 d0 e0,2,M P^2 h0^2 d0^2
D^2 h0^2 d0^3,90,22,1,,,,,,
M P^2 h1 d0^2,90,23,0,,,,,,
d0^4 e0^2,90,24,0,,,,,,
P d0^4 j,90,27,0,,,,,,
P^4 i m,90,30,0,,,,,4,P^5 i j
P^6 D h1 e0,90,33,0,,,,,2,P^6 D h1^3 d0
P^6 d0^3,90,36,0,,P^6 h0 d0^3,P^6 h1 d0^3,,,
P^6 h0 d0^3,90,37,0,,P^6 h0^2 d0^3,,,,
P^6 h0^2 d0^3,90,38,0,,,,,,
P^8 j,90,39,0,,P^8 h0 j,,P^7 h0 d0 i,2,P^9 h0 e0
P^8 h0 j,90,40,0,,P^9 h1 e0,,P^8 h1 d0^2,2,P^9 h0^2 e0
P^9 h1 e0,90,41,0,,,,,2,P^9 h1^3 d0
P^11 h1^2,90,46,0,,,P^11 h1^3,,,
h4^2 D3,91,6,0,,,h1 h4^2 D3,,,
"x91,8",91,8,0,,"h0 x91,8","h1 x91,8",d1 H1,2,"x90,10"
"h0 x91,8",91,9,-1,,,,,2,"h0 x90,10"
h6 d0^2,91,9,1,,h0 h6 d0^2,h1 h6 d0^2,h0 h6 d0 e0,,
h0 h6 d0^2,91,10,0,,h0^2 h6 d0^2,,h0^2 h6 d0 e0,,
h0^2 h6 d0^2,91,11,-1,,,,,,
"x91,11",91,11,1,,"h0 x91,11","h1 x91,11","h2 x91,11",2,M^2 h0
D h2^2 A',91,12,-1,,,,,,
"h0 x91,11",91,12,1,,"h0^2 x91,11",,D D1 h1 e0,2,M^2 h0^2
"h0^2 x91,11",91,13,-1,,"h0^3 x91,11",,,2,M^2 h0^3
M^2 h1,91,13,1,,,M^2 h1^2,,,
"h0^3 x91,11",91,14,0,,"h0^4 x91,11",,,2,M^2 h0^4
"h0^4 x91,11",91,15,0,,"h0^5 x91,11",,,2,M^2 h0^5
"h0^5 x91,11",91,16,0,,M D c0 d0,,,2,M^2 h0^6
M D c0 d0,91,17,-2,,M h0 d0 l,,,2,M h0 d0^2 e0
M d0 l,91,17,0,,,,,,
g^3 n,91,17,2,,,,,,
M h0 d0 l,91,18,0,,M h1 d0^2 e0,,,3,D^2 h0 d0^3
M h1 d0^2 e0,91,19,0,,,,,4,M P^2 h1 d0^2
D^2 h0 d0 k,91,20,-1,,D^2 h1 d0^3,,,2,D^2 h0^2 d0^3
d0 e0 g^3,91,20,1,,,,,,
D^2 h1 d0^3,91,21,0,,,,,3,d0^4 e0^2
d0^4 m,91,23,0,,,,,4,P d0^4 j
M P^4 d0,91,26,-1,,M P^4 h0 d0,M P^4 h1 d0,M P^4 h0 e0,,
d0^3 i j,91,26,1,,,,,,
M P^4 h0 d0,91,27,0,,M P^4 h0^2 d0,,M P^4 h0^2 e0,,
M P^4 h0^2 d0,91,28,0,,,,,,
P^3 D h1 d0^3,91,29,0,,,,,,
P^4 d0^3 e0,91,32,0,,,,,4,P^6 d0^3
P^5 d0^2 i,91,35,0,,P^5 h0 d0^2 i,,P^5 h0 d0^2 j,2,P^6 h0 d0^3
P^5 h0 d0^2 i,91,36,0,,P^6 h1 d0^3,,P^6 h1 d0^2 e0,2,P^6 h0^2 d0^3
P^6 h1 d0^3,91,37,0,,,,,,
P^11 h2,91,45,0,,P^11 h0 h2,,P^10 h0^2 d0,,
P^11 h0 h2,91,46,0,,P^11 h1^3,,,,
P^11 h1^3,91,47,0,,,,,,
g3,92,4,0,,h0 g3,h1 g3,h2 g3,5,h6 d0^2
h0 g3,92,5,0,,h0^2 g3,,h0 h2 g3,,
h0^2 g3,92,6,0,,h0^3 g3,,,,
h1 h4^2 D3,92,7,-1,,,,,,
h0^3 g3,92,7,1,,h0^4 g3,,,,
h6 k,92,8,-1,,h0 h6 k,,h0 h6 l,2,h0 h6 d0^2
h0^4 g3,92,8,1,,h0^5 g3,,,,
h0 h6 k,92,9,-2,,h1 h6 d0^2,,h1 h6 d0 e0,2,h0^2 h6 d0^2
"h1 x91,8",92,9,0,,,"h1^2 x91,8",,,
h0^5 g3,92,9,2,,,,,,
h1 h6 d0^2,92,10,-1,,,,,,
"x92,10",92,10,1,,"h0 x92,10","h1 x92,10","x95,11",,
"h0 x92,10",92,11,-1,,"h1 x91,11",,,,
D h2^2 H1,92,11,1,,,,,,
"h1 x91,11",92,12,-1,,,,,,
D^2 g2,92,12,1,,D^2 h0 g2,D^2 h1 g2,D^2 h2 g2,p 5,M d0 l
D^2 h0 g2,92,13,0,,D^2 h0^2 g2,,D^2 h0 h2 g2,,
m Q2,92,14,-2,,,,,3,g^3 n
D^2 h0^2 g2,92,14,0,,,,,,
M^2 h1^2,92,14,2,,,M^2 h1^3,,,
M D h2^2 e0,92,16,0,,,,,,
D^3 h2^2 d0,92,18,0,,,,,2,d0 e0 g^3
M P D h1 d0,92,19,-1,,,M P D h1^2 d0,,,
e0 g^2 m,92,19,1,,,,,,
M P^2 d0 e0,92,22,-1,,M P^2 h0 d0 e0,M P^2 h1 d0 e0,M P h0 d0^3,4,M P^4 d0
D h2^2 d0^2 e0^2,92,22,1,,,,,,
M P^2 h0 d0 e0,92,23,0,,,,,,
P^2 D^2 d0^2,92,24,0,,P^2 D^2 h0 d0^2,P^2 D^2 h1 d0^2,P^2 D^2 h0 d0 e0,2,d0^3 i j
M P^3 i + P^2 D^2 h0 d0^2,92,25,-2,,M P^3 h0 i + P^2 D^2 h0^2 d0^2,,M P^3 h0 j + P^2 D^2 h0^2 d0 e0,2,M P^4 h0 d0
P D h1 d0^3 e0,92,25,0,,,,,4,P^3 D h1 d0^3
P^2 D^2 h0 d0^2,92,25,2,,P^2 D^2 h0^2 d0^2,,P^2 D^2 h0^2 d0 e0,,
M P^3 h0 i + P^2 D^2 h0^2 d0^2,92,26,-1,,M P^4 h1 d0,,M P^4 h1 e0 + P^2 D^2 h1^3 d0^2,2,M P^4 h0^2 d0
P^2 D^2 h0^2 d0^2,92,26,1,,M P^3 h0^2 i,,P^2 D^2 h1^3 d0^2,,
M P^4 h1 d0,92,27,-1,,,,,,
M P^3 h0^2 i,92,27,1,,M P^3 h0^3 i,,,,
P d0^6,92,28,-1,,,,,,
M P^3 h0^3 i,92,28,1,,M P^3 h0^4 i,,,,
M P^3 h0^4 i,92,29,0,,M P^3 h0^5 i,,,,
M P^3 h0^5 i,92,30,0,,,,,,
P^4 d0^2 l,92,31,0,,,,,,
P^5 i k,92,34,0,,,,,3,P^6 h1 d0^3
P^8 d0^2,92,40,0,,P^8 h0 d0^2,P^8 h1 d0^2,P^6 h0^4 Q',,
P^8 d0^2 again,92,40,0,,,,P^8 h0 d0 e0,,
P^8 h0 d0^2,92,41,0,,P^8 h0^2 d0^2,,P^6 h0^5 Q',,
P^8 h0 d0^2 again,92,41,0,,,,P^8 h0^2 d0 e0,,
P^8 h0^2 d0^2,92,42,0,,,,,,
h4^2 h6,93,3,0,,h0 h4^2 h6,h1 h4^2 h6,,4,h0^3 g3
h0 h4^2 h6,93,4,0,,h0^2 h4^2 h6,,,4,h0^4 g3
h0^2 h4^2 h6,93,5,-1,,h0^3 h4^2 h6,,,4,h0^5 g3
h1 g3,93,5,1,,,h1^2 g3,,6,"h0 x92,10"
h0^3 h4^2 h6,93,6,0,,,,,,
D h2^2 h6,93,7,0,,h0 . D h2^2 h6,,D h1^2 h3 h6,3,h1 h6 d0^2
h0 . D h2^2 h6,93,8,-1,,h0^2 . D h2^2 h6,,,5,D^2 h0 g2
"x93,8",93,8,1,,,d1 H1,"h2 x93,8",3,D h2^2 H1
h0^2 . D h2^2 h6,93,9,0,,h0^3 . D h2^2 h6,,,5,D^2 h0^2 g2
"h1^2 x91,8",93,10,-2,,,,,,
h0^3 . D h2^2 h6,93,10,0,,h0^4 . D h2^2 h6,,,,
D h3 H1,93,10,2,,,D h1 h3 H1,,2,"h1 x91,11"
h0^4 . D h2^2 h6,93,11,-1,,P h6 c0 d0,,,,
"h1 x92,10",93,11,1,,,D d1 e1,,,
D D1 e0,93,12,-1,,D D1 h0 e0,D D1 h1 e0,D D1 h0 g,2,M^2 h1^2
P h6 c0 d0,93,12,1,,,,,,
D^2 h1 g2,93,13,-3,,,,,,
P^2 h6 d0,93,13,-1,,P^2 h0 h6 d0,P^2 h1 h6 d0,P^2 h0 h6 e0,,
D D1 h0 e0,93,13,1,,D D1 h0^2 e0,,,,
T Q2,93,13,3,,,,D D1 h0^2 g,,
P^2 h0 h6 d0,93,14,-1,,P^2 h0^2 h6 d0,,P^2 h0^2 h6 e0,,
D D1 h0^2 e0,93,14,1,,M^2 h1^3,,,,
P^2 h0^2 h6 d0,93,15,-1,,,,,,
M^2 h1^3,93,15,1,,,,,,
D^3 h1 g,93,17,0,,,,,2,e0 g^2 m
M d0 e0^2,93,18,0,,,,,,
D^2 d0^2 e0,93,20,-1,,,,,2,D h2^2 d0^2 e0^2
M P D h1^2 d0,93,20,1,,,M P D h1^3 d0,,,
M P d0 j,93,21,-1,,M P h0 d0 j,,M h0 d0^2 i,2,M P^2 h0 d0 e0
D h1 e0^4,93,21,1,,,,,,
M P h0 d0 j,93,22,0,,M P^2 h1 d0 e0,,M P h1 d0^3,3,P^2 D^2 h0 d0^2
M P^2 h1 d0 e0,93,23,0,,,,,4,M P^4 h1 d0
P D^2 h0 d0 i,93,24,-1,,P D^2 h0^2 d0 i,,P^2 D^2 h1 d0 e0,2,P^2 D^2 h0^2 d0^2
d0^3 e0^3,93,24,1,,,,,,
P D^2 h0^2 d0 i,93,25,-1,,D M P^3 h0^4,,,2,M P^3 h0^2 i
P^2 D^2 h1 d0^2,93,25,1,,,P^2 D^2 h1^2 d0^2,,3,P d0^6
D M P^3 h0^4,93,26,0,,D M P^3 h0^5,,,2,M P^3 h0^3 i
d0^5 i,93,27,-1,,,,,4,P^4 d0^2 l
D M P^3 h0^5,93,27,1,,D M P^3 h0^6,,,2,M P^3 h0^4 i
D M P^3 h0^6,93,28,0,,M P^5 c0,,,2,M P^3 h0^5 i
M P^5 c0,93,29,0,,,,,,
P^4 j m,93,30,0,,,,,,
P^5 D h1 d0^2,93,33,0,,,,,,
P^6 d0^2 e0,93,36,0,,,P^6 h1 d0^2 e0,,4,P^8 d0^2
P^7 d0 i,93,39,0,,P^7 h0 d0 i,,P^7 h0 d0 j,2,P^8 h0 d0^2
P^7 h0 d0 i,93,40,0,,P^8 h1 d0^2,,P^8 h1 d0 e0,2,P^8 h0^2 d0^2
P^8 h1 d0^2,93,41,0,,,,,,
h1 h4^2 h6,94,4,0,,,,,,
h1^2 g3,94,6,-1,,,,,,
h6 n,94,6,1,,,,h2 h6 n,,
"x94,8",94,8,0,,"x94,9","h1 x94,8","h1 x96,8",p 2,"h1^2 x91,8"
"x94,8 again",94,8,0,,,,,p 3,"h1 x92,10"
h6 d0 e0,94,9,-2,,h0 h6 d0 e0,h1 h6 d0 e0,h0 h6 e0^2,3,P h6 c0 d0
d1 H1,94,9,0,,,,,,
"x94,9",94,9,2,,"x94,10",,,,
h0 h6 d0 e0,94,10,-2,,h0^2 h6 d0 e0,,h0^2 h6 e0^2,,
"x94,10",94,10,0,,,,,,
"y94,10",94,10,2,,,,,,
D h1 h3 H1,94,11,-1,,,,,,
h0^2 h6 d0 e0,94,11,1,,,,,,
"h2 x91,11",94,12,-1,,D D1 h1 e0,,D D1 h1 g,2,D D1 h0^2 e0
D d1 e1,94,12,1,,,,,,
D D1 h1 e0,94,13,0,,,,,2,M^2 h1^3
P^2 h1 h6 d0,94,14,0,,,P^2 h1^2 h6 d0,,,
D^2 M h1,94,15,0,,,D^2 M h1^2,,p 3,M d0 e0^2
D^3 h2 c1,94,16,0,,,,,,
M d0 m,94,17,0,,,,,3,M P D h1^2 d0
D^2 d0 l,94,19,0,,,,,2,D h1 e0^4
M P D h0^2 e0,94,20,-1,,M P D h1^3 d0,,,,
e0^2 g^3,94,20,1,,,,,,
M P D h1^3 d0,94,21,0,,,,,,
D^2 i^2,94,22,0,,D^2 h0 i^2,M P h0 d0^3,P D^3 h1^3 d0,2,d0^3 e0^3
D^2 h0 i^2,94,23,-1,,D^2 h0^2 i^2,,,,
d0^3 e0 m,94,23,1,,,,,,
D^2 h0^2 i^2,94,24,0,,D^2 h0^3 i^2,,,,
D^2 h0^3 i^2,94,25,0,,D^2 h0^4 i^2,,,,
M P^4 e0 + P^2 D^2 h1^2 d0^2,94,26,-3,,M P^4 h0 e0,M P^4 h1 e0 + P^2 D^2 h1^3 d0^2,M P^3 h0 d0^2,3,M P^5 c0
P^2 D^2 h1^2 d0^2,94,26,-1,,,P^2 D^2 h1^3 d0^2,,4,P^4 j m
d0^3 i k + P^2 D^2 h1^2 d0^2,94,26,1,,,P^2 D^2 h1^3 d0^2,,,
D^2 h0^4 i^2,94,26,3,,D^2 h0^5 i^2,,,,
M P^4 h0 e0,94,27,-1,,M P^4 h0^2 e0,,M P^3 h0^2 d0^2,,
D^2 h0^5 i^2,94,27,1,,h0 . D^2 h0^5 i^2,,,,
M P^4 h0^2 e0,94,28,-1,,,,,,
h0 . D^2 h0^5 i^2,94,28,1,,h0^2 . D^2 h0^5 i^2,,,,
P^3 D h1 d0^2 e0,94,29,-1,,,,,4,P^5 D h1 d0^2
h0^2 . D^2 h0^5 i^2,94,29,1,,h0^3 . D^2 h0^5 i^2,,,,
h0^3 . D^2 h0^5 i^2,94,30,0,,h0^4 . D^2 h0^5 i^2,,,,
h0^4 . D^2 h0^5 i^2,94,31,-1,,h0^5 . D^2 h0^5 i^2,,,,
M P^6 h1,94,31,1,,,M P^6 h1^2,,,
h0^5 . D^2 h0^5 i^2,94,32,-1,,h0^6 . D^2 h0^5 i^2,,,,
P^3 d0^5,94,32,1,,,,,,
h0^6 . D^2 h0^5 i^2,94,33,0,,h0^7 . D^2 h0^5 i^2,,,,
h0^7 . D^2 h0^5 i^2,94,34,0,,P^6 D c0 d0,,,,
P^6 D c0 d0,94,35,-1,,P^5 h0 d0^2 j,,,,
P^5 d0^2 j,94,35,1,,,,,,
P^5 h0 d0^2 j,94,36,0,,P^6 h1 d0^2 e0,,,,
P^6 h1 d0^2 e0,94,37,0,,,,,,
P^6 i^2,94,38,0,,P^6 h0 i^2,,P^7 D h1^3 d0,3,P^8 h1 d0^2
P^6 h0 i^2,94,39,0,,P^6 h0^2 i^2,,,,
P^6 h0^2 i^2,94,40,0,,P^6 h0^3 i^2,,,,
P^6 h0^3 i^2,94,41,0,,P^6 h0^4 i^2,,,,
P^6 h0^4 i^2,94,42,0,,P^9 c0 d0,,,,
P^9 c0 d0,94,43,0,,,,,,
P^10 d0,94,44,0,,P^10 h0 d0,P^10 h1 d0,P^10 h0 e0,,
P^10 h0 d0,94,45,0,,P^10 h0^2 d0,,P^10 h0^2 e0,,
P^10 h0^2 d0,94,46,0,,,,P^10 h1^3 d0,,
h2 g3,95,5,-1,,h0 h2 g3,,,,
h6 d1,95,5,1,,,h1 h6 d1,h2 h6 d1,,
h0 h2 g3,95,6,0,,,,,,
"x95,7",95,7,-1,,"x95,8",,"h2 x95,7",2,"x94,9"
"x95,7 again",95,7,-1,,,,,p 2,d1 H1
D h1 h3 h6,95,7,1,,,D h1^2 h3 h6,,,
h6 l,95,8,-1,,h0 h6 l,,h0 h6 m,2,h0 h6 d0 e0
"x95,8",95,8,1,,,,,2,"x94,10"
"h1 x94,8",95,9,-1,,,"h1^2 x94,8",,,
h0 h6 l,95,9,1,,h1 h6 d0 e0,,h1 h6 e0^2,2,h0^2 h6 d0 e0
h1 h6 d0 e0,95,10,-1,,,,,4,P^2 h1 h6 d0
"D x71,6",95,10,1,,e1 Q2,,H1 T,2,D d1 e1
"x95,11",95,11,-1,,,,"h2 x95,11",,
e1 Q2,95,11,1,,,,,,
D^2 h2 g2,95,13,0,,D^2 h0 h2 g2,,,,
D^2 h0 h2 g2,95,14,0,,,,,,
P^2 h1^2 h6 d0,95,15,0,,,,,,
D^2 M h1^2,95,16,-2,,,D^2 M h1^3,,p 4,M P D h0^2 e0
M D h2^2 g,95,16,0,,,,,4,M P D h0^2 e0
P^3 h6 c0,95,16,2,,,P^3 h1 h6 c0,,,
D^3 h2^2 e0,95,18,0,,,,,2,e0^2 g^3
M P D h1 e0,95,19,-1,,,,,2,M P D h1^3 d0
g^3 m,95,19,1,,,,,,
D^3 h0^2 i,95,21,-1,,D^3 h0^3 i,,,2,D^2 h0 i^2
P D^3 h1 d0,95,21,1,,,P D^3 h1^2 d0,,2,d0^3 e0 m
M P d0^3,95,22,-2,,M P h0 d0^3,M P h1 d0^3,,,
D^3 h0^3 i,95,22,0,,D^3 h0^4 i,,,2,D^2 h0^2 i^2
D h2^2 d0^2 e0 g,95,22,2,,,,,,
M P h0 d0^3,95,23,-1,,,,,,
D^3 h0^4 i,95,23,1,,D^3 h0^5 i,,,2,D^2 h0^3 i^2
P^2 D^2 d0 e0,95,24,-1,,P^2 D^2 h0 d0 e0,P^2 D^2 h1 d0 e0,P D^2 h0 d0^3,2,d0^3 i k + P^2 D^2 h1^2 d0^2
D^3 h0^5 i,95,24,1,,h0^4 . D^3 h0^2 i,,,2,D^2 h0^4 i^2
M P^3 j + P^2 D^2 h0 d0 e0,95,25,-3,,M P^3 h0 j + P^2 D^2 h0^2 d0 e0,,M P^2 h0 d0 i,2,M P^4 h0 e0
P^2 D^2 h0 d0 e0,95,25,-1,,P^2 D^2 h0^2 d0 e0,,P D^2 h0^2 d0^3,,
h0^4 . D^3 h0^2 i,95,25,1,,h0^5 . D^3 h0^2 i,,,2,D^2 h0^5 i^2
D h1 d0^5,95,25,3,,,,,,
M P^3 h0 j + P^2 D^2 h0^2 d0 e0,95,26,-2,,M P^4 h1 e0 + P^2 D^2 h1^3 d0^2,,M P^3 h1 d0^2,2,M P^4 h0^2 e0
P^2 D^2 h0^2 d0 e0,95,26,0,,P^2 D^2 h1^3 d0^2,,,,
h0^5 . D^3 h0^2 i,95,26,2,,h0^6 . D^3 h0^2 i,,,2,h0 . D^2 h0^5 i^2
M P^4 h1 e0 + P^2 D^2 h1^3 d0^2,95,27,-2,,,,,4,M P^6 h1
P^2 D^2 h1^3 d0^2,95,27,0,,,,,,
h0^6 . D^3 h0^2 i,95,27,2,,h0^7 . D^3 h0^2 i,,,2,h0^2 . D^2 h0^5 i^2
P d0^5 e0,95,28,-1,,,,,4,P^3 d0^5
h0^7 . D^3 h0^2 i,95,28,1,,h0^8 . D^3 h0^2 i,,,2,h0^3 . D^2 h0^5 i^2
h0^8 . D^3 h0^2 i,95,29,0,,h0^9 . D^3 h0^2 i,,,2,h0^4 . D^2 h0^5 i^2
h0^9 . D^3 h0^2 i,95,30,0,,h0^10 . D^3 h0^2 i,,,2,h0^5 . D^2 h0^5 i^2
P^4 d0^2 m,95,31,-1,,,,,4,P^5 d0^2 j
h0^10 . D^3 h0^2 i,95,31,1,,h0^11 . D^3 h0^2 i,,,2,h0^6 . D^2 h0^5 i^2
M P^6 h1^2,95,32,-1,,,M P^6 h1^3,,,
h0^11 . D^3 h0^2 i,95,32,1,,h0^12 . D^3 h0^2 i,,,2,h0^7 . D^2 h0^5 i^2
h0^12 . D^3 h0^2 i,95,33,0,,h0^13 . D^3 h0^2 i,,,2,P^6 D c0 d0
h0^13 . D^3 h0^2 i,95,34,-1,,h0^14 . D^3 h0^2 i,,,2,P^5 h0 d0^2 j
P^5 i l,95,34,1,,,,,,
h0^14 . D^3 h0^2 i,95,35,0,,h0^15 . D^3 h0^2 i,,,2,P^6 h1 d0^2 e0
h0^15 . D^3 h0^2 i,95,36,0,,P^6 D h0^2 i,,,3,P^6 h0 i^2
P^6 D h0^2 i,95,37,-1,,P^6 D h0^3 i,,,3,P^6 h0^2 i^2
P^7 D h1 d0,95,37,1,,,P^7 D h1^2 d0,,,
P^6 D h0^3 i,95,38,0,,P^6 D h0^4 i,,,3,P^6 h0^3 i^2
P^6 D h0^4 i,95,39,0,,P^6 D h0^5 i,,,3,P^6 h0^4 i^2
P^6 D h0^5 i,95,40,-1,,P^6 h0^4 Q',,,3,P^9 c0 d0
P^8 d0 e0,95,40,1,,P^8 h0 d0 e0,P^8 h1 d0 e0,P^7 h0 d0^3,4,P^10 d0
P^6 h0^4 Q',95,41,-1,,P^6 h0^5 Q',,,,
P^8 h0 d0 e0,95,41,1,,P^8 h0^2 d0 e0,,P^7 h0^2 d0^3,4,P^10 h0 d0
P^6 h0^5 Q',95,42,-1,,P^6 h0^6 Q',,,,
P^8 h0^2 d0 e0,95,42,1,,P^6 h0^6 Q',,,4,P^10 h0^2 d0
P^6 h0^6 Q',95,43,0,,P^6 h0^7 Q',,,,
P^6 h0^7 Q',95,44,0,,P^6 h0^8 Q',,,,
P^10 h1 d0,95,45,-1,,,P^10 h1^2 d0,,,
P^6 h0^8 Q',95,45,1,,P^6 h0^9 Q',,,,
P^6 h0^9 Q',95,46,0,,P^6 h0^10 Q',,,,
P^6 h0^10 Q',95,47,0,,P^6 h0^11 Q',,,,
P^6 h0^11 Q',95,48,0,,,,,,
h6 p,96,5,0,,h1 h6 d1,,,,
h1 h6 d1,96,6,0,,,,,,
D h1^2 h3 h6,96,8,-1,,,,,,
"x96,8",96,8,1,,"h0 x96,8","h1 x96,8",D1 h2 g2,,
"h2 x93,8",96,9,-1,,,,"h2^2 x93,8",,
"h0 x96,8",96,9,1,,"h1^2 x94,8",,"h0 y99,9",,
"h1^2 x94,8",96,10,0,,,,,,
D^2 h3 c2,96,12,-1,,,,,,
D D1 g,96,12,1,,D D1 h0 g,D D1 h1 g,D D1 h2 g,,
"g x76,9",96,13,-2,,,,,,
P^2 h6 e0,96,13,0,,P^2 h0 h6 e0,P^2 h1 h6 e0,P h0 h6 d0^2,,
D D1 h0 g,96,13,2,,D D1 h0^2 g,,D D1 h0 h2 g,,
P^2 h0 h6 e0,96,14,-1,,P^2 h0^2 h6 e0,,P h0^2 h6 d0^2,,
D D1 h0^2 g,96,14,1,,,,,,
P^2 h0^2 h6 e0,96,15,-1,,,,,,
D^2 M h2,96,15,1,,D^2 M h0 h2,,D^2 M h2^2,,
D^2 M h0 h2,96,16,0,,D^2 M h1^3,,,,
P^3 h1 h6 c0,96,17,-1,,,,,,
D^2 M h1^3,96,17,1,,,,,,
M e0^3,96,18,-1,,,,,,
g^3 T,96,18,1,,,,,,
D^2 d0 e0^2,96,20,0,,,,,,
M d0^2 i,96,21,-1,,M h0 d0^2 i,,,,
D h1 e0^3 g,96,21,1,,,,,,
M h0 d0^2 i,96,22,-1,,M P h1 d0^3,,,,
P D^3 h1^2 d0,96,22,1,,,P D^3 h1^3 d0,,,
M P h1 d0^3,96,23,0,,,,,,
d0^2 e0^4,96,24,-1,,,,,,
P D^2 h0 d0 j,96,24,1,,P^2 D^2 h1 d0 e0,,P D^2 h1 d0^3,,
P^2 D^2 h1 d0 e0,96,25,0,,,,,,
d0^5 j,96,27,0,,,,,,
P^3 d0 i m,96,30,-1,,,,,,
P^4 D^2 h1^2 d0,96,30,1,,M P^6 h2,P^4 D^2 h1^3 d0,M P^5 h0 d0,,
M P^6 h2,96,31,0,,M P^6 h0 h2,,M P^5 h0^2 d0,,
M P^6 h0 h2,96,32,0,,M P^6 h1^3,,,,
M P^6 h1^3,96,33,-1,,,,,,
P^5 D h1 d0 e0,96,33,1,,,,,,
P^5 d0^4,96,36,0,,,,,,
P^7 D h1^2 d0,96,38,0,,,P^7 D h1^3 d0,,,
P^7 d0 j,96,39,0,,P^7 h0 d0 j,,P^6 h0 d0^2 i,,
P^7 h0 d0 j,96,40,0,,P^8 h1 d0 e0,,P^7 h1 d0^3,,
P^8 h1 d0 e0,96,41,0,,,,,,
P^10 h1^2 d0,96,46,0,,,P^10 h1^3 d0,,,
P^11 c0,96,47,0,,,P^11 h1 c0,,,
"x97,7",97,7,-1,,"h0 x97,7",,D1 h3 c2,,
h2 h6 n,97,7,1,,,,h1 h6 T,,
"h0 x97,7",97,8,0,,"h1 x96,8",,,,
"h1 x96,8",97,9,-1,,,,,,
h6 e0^2,97,9,1,,h0 h6 e0^2,h1 h6 e0^2,h0 h6 e0 g,,
h0 h6 e0^2,97,10,-1,,h0^2 h6 e0^2,,h0^2 h6 e0 g,,
M D1,97,10,1,,M D1 h0,M D1 h1,M D1 h2,,
h0^2 h6 e0^2,97,11,-1,,,,,,
M D1 h0,97,11,1,,M D1 h0^2,,M D1 h0 h2,,
M D1 h0^2,97,12,-2,,M D1 h0^3,,M D1 h1^3,,
P h6 j,97,12,0,,P h0 h6 j,,h0 h6 d0 i,,
H1 m,97,12,2,,,,,,
D D1 h1 g,97,13,-2,,,,,,
M D1 h0^3,97,13,0,,M D1 h0^4,,,,
P h0 h6 j,97,13,2,,P^2 h1 h6 e0,,P h1 h6 d0^2,,
M D1 h0^4,97,14,-1,,M D1 h0^5,,,,
P^2 h1 h6 e0,97,14,1,,,,,,
M D1 h0^5,97,15,-1,,M D1 h0^6,,,,
g^2 Q2,97,15,1,,,,,,
M D1 h0^6,97,16,0,,,,,,
M e0 m,97,17,0,,,,,,
D^2 d0 m,97,19,0,,,,,,
M P D h2^2 d0,97,20,-1,,,,,,
e0 g^4,97,20,1,,,,,,
P D^3 h0^2 e0,97,22,0,,P D^3 h1^3 d0,,,,
P D^3 h1^3 d0,97,23,-1,,,,,,
d0^2 e0^2 m,97,23,1,,,,,,
d0^3 i l,97,26,-1,,,,,,
M P^3 d0^2,97,26,1,,M P^3 h0 d0^2,M P^3 h1 d0^2,M P^3 h0 d0 e0,,
M P^3 h0 d0^2,97,27,0,,M P^3 h0^2 d0^2,,M P^3 h0^2 d0 e0,,
M P^3 h0^2 d0^2,97,28,0,,,,,,
P^2 D h1 d0^4,97,29,-1,,,,,,
P^4 D^2 h0 e0,97,29,1,,P^4 D^2 h0^2 e0,,D^2 P^3 h0^2 d0^2,,
P^4 D^2 h0^2 e0,97,30,0,,P^4 D^2 h1^3 d0,,M P^5 h1 d0,,
P^4 D^2 h1^3 d0,97,31,0,,,,,,
P^3 d0^4 e0,97,32,0,,,,,,
P^4 d0^3 i,97,35,0,,,,,,
P^6 i j,97,38,0,,P^7 D h1^3 d0,,,,
P^7 D h1^3 d0,97,39,0,,,,,,
P^10 e0,97,44,0,,P^10 h0 e0,P^10 h1 e0,P^9 h0 d0^2,,
P^10 h0 e0,97,45,0,,P^10 h0^2 e0,,P^9 h0^2 d0^2,,
P^10 h0^2 e0,97,46,0,,P^10 h1^3 d0,,,,
P^10 h1^3 d0,97,47,0,,,,,,
P^11 h1 c0,97,48,0,,,,,,
P^12 h1,97,49,0,,,P^12 h1^2,,,
h2 h6 d1,98,6,0,,,,h2^2 h6 d1,,
"h2 x95,7",98,8,-1,,,,"h1^2 x99,7",,
h6 m,98,8,1,,h0 h6 m,,h2 h6 m,,
h0 h6 m,98,9,-1,,h1 h6 e0^2,,h1 h6 e0 g,,
"h3 x91,8",98,9,1,,"h0 h3 x91,8","h0 y99,9",,,
h1 h6 e0^2,98,10,-1,,,,,,
"h0 h3 x91,8",98,10,1,,,,,,
H1 T,98,11,-1,,,,,,
M D1 h1,98,11,1,,,M D1 h1^2,,,
"h3 x91,11",98,12,-1,,"h0 h3 x91,11","h1 h3 x91,11",,,
"h2 x95,11",98,12,1,,,,D h1 d1 g2,,
"h0 h3 x91,11",98,13,0,,"h0^2 h3 x91,11",,,,
"h0^2 h3 x91,11",98,14,-2,,M^2 c0,,,,
e0 g A',98,14,0,,,,,,
D^2 C,98,14,2,,,,D^2 i1,,
M^2 c0,98,15,0,,,,,,
D^3 h2^2 g,98,18,0,,,,,,
M D h1 d0^2,98,19,0,,,,,,
P D^3 h1 e0,98,21,0,,,,,,
D h2^2 e0^4,98,22,-1,,,,,,
M P d0^2 e0,98,22,1,,,,,,
P D^2 d0^3,98,24,0,,P D^2 h0 d0^3,P D^2 h1 d0^3,P D^2 h0 d0^2 e0,,
M P^2 d0 i,98,25,-2,,M P^2 h0 d0 i,,M P^2 h0 d0 j,,
P D^2 h0 d0^3,98,25,0,,P D^2 h0^2 d0^3,,P D^2 h0^2 d0^2 e0,,
D h1 d0^4 e0,98,25,2,,,,,,
M P^2 h0 d0 i,98,26,-1,,M P^3 h1 d0^2,,M P^3 h1 d0 e0,,
P D^2 h0^2 d0^3,98,26,1,,,,,,
M P^3 h1 d0^2,98,27,0,,,,,,
d0^7,98,28,0,,,,,,
P^4 d0 e0 m,98,31,0,,,,,,
P^4 d0 i k,98,34,0,,,,,,
P^7 D h1 e0,98,37,0,,,,,,
P^7 d0^3,98,40,0,,P^7 h0 d0^3,P^7 h1 d0^3,P^7 h0 d0^2 e0,,
P^7 h0 d0^3,98,41,0,,P^7 h0^2 d0^3,,P^7 h0^2 d0^2 e0,,
P^7 h0^2 d0^3,98,42,0,,,,,,
P^9 j,98,43,0,,P^9 h0 j,,P^8 h0 d0 i,,
P^9 h0 j,98,44,0,,P^10 h1 e0,,P^9 h1 d0^2,,
P^10 h1 e0,98,45,0,,,,,,
P^12 h1^2,98,50,0,,,P^12 h1^3,,,
h3 g3,99,5,0,,h0 h3 g3,h1 h3 g3,,,
h0 h3 g3,99,6,0,,,,,,
h6 T,99,7,-2,,,h1 h6 T,h6 c1 g,,
"x99,7",99,7,0,,"h0 x99,7","h1 x99,7",,,
M1 h2,99,7,2,,,,M1 h2^2,,
"h0 x99,7",99,8,0,,D1 h2 g2,,,,
D1 h2 g2,99,9,-1,,"h0 y99,9",,,,
"x99,9",99,9,1,,,"h1 x99,9","h2 x99,9",,
"h2^2 x93,8",99,10,-1,,,,,,
"h0 y99,9",99,10,1,,,,,,
"h3 x92,10",99,11,0,,"h0 h3 x92,10",D d1 g2,,,
"h0 h3 x92,10",99,12,-1,,"h1 h3 x91,11",,,,
M D1 h1^2,99,12,1,,,M D1 h1^3,,,
"h1 h3 x91,11",99,13,-2,,,,,,
P h6 d0^2,99,13,0,,P h0 h6 d0^2,P h1 h6 d0^2,D D1 h2^2 g,,
D D1 h2 g,99,13,2,,D D1 h0 h2 g,,D D1 h2^2 g,,
P h0 h6 d0^2,99,14,-1,,P h0^2 h6 d0^2,,,,
D D1 h0 h2 g,99,14,1,,,,,,
P h0^2 h6 d0^2,99,15,0,,,,,,
D^2 M h2^2,99,16,0,,,,,,
D^2 g n,99,17,-1,,,,,,
M^2 P h1,99,17,1,,,M^2 P h1^2,,,
M e0^2 g,99,18,0,,,,,,
D^2 e0^3,99,20,0,,,,,,
M d0^2 j,99,21,-1,,,,,,
D h1 e0^2 g^2,99,21,1,,,,,,
D^2 d0^2 i,99,23,0,,D^2 h0 d0^2 i,,D^2 h0 d0^2 j,,
M P^3 D h2^2,99,24,-2,,P D^2 h1 d0^3,,M P^2 D h1^3 d0,,
M P^3 D h2^2 again,99,24,-2,,D^2 h0^2 d0^2 i,,,,
D^2 h0 d0^2 i,99,24,0,,D^2 h0^2 d0^2 i,,P D^2 h1 d0^2 e0,,
d0 e0^5,99,24,2,,,,,,
P D^2 h1 d0^3,99,25,-1,,,,,,
D^2 h0^2 d0^2 i,99,25,1,,h0 . D^2 h0^2 d0^2 i,,,,
h0 . D^2 h0^2 d0^2 i,99,26,0,,h0^2 . D^2 h0^2 d0^2 i,,,,
d0^5 k,99,27,-1,,,,,,
h0^2 . D^2 h0^2 d0^2 i,99,27,1,,h0^3 . D^2 h0^2 d0^2 i,,,,
h0^3 . D^2 h0^2 d0^2 i,99,28,0,,,,,,
P^3 d0 k l,99,30,-1,,,,,,
M P^5 d0,99,30,1,,M P^5 h0 d0,M P^5 h1 d0,M P^5 h0 e0,,
M P^5 h0 d0,99,31,0,,M P^5 h0^2 d0,,M P^5 h0^2 e0,,
M P^5 h0^2 d0,99,32,0,,,,,,
P^4 D h1 d0^3,99,33,0,,,,,,
P^5 d0^3 e0,99,36,0,,,,,,
P^6 d0^2 i,99,39,0,,P^6 h0 d0^2 i,,P^6 h0 d0^2 j,,
P^6 h0 d0^2 i,99,40,0,,P^7 h1 d0^3,,P^7 h1 d0^2 e0,,
P^7 h1 d0^3,99,41,0,,,,,,
P^12 h2,99,49,0,,P^12 h0 h2,,P^11 h0^2 d0,,
P^12 h0 h2,99,50,0,,P^12 h1^3,,,,
P^12 h1^3,99,51,0,,,,,,
h4 c3,100,4,0,,h0 h4 c3,,,,
h0 h4 c3,100,5,0,,h1 h3 g3,,,,
h1 h3 g3,100,6,-1,,,,,,
h6 x,100,6,1,,h0 h6 x,h2^2 h6 d1,,,
h0 h6 x,100,7,0,,h0^2 h6 x,,,,
D1 h3 c2,100,8,-3,,,,,,
h1 h6 T,100,8,-1,,,,,,
h0^2 h6 x,100,8,1,,h0^3 h6 x,,,,
"h1 x99,7",100,8,3,,,"h1^2 x99,7",,,
h0^3 h6 x,100,9,-2,,h0 h6 e0 g,,,,
h6 e0 g,100,9,0,,h0 h6 e0 g,h1 h6 e0 g,,,
e1 H1,100,9,2,,,,,,
h0 h6 e0 g,100,10,-2,,h0^2 h6 e0 g,,,,
"x100,10",100,10,0,,M D1 h2,,,,
"x100,10 again",100,10,0,,D h3^2 H1,,,,
"h1 x99,9",100,10,2,,,"h1^2 x99,9",,,
h0^2 h6 e0 g,100,11,-2,,,,,,
M D1 h2,100,11,0,,M D1 h0 h2,,,,
D h3^2 H1,100,11,2,,,,,,
M D1 h0 h2,100,12,-2,,M D1 h1^3,,,,
D d1 g2,100,12,0,,,D h1 d1 g2,,,
h6 d0 i,100,12,2,,h0 h6 d0 i,,h0 h6 d0 j,,
"x100,13",100,13,-2,,,,,,
M D1 h1^3,100,13,0,,,,,,
h0 h6 d0 i,100,13,2,,P h1 h6 d0^2,,P h1 h6 d0 e0,,
P h1 h6 d0^2,100,14,0,,,,,,
D^2 d1 g,100,16,0,,,,,,
M g m,100,17,0,,,,,,
M^2 P h1^2,100,18,0,,,,,,
D^2 e0 m,100,19,0,,,,,,
g^5,100,20,-1,,,,,,
M P D h2^2 e0,100,20,1,,,,,,
P D^3 h2^2 d0,100,22,0,,,,,,
M D P h0^2 i,100,23,-2,,M D P h0^3 i,,,,
d0 e0^3 m,100,23,0,,,,,,
M P^2 D h1 d0,100,23,2,,,M P^2 D h1^2 d0,,,
M D P h0^3 i,100,24,0,,M D P h0^4 i,,,,
M D P h0^4 i,100,25,0,,M D P h0^5 i,,,,
M D P h0^5 i,100,26,-2,,P^2 D^2 c0 d0^2,,,,
D h2^2 d0^5,100,26,0,,,,,,
M P^3 d0 e0,100,26,2,,M P^3 h0 d0 e0,M P^3 h1 d0 e0,M P^2 h0 d0^3,,
P^2 D^2 c0 d0^2,100,27,-1,,M P^3 h0^2 d0 e0,,,,
M P^3 h0 d0 e0,100,27,1,,M P^3 h0^2 d0 e0,,,,
M P^3 h0^2 d0 e0,100,28,0,,,,,,
P^2 D h1 d0^3 e0,100,29,-1,,,,,,
D^2 P^3 h0 d0^2,100,29,1,,D^2 P^3 h0^2 d0^2,,M P^4 h0 j,,
D^2 P^3 h0^2 d0^2,100,30,0,,M P^5 h1 d0,,M P^5 h1 e0,,
M P^5 h1 d0,100,31,0,,,,,,
P^2 d0^6,100,32,0,,,,,,
P^5 d0^2 l,100,35,0,,,,,,
P^6 i k,100,38,0,,,,,,
P^9 d0^2,100,44,0,,P^9 h0 d0^2,P^9 h1 d0^2,P^9 h0 d0 e0,,
P^9 h0 d0^2,100,45,0,,P^9 h0^2 d0^2,,P^9 h0^2 d0 e0,,
P^9 h0^2 d0^2,100,46,0,,,,,,
h6 e1,101,5,0,,,h1 h6 e1,h1 h6 f1,,
h2^2 h6 d1,101,7,-2,,,,,,
D h3^2 h6,101,7,0,,D h0 h3^2 h6,h6 c1 g,,,
"x101,7",101,7,2,,,M1 h2^2,,,
D h0 h3^2 h6,101,8,-1,,h2 h6 m,,,,
"x101,8",101,8,1,,"h0 x101,8","h1 x101,8","h2 x101,8",,
"h1^2 x99,7",101,9,-3,,,,,,
h2 h6 m,101,9,-1,,h1 h6 e0 g,,,,
"h0 x101,8",101,9,1,,"h0^2 x101,8",,,,
"h3 x94,8 + h0 x101,8 + h2 h6 m",101,9,3,,,"h2 x99,9",,,
h1 h6 e0 g,101,10,-1,,,,,,
"h0^2 x101,8",101,10,1,,"h1^2 x99,9",,,,
"h1^2 x99,9",101,11,-2,,,,,,
g2 Q2,101,11,0,,h0 g2 Q2,h1 g2 Q2,,,
"x101,11",101,11,2,,h0 g2 Q2,,"y104,12",,
h0 g2 Q2,101,12,0,,D h1 d1 g2,,,,
D h1 d1 g2,101,13,0,,,,,,
g^2 A',101,14,0,,,,,,
D^2 i1,101,15,0,,,,,,
P D D1 e0,101,16,0,,P D D1 h0 e0,P D D1 h1 e0,M^2 h0 d0,,
P D D1 h0 e0,101,17,-1,,P D D1 h0^2 e0,,M^2 h0^2 d0,,
D^2 M c0,101,17,1,,,D^2 M h1 c0,,,
P D D1 h0^2 e0,101,18,-1,,,,,,
D^2 M P,101,18,1,,D^2 M P h0,D^2 M P h1,D^2 M P h2,,
M D h1 d0 e0,101,19,-2,,,,,,
D^2 M P h0,101,19,0,,D^2 M P h0^2,,D^2 M P h0 h2,,
D h2^2 g^2 n,101,19,2,,,,,,
D^2 M P h0^2,101,20,0,,D^2 M P h0^3,,D^2 M P h1^3,,
D^2 M P h0^3,101,21,-1,,D^2 M P h0^4,,,,
D^3 h1 d0^2,101,21,1,,,,,,
M d0^4,101,22,-2,,,,,,
D^2 M P h0^4,101,22,0,,D^2 M P h0^5,,,,
d0 e0 m^2,101,22,2,,,,,,
D^2 M P h0^5,101,23,0,,D^2 M P h0^6,,,,
M P^2 D h1^2 d0,101,24,-2,,,M P^2 D h1^3 d0,,,
D^2 M P h0^6,101,24,0,,P D^2 h0 d0^2 e0,,,,
P D^2 d0^2 e0 + D^2 M P h0^6,101,24,2,,,P D^2 h1 d0^2 e0,,,
M P^2 d0 j,101,25,-2,,M P^2 h0 d0 j,,M P h0 d0^2 i,,
P D^2 h0 d0^2 e0,101,25,0,,P D^2 h0^2 d0^2 e0,,,,
D h1 d0^3 e0^2,101,25,2,,,,,,
M P^2 h0 d0 j,101,26,-1,,M P^3 h1 d0 e0,,M P^2 h1 d0^3,,
P D^2 h0^2 d0^2 e0,101,26,1,,,,,,
M P^3 h1 d0 e0,101,27,0,,,,,,
d0^6 e0,101,28,0,,,,,,
P^3 D^2 h1 d0^2,101,29,0,,,P^3 D^2 h1^2 d0^2,,,
P d0^5 i,101,31,0,,,,,,
P^5 j m,101,34,-1,,,,,,
M P^7,101,34,1,,M P^7 h0,M P^7 h1,M P^7 h2,,
M P^7 h0,101,35,0,,M P^7 h0^2,,M P^7 h0 h2,,
M P^7 h0^2,101,36,0,,M P^7 h0^3,,M P^7 h1^3,,
M P^7 h0^3,101,37,-1,,M P^7 h0^4,,,,
P^6 D h1 d0^2,101,37,1,,,,,,
M P^7 h0^4,101,38,0,,M P^7 h0^5,,,,
M P^7 h0^5,101,39,0,,M P^7 h0^6,,,,
M P^7 h0^6,101,40,-1,,P^7 h0 d0^2 e0,,,,
P^7 d0^2 e0 + M P^7 h0^6,101,40,1,,,P^7 h1 d0^2 e0,,,
P^7 h0 d0^2 e0,101,41,0,,P^7 h0^2 d0^2 e0,,,,
P^7 h0^2 d0^2 e0,101,42,0,,,,,,
P^8 d0 i,101,43,0,,P^8 h0 d0 i,,P^8 h0 d0 j,,
P^8 h0 d0 i,101,44,0,,P^9 h1 d0^2,,P^9 h1 d0 e0,,
P^9 h1 d0^2,101,45,0,,,,,,
h1 h6 e1,102,6,0,,,h1^2 h6 e1,,,
"h3 x95,7",102,8,-2,,"h1 x101,8",,,,
h6 c1 g,102,8,0,,,,,,
M1 h2^2,102,8,2,,,,,,
"h1 x101,8",102,9,0,,,,,,
"h2 x99,9",102,10,-2,,,,,,
D h1 h6 d0,102,10,0,,,D h1^2 h6 d0,,,
g2 D2,102,10,2,,h0 g2 D2,,"h0 h3^2 x91,8",,
h0 g2 D2,102,11,0,,,,,,
h1 g2 Q2,102,12,0,,,,,,
g^2 H1,102,13,-1,,,,,,
P h6 d0 e0,102,13,1,,D D1 h2^2 g,P h1 h6 d0 e0,"h0 h3^2 x91,11",,
D D1 h2^2 g,102,14,-1,,,,,,
D1 D^2 h1^2,102,14,1,,,D1 D^2 h1^3,,,
D D1 j,102,15,0,,D D1 h0 j,,"h0 d0 x91,11",,
g^2 C0,102,16,-2,,,,,,
D D1 h0 j,102,16,0,,P D D1 h1 e0,,M^2 h1 d0,,
P^2 h6 i,102,16,2,,P^2 h0 h6 i,,P^2 h0 h6 j,,
P D D1 h1 e0,102,17,-1,,,,,,
P^2 h0 h6 i,102,17,1,,D^2 M h1 c0,,P^3 h1 h6 e0,,
D^2 M h1 c0,102,18,-1,,,,,,
M e0 g^2,102,18,1,,,,,,
D^3 s,102,19,-1,,D^3 h0 s,,,,
D^2 M P h1,102,19,1,,,D^2 M P h1^2,,,
D^3 h0 s,102,20,-1,,D^3 h0^2 s,,,,
D^2 e0^2 g,102,20,1,,,,,,
M d0^2 k,102,21,-2,,,,,,
D^3 h0^2 s,102,21,0,,D^3 h0^3 s,,,,
D h1 e0 g^3,102,21,2,,,,,,
D^3 h0^3 s,102,22,0,,D^3 P c0 d0,,,,
D^3 P c0 d0,102,23,-1,,D^2 h0 d0^2 j,,,,
D^2 d0^2 j + D^3 P c0 d0,102,23,1,,,,,,
M P i j,102,24,-2,,M P^2 D h1^3 d0,,,,
D^2 h0 d0^2 j,102,24,0,,P D^2 h1 d0^2 e0,,,,
e0^6,102,24,2,,,,,,
M P^2 D h1^3 d0,102,25,-1,,,,,,
P D^2 h1 d0^2 e0,102,25,1,,,,,,
d0^5 l,102,27,0,,,,,,
M P^5 e0,102,30,-2,,M P^5 h0 e0,M P^5 h1 e0,M P^4 h0 d0^2,,
P^3 D^2 h1^2 d0^2,102,30,0,,,P^3 D^2 h1^3 d0^2,,,
d0^4 i^2,102,30,2,,,,,,
M P^5 h0 e0,102,31,0,,M P^5 h0^2 e0,,M P^4 h0^2 d0^2,,
M P^5 h0^2 e0,102,32,0,,,,,,
P^4 D h1 d0^2 e0,102,33,-1,,,,,,
D^2 P^5 h0 d0,102,33,1,,D^2 P^5 h0^2 d0,,P^5 D^2 h0^2 e0,,
D^2 P^5 h0^2 d0,102,34,0,,h0 . D^2 P^5 h0^2 d0,,P^5 D^2 h1^3 d0,,
h0 . D^2 P^5 h0^2 d0,102,35,-1,,h0^2 . D^2 P^5 h0^2 d0,,,,
M P^7 h1,102,35,1,,,M P^7 h1^2,,,
h0^2 . D^2 P^5 h0^2 d0,102,36,-1,,h0^3 . D^2 P^5 h0^2 d0,,,,
P^4 d0^5,102,36,1,,,,,,
h0^3 . D^2 P^5 h0^2 d0,102,37,0,,h0^4 . D^2 P^5 h0^2 d0,,,,
h0^4 . D^2 P^5 h0^2 d0,102,38,0,,P^7 D c0 d0,,,,
P^6 d0^2 j + P^7 D c0 d0,102,39,-1,,,,,,
P^7 D c0 d0,102,39,1,,P^6 h0 d0^2 j,,,,
P^6 h0 d0^2 j,102,40,0,,P^7 h1 d0^2 e0,,,,
P^7 h1 d0^2 e0,102,41,0,,,,,,
P^11 d0,102,48,0,,P^11 h0 d0,P^11 h1 d0,P^11 h0 e0,,
P^11 h0 d0,102,49,0,,P^11 h0^2 d0,,P^11 h0^2 e0,,
P^11 h0^2 d0,102,50,0,,,,P^11 h1^3 d0,,
h6 f1,103,5,0,,h0 h6 f1,h1 h6 f1,,,
h0 h6 f1,103,6,0,,h1^2 h6 e1,,,,
h1^2 h6 e1,103,7,-1,,,,,,
M1 h3,103,7,1,,,,,,
"h3 x96,8",103,9,0,,"h0 h3 x96,8",,,,
"h0 h3 x96,8",103,10,0,,,,,,
D h1^2 h6 d0,103,11,0,,,"y104,12",,,
h6 d0 j,103,12,-1,,h0 h6 d0 j,,h0 h6 d0 k,,
"x103,12",103,12,1,,,"h1 x103,12",,,
h0 h6 d0 j,103,13,0,,P h1 h6 d0 e0,,M D1 h1 c0,,
P h1 h6 d0 e0,103,14,0,,,,,,
D1 D^2 h1^3,103,15,-1,,,,,,
g^2 C',103,15,1,,,,,,
D^2 g m,103,19,0,,,,,,
D^2 M P h1^2,103,20,-1,,,D^2 M P h1^3,,,
M D h2^2 d0^2,103,20,1,,,,,,
D^3 h0^2 d0 e0,103,22,0,,,,,,
M D P^2 h1 e0,103,23,-1,,,,,,
e0^4 m,103,23,1,,,,,,
P^2 D^3 h1 d0,103,25,0,,,P^2 D^3 h1^2 d0,,,
D h2^2 d0^4 e0,103,26,-1,,,,,,
M P^2 d0^3,103,26,1,,M P^2 h0 d0^3,M P^2 h1 d0^3,M P^2 h0 d0^2 e0,,
M P^2 h0 d0^3,103,27,0,,,,,,
P^3 D^2 d0 e0,103,28,0,,P^3 D^2 h0 d0 e0,P^3 D^2 h1 d0 e0,P^2 D^2 h0 d0^3,,
M P^4 j,103,29,-2,,M P^4 h0 j,,M P^4 h0 k,,
P^3 D^2 h0 d0 e0,103,29,0,,P^3 D^2 h0^2 d0 e0,,P^2 D^2 h0^2 d0^3,,
P D h1 d0^5,103,29,2,,,,,,
M P^4 h0 j,103,30,-1,,M P^5 h1 e0,,M P^4 h1 d0^2,,
P^3 D^2 h0^2 d0 e0,103,30,1,,P^3 D^2 h1^3 d0^2,,,,
M P^5 h1 e0,103,31,-1,,,,,,
P^3 D^2 h1^3 d0^2,103,31,1,,,,,,
P^2 d0^5 e0,103,32,0,,,,,,
P^5 d0^2 m,103,35,0,,,,,,
M P^7 h1^2,103,36,0,,,M P^7 h1^3,,,
P^6 i l,103,38,0,,,,,,
P^8 D h1 d0,103,41,0,,,P^8 D h1^2 d0,,,
P^9 d0 e0,103,44,0,,P^9 h0 d0 e0,P^9 h1 d0 e0,P^8 h0 d0^3,,
P^9 h0 d0 e0,103,45,0,,P^9 h0^2 d0 e0,,P^8 h0^2 d0^3,,
P^9 h0^2 d0 e0,103,46,0,,,,,,
P^10 i,103,47,0,,P^10 h0 i,,P^10 h0 j,,
P^10 h0 i,103,48,0,,P^10 h0^2 i,,P^11 h1 e0,,
P^11 h1 d0,103,49,-1,,,P^11 h1^2 d0,,,
P^10 h0^2 i,103,49,1,,P^10 h0^3 i,,,,
P^10 h0^3 i,103,50,0,,P^10 h0^4 i,,,,
P^10 h0^4 i,103,51,0,,P^10 h0^5 i,,,,
P^10 h0^5 i,103,52,0,,,,,,
h6 c2,104,4,0,,h0 h6 c2,,,,
h0 h6 c2,104,5,0,,h1 h6 f1,,,,
h1 h6 f1,104,6,0,,,,,,
"h3 x97,7",104,8,0,,"h2 x101,8",,,,
"h2 x101,8",104,9,-1,,,,,,
D h6 e0,104,9,1,,D h0 h6 e0,D h1 h6 e0,D h0 h6 g,,
D h0 h6 e0,104,10,0,,D h0^2 h6 e0,,D h0^2 h6 g,,
D h0^2 h6 e0,104,11,-1,,"y104,12",,,,
D h0^2 h6 e0 again,104,11,-1,,M D1 h0 h3,,,,
M D1 h3,104,11,1,,M D1 h0 h3,,,,
"y104,12",104,12,-2,,,,,,
"x104,12",104,12,0,,"h1 x103,12",M D1 c0,,,
M D1 h0 h3,104,12,2,,M D1 h0^2 h3,,,,
"h1 x103,12",104,13,-1,,,,,,
M D1 h0^2 h3,104,13,1,,M D1 h0^3 h3,,,,
M D1 h0^3 h3,104,14,0,,,,,,
M^2 d0,104,16,0,,M^2 h0 d0,M^2 h1 d0,M^2 h0 e0,,
M^2 h0 d0,104,17,-1,,M^2 h0^2 d0,,M^2 h0^2 e0,,
P^3 h6 e0,104,17,1,,,P^3 h1 h6 e0,,,
M^2 h0^2 d0,104,18,-2,,,,,,
D^2 g T,104,18,0,,,,,,
D^4 h1 h3,104,18,2,,D^2 M P h2,D^4 h1^2 h3,M D^2 h0 d0,,
D^2 M P h2,104,19,-1,,D^2 M P h0 h2,,M D^2 h0^2 d0,,
M D h1 e0^2,104,19,1,,,,,,
D^2 M P h0 h2,104,20,0,,D^2 M P h1^3,,,,
D^2 M P h1^3,104,21,-1,,,,,,
D^3 h1 d0 e0,104,21,1,,,,,,
D h2^2 e0^2 g^2,104,22,-1,,,,,,
M d0^3 e0,104,22,1,,,,,,
D^2 d0^4,104,24,0,,,,,,
D h1 d0^2 e0^3,104,25,-1,,,,,,
M P d0^2 i,104,25,1,,M P h0 d0^2 i,,M P h0 d0^2 j,,
M P h0 d0^2 i,104,26,-1,,M P^2 h1 d0^3,,M P^2 h1 d0^2 e0,,
P^2 D^3 h1^2 d0,104,26,1,,,P^2 D^3 h1^3 d0,,,
M P^2 h1 d0^3,104,27,0,,,,,,
d0^5 e0^2,104,28,-1,,,,,,
P^2 D^2 h0 e0 i,104,28,1,,P^3 D^2 h1 d0 e0,,P^2 D^2 h1 d0^3,,
P^3 D^2 h1 d0 e0,104,29,0,,,,,,
P d0^5 j,104,31,0,,,,,,
P^4 d0 i m,104,34,-1,,,,,,
P^5 D^2 h1^2 d0,104,34,1,,M P^7 h2,P^5 D^2 h1^3 d0,M P^6 h0 d0,,
M P^7 h2,104,35,0,,M P^7 h0 h2,,M P^6 h0^2 d0,,
M P^7 h0 h2,104,36,0,,M P^7 h1^3,,,,
M P^7 h1^3,104,37,-1,,,,,,
P^6 D h1 d0 e0,104,37,1,,,,,,
P^6 d0^4,104,40,0,,,,,,
P^8 D h1^2 d0,104,42,0,,,P^8 D h1^3 d0,,,
P^8 d0 j,104,43,0,,P^8 h0 d0 j,,P^7 h0 d0^2 i,,
P^8 h0 d0 j,104,44,0,,P^9 h1 d0 e0,,P^8 h1 d0^3,,
P^9 h1 d0 e0,104,45,0,,,,,,
P^11 h1^2 d0,104,50,0,,,P^11 h1^3 d0,,,
P^12 c0,104,51,0,,,P^12 h1 c0,,,
"x105,7",105,7,0,,g2 D3,,,,
g2 D3,105,8,0,,,,,,
D h6 f0,105,9,0,,D h1 h6 e0,"x106,10",D h1 h6 g,,
"h3^2 x91,8",105,10,-2,,"h0 h3^2 x91,8",,,,
D h1 h6 e0,105,10,0,,,,,,
g2 A',105,10,2,,g2 B7,,"h0^2 h3 x101,8",,
"h0 h3^2 x91,8",105,11,-1,,,,,,
g2 B7,105,11,1,,,,,,
"h3^2 x91,11",105,13,-1,,"h0 h3^2 x91,11",,,,
M D1 c0,105,13,1,,,M D1 h1 c0,,,
"h0 h3^2 x91,11",105,14,0,,,,,,
"d0 x91,11",105,15,-1,,"h0 d0 x91,11",,"h0 e0 x91,11",,
D^2 Q2,105,15,1,,D^2 h0 Q2,D^2 h1 Q2,D^2 M h0 h4,,
"h0 d0 x91,11",105,16,-2,,M^2 h1 d0,,M^2 h1 e0,,
P^2 h6 j,105,16,0,,P^2 h0 h6 j,,D^2 M h0^2 h4,,
D^2 h0 Q2,105,16,2,,D^3 h1 d1,,D^2 M h0^2 h4,,
M^2 h1 d0,105,17,-2,,,,,,
P^2 h0 h6 j,105,17,0,,P^3 h1 h6 e0,,,,
D^3 h1 d1,105,17,2,,,,,,
P^3 h1 h6 e0,105,18,-1,,,,,,
M g^3,105,18,1,,,,,,
D^4 h1^2 h3,105,19,0,,,,,,
D^2 e0 g^2,105,20,0,,,,,,
M d0^2 l,105,21,-1,,,,,,
m^3,105,21,1,,,,,,
D^2 d0^2 k,105,23,0,,,,,,
e0^5 g,105,24,-1,,,,,,
M d0 i^2,105,24,1,,,,,,
P^2 D^3 h0^2 e0,105,26,0,,P^2 D^3 h1^3 d0,M P^2 h0 d0^2 e0,,,
P^2 D^3 h1^3 d0,105,27,-1,,,,,,
d0^5 m,105,27,1,,,,,,
d0^4 i j,105,30,-1,,,,,,
M P^4 d0^2,105,30,1,,M P^4 h0 d0^2,M P^4 h1 d0^2,M P^4 h0 d0 e0,,
M P^4 h0 d0^2,105,31,0,,M P^4 h0^2 d0^2,,,,
M P^4 h0^2 d0^2,105,32,0,,,,,,
P^3 D h1 d0^4,105,33,-1,,,,,,
P^5 D^2 h0 e0,105,33,1,,P^5 D^2 h0^2 e0,,M P^5 h0 i + P^4 D^2 h0^2 d0^2,,
P^5 D^2 h0^2 e0,105,34,0,,P^5 D^2 h1^3 d0,,M P^6 h1 d0,,
P^5 D^2 h1^3 d0,105,35,0,,,,,,
P^4 d0^4 e0,105,36,0,,,,,,
P^6 d0^2 k,105,39,0,,,,,,
P^7 i j,105,42,0,,P^8 D h1^3 d0,,,,
P^8 D h1^3 d0,105,43,0,,,,,,
P^11 e0,105,48,0,,P^11 h0 e0,P^11 h1 e0,P^10 h0 d0^2,,
P^11 h0 e0,105,49,0,,P^11 h0^2 e0,,P^10 h0^2 d0^2,,
P^11 h0^2 e0,105,50,0,,P^11 h1^3 d0,,,,
P^11 h1^3 d0,105,51,0,,,,,,
P^12 h1 c0,105,52,0,,,,,,
P^13 h1,105,53,0,,,P^13 h1^2,,,
C1,106,6,0,,,,,,
"h3 x99,7",106,8,0,,"h0 h3 x99,7",,,,
"h0 h3 x99,7",106,9,-1,,,,,,
g2 H1,106,9,1,,,,"h1 h3 x101,8",,
"h3 x99,9",106,10,-1,,,"h1 h3 x99,9",,,
"x106,10",106,10,1,,,"h1 x106,10",,,
h6 d0 k,106,12,-1,,h0 h6 d0 k,,,,
D e1 g2,106,12,1,,,,,,
h0 h6 d0 k,106,13,0,,M D1 h1 c0,,,,
M D1 h1 c0,106,14,-1,,,,,,
D^2 D2,106,14,1,,D^2 h0 D2,,D^2 D1 h1^2 h3,,
D^2 D2 again,106,14,1,,,,D^2 h0 (A+A') + D^2 B7,,
g^2 G0,106,15,-2,,,,,,
D^2 h0 D2,106,15,0,,D^2 h1 Q2,,D^2 M h1 h4,,
M D1 P h1,106,15,2,,,M D1 P h1^2,,,
D^2 h1 Q2,106,16,0,,,,,,
M^2 P^2,106,20,-2,,M^2 P^2 h0,M^2 P^2 h1,M^2 P^2 h2,,
M D h2^2 d0 e0,106,20,0,,,,,,
D h2 c1 g^3,106,20,2,,,,,,
M^2 P^2 h0,106,21,0,,M^2 P^2 h0^2,,M^2 P^2 h0 h2,,
D^3 h2^2 d0^2,106,22,-1,,,,,,
M^2 P^2 h0^2,106,22,1,,M^2 P^2 h0^3,,M^2 P^2 h1^3,,
e0^3 g m,106,23,-2,,,,,,
M^2 P^2 h0^3,106,23,0,,M^2 P^2 h0^4,,,,
M P D h1 d0^2,106,23,2,,,,,,
M^2 P^2 h0^4,106,24,0,,M^2 P^2 h0^5,,,,
M^2 P^2 h0^5,106,25,-1,,M^2 P^2 h0^6,,,,
P^2 D^3 h1 e0,106,25,1,,,,,,
M^2 P^2 h0^6,106,26,-2,,M P^2 h0 d0^2 e0,,,,
M P^2 d0^2 e0 + M^2 P^2 h0^6,106,26,0,,,M P^2 h1 d0^2 e0,,,
D h2^2 d0^3 e0^2,106,26,2,,,,,,
M P^2 h0 d0^2 e0,106,27,0,,,,,,
P^2 D^2 d0^3,106,28,0,,P^2 D^2 h0 d0^3,P^2 D^2 h1 d0^3,P^2 D^2 h0 d0^2 e0,,
M P^3 d0 i,106,29,-2,,M P^4 h0 k,,M P^4 h0 l,,
P^2 D^2 h0 d0^3,106,29,0,,P^2 D^2 h0^2 d0^3,,P^2 D^2 h0^2 d0^2 e0,,
P D h1 d0^4 e0,106,29,2,,,,,,
M P^4 h0 k,106,30,-1,,M P^4 h1 d0^2,,M P^4 h1 d0 e0,,
P^2 D^2 h0^2 d0^3,106,30,1,,,,,,
M P^4 h1 d0^2,106,31,0,,,,,,
P d0^7,106,32,0,,,,,,
P^5 d0 e0 m,106,35,0,,,,,,
P^6 i m,106,38,0,,,,,,
P^8 D h1 e0,106,41,0,,,,,,
P^8 d0^3,106,44,0,,P^8 h0 d0^3,P^8 h1 d0^3,,,
P^8 h0 d0^3,106,45,0,,P^8 h0^2 d0^3,,,,
P^8 h0^2 d0^3,106,46,0,,,,,,
P^10 j,106,47,0,,P^10 h0 j,,P^9 h0 d0 i,,
P^10 h0 j,106,48,0,,P^11 h1 e0,,P^10 h1 d0^2,,
P^11 h1 e0,106,49,0,,,,,,
P^13 h1^2,106,54,0,,,P^13 h1^3,,,
h4 g3,107,5,0,,h0 h4 g3,h1 h4 g3,h2 h4 g3,,
h0 h4 g3,107,6,0,,h0^2 h4 g3,,h0 h2 h4 g3,,
h0^2 h4 g3,107,7,-1,,,,,,
"x107,7",107,7,1,,"h0 x107,7",,,,
"h0 x107,7",107,8,0,,,,,,
D h6 g,107,9,0,,D h0 h6 g,D h1 h6 g,D h2 h6 g,,
D h0 h6 g,107,10,0,,D h0^2 h6 g,,D1 h0 h3^2 g2 + g2 G0,,
"h1 h3 x99,9",107,11,-2,,,,,,
"h1 x106,10",107,11,0,,,,,,
D h0^2 h6 g,107,11,2,,,,,,
"x107,12",107,12,0,,,h6 d0^2 e0,,,
"x107,13",107,13,0,,,,"h2 x107,13",,
D h1 H1 g,107,14,0,,,,,,
M D1 P h1^2,107,16,-1,,,,,,
M^2 e0,107,16,1,,M^2 h0 e0,M^2 h1 e0,M^2 h0 g,,
g^2 C'',107,17,-1,,,,,,
M^2 h0 e0,107,17,1,,M^2 h0^2 e0,,M^2 h0^2 g,,
M^2 h0^2 e0,107,18,-1,,,,,,
M D^2 d0,107,18,1,,M D^2 h0 d0,M D^2 h1 d0,M D^2 h0 e0,,
M D^2 h0 d0,107,19,-2,,M D^2 h0^2 d0,,M D^2 h0^2 e0,,
"P^2 x91,11",107,19,0,,"P^2 h0 x91,11",,P D D1 h0 j,,
M D h1 e0 g,107,19,2,,,,,,
M D^2 h0^2 d0,107,20,-1,,,,,,
"P^2 h0 x91,11",107,20,1,,"P^2 h0^2 x91,11",,P^2 D D1 h1 e0,,
M^2 P^2 h1,107,21,-2,,,M^2 P^2 h1^2,,,
"P^2 h0^2 x91,11",107,21,0,,"P^2 h0^3 x91,11",,,,
D^3 h1 e0^2,107,21,2,,,,,,
D h2^2 e0 g^3,107,22,-2,,,,,,
"P^2 h0^3 x91,11",107,22,0,,"P^2 h0^4 x91,11",,,,
M d0^2 e0^2,107,22,2,,,,,,
"P^2 h0^4 x91,11",107,23,0,,"P^2 h0^5 x91,11",,,,
"P^2 h0^5 x91,11",107,24,-1,,M P^2 D c0 d0,,,,
D^2 d0^3 e0,107,24,1,,,,,,
M P d0^2 j + M P^2 D c0 d0,107,25,-2,,,,,,
M P^2 D c0 d0,107,25,0,,M P h0 d0^2 j,,,,
D h1 d0 e0^4,107,25,2,,,,,,
M P h0 d0^2 j,107,26,0,,M P^2 h1 d0^2 e0,,,,
M P^2 h1 d0^2 e0,107,27,0,,,,,,
d0^4 e0^3,107,28,-1,,,,,,
P D^2 h0 d0^2 i,107,28,1,,P^2 D^2 h1 d0^3,,P^2 D^2 h1 d0^2 e0,,
P^2 D^2 h1 d0^3,107,29,0,,,,,,
P d0^5 k,107,31,0,,,,,,
P^4 d0 j m,107,34,-1,,,,,,
M P^6 d0,107,34,1,,M P^6 h0 d0,M P^6 h1 d0,M P^6 h0 e0,,
M P^6 h0 d0,107,35,0,,M P^6 h0^2 d0,,M P^6 h0^2 e0,,
M P^6 h0^2 d0,107,36,0,,,,,,
P^5 D h1 d0^3,107,37,0,,,,,,
P^6 d0^3 e0,107,40,0,,,,,,
P^7 d0^2 i,107,43,0,,P^7 h0 d0^2 i,,,,
P^7 h0 d0^2 i,107,44,0,,P^8 h1 d0^3,,,,
P^8 h1 d0^3,107,45,0,,,,,,
P^13 h2,107,53,0,,P^13 h0 h2,,P^12 h0^2 d0,,
P^13 h0 h2,107,54,0,,P^13 h1^3,,,,
P^13 h1^3,107,55,0,,,,,,
h1 h4 g3,108,6,-1,,,,,,
"x108,6",108,6,1,,"x108,7",,,,
"x108,7",108,7,0,,,,,,
"h3 x101,8",108,9,0,,"h0 h3 x101,8","h1 h3 x101,8",,,
D h1 h6 g,108,10,-1,,,,,,
"h0 h3 x101,8",108,10,1,,"h0^2 h3 x101,8",,,,
"h0^2 h3 x101,8",108,11,-1,,,,,,
"x108,11",108,11,1,,,,,,
h6 d0^2 e0,108,13,0,,,,,,
D^2 D1 h1 h3,108,14,0,,,D^2 D1 h1^2 h3,,,
"e0 x91,11",108,15,-1,,"h0 e0 x91,11",,,,
D^2 M h4,108,15,1,,D^2 M h0 h4,D^2 M h1 h4,,,
"h0 e0 x91,11",108,16,-2,,M^2 h1 e0,,,,
D^2 M h0 h4,108,16,0,,D^2 M h0^2 h4,,,,
D g^2 g2,108,16,2,,,,,,
M^2 h1 e0,108,17,-2,,,,,,
D^2 M h0^2 h4,108,17,0,,,,,,
D^2 B4,108,17,2,,D^2 h0 B4,,,,
D^2 h0 B4,108,18,0,,D^2 h0^2 B4,,,,
M D^2 h1 d0,108,19,-1,,,,,,
D^2 h0^2 B4,108,19,1,,D^2 h0^3 B4,,,,
D^2 g^3,108,20,-1,,,,,,
D^2 h0^3 B4,108,20,1,,D^2 h0^4 B4,,,,
M d0^2 m,108,21,-1,,,,,,
D^2 h0^4 B4,108,21,1,,D^2 h0^5 B4,,,,
M^2 P^2 h1^2,108,22,-1,,,M^2 P^2 h1^3,,,
D^2 h0^5 B4,108,22,1,,,,,,
D^2 d0^2 l,108,23,0,,,,,,
M d0 i j,108,24,-1,,,,,,
e0^4 g^2,108,24,1,,,,,,
D^2 d0 i^2,108,26,0,,,,,,
d0^4 e0 m,108,27,-1,,,,,,
M P^3 D h1 d0,108,27,1,,,M P^3 D h1^2 d0,,,
d0^4 i k,108,30,-1,,,,,,
M P^4 d0 e0,108,30,1,,M P^4 h0 d0 e0,M P^4 h1 d0 e0,,,
M P^4 h0 d0 e0,108,31,0,,,,,,
P^4 D^2 d0^2,108,32,0,,P^4 D^2 h0 d0^2,P^4 D^2 h1 d0^2,,,
M P^5 i + P^4 D^2 h0 d0^2,108,33,-2,,M P^5 h0 i + P^4 D^2 h0^2 d0^2,,,,
P^4 D^2 h0 d0^2,108,33,0,,P^4 D^2 h0^2 d0^2,,,,
P^3 D h1 d0^3 e0,108,33,2,,,,,,
M P^5 h0 i + P^4 D^2 h0^2 d0^2,108,34,-1,,M P^6 h1 d0,,,,
P^4 D^2 h0^2 d0^2,108,34,1,,M P^5 h0^2 i,,,,
M P^6 h1 d0,108,35,-1,,,,,,
M P^5 h0^2 i,108,35,1,,M P^5 h0^3 i,,,,
M P^5 h0^3 i,108,36,-1,,M P^5 h0^4 i,,,,
P^3 d0^6,108,36,1,,,,,,
M P^5 h0^4 i,108,37,0,,M P^5 h0^5 i,,,,
M P^5 h0^5 i,108,38,0,,,,,,
P^6 d0^2 l,108,39,0,,,,,,
P^7 i k,108,42,0,,,,,,
P^10 d0^2,108,48,0,,P^10 h0 d0^2,P^10 h1 d0^2,,,
P^10 h0 d0^2,108,49,0,,P^10 h0^2 d0^2,,,,
P^10 h0^2 d0^2,108,50,0,,,,,,
DD11,109,5,0,,,,,,
M h1 h6,109,8,0,,,M h1^2 h6,,,
"h3^2 x95,7",109,9,-1,,"h1 h3 x101,8",,,,
D h2 h6 c1,109,9,1,,,,,,
"h1 h3 x101,8",109,10,-1,,,,,,
"x109,10",109,10,1,,,g2 G0,,,
h6 d0 l,109,12,-1,,,,,,
"x109,12",109,12,1,,,"h1 x109,12",,,
"x109,13",109,13,0,,,"h1 x109,13",,,
D^2 A,109,14,-1,,D^2 h0 (A+A') + D^2 B7,,,,
D^2 A',109,14,1,,D^2 B7,,,,
D^2 D1 h1^2 h3,109,15,-2,,,,,,
D^2 h0 (A+A') + D^2 B7,109,15,0,,D^2 M h1 h4,,,,
D^2 B7,109,15,2,,,,,,
D^2 M h1 h4,109,16,0,,,,,,
D^3 x,109,17,-1,,D^3 h0 x,D^3 h1 x,,,
"x109,17",109,17,1,,"h0 x109,17",,,,
D^3 h0 x,109,18,-1,,D^3 h0^2 x,,,,
"h0 x109,17",109,18,1,,"h0^2 x109,17",,,,
D^3 h0^2 x,109,19,-2,,D^3 h0^3 x,,,,
"h0^2 x109,17",109,19,0,,"h0^3 x109,17",,,,
D^3 h2^2 n,109,19,2,,,,,,
P^2 D D1 e0,109,20,-3,,M^2 P^2 h2,P^2 D D1 h1 e0,,,
D^3 h0^3 x,109,20,-1,,D^2 M P c0,,,,
"h0^3 x109,17",109,20,1,,"h0^4 x109,17",,,,
M D h2^2 e0^2,109,20,3,,,,,,
M^2 P^2 h2,109,21,-2,,M^2 P^2 h0 h2,,,,
D^2 M P c0,109,21,0,,M^2 P^2 h0 h2,,,,
"h0^4 x109,17",109,21,2,,"h0^5 x109,17",,,,
D^3 h2^2 d0 e0,109,22,-2,,,,,,
M^2 P^2 h0 h2,109,22,0,,M^2 P^2 h1^3,,,,
"h0^5 x109,17",109,22,2,,"h0^6 x109,17",,,,
M^2 P^2 h1^3,109,23,-3,,,,,,
e0^2 g^2 m,109,23,-1,,,,,,
"h0^6 x109,17",109,23,1,,"h0^7 x109,17",,,,
M P D h1 d0 e0,109,23,3,,,,,,
"h0^7 x109,17",109,24,0,,"h0^8 x109,17",,,,
"h0^8 x109,17",109,25,-1,,"h0^9 x109,17",,,,
P D^3 h1 d0^2,109,25,1,,,,,,
"h0^9 x109,17",109,26,-2,,"h0^10 x109,17",,,,
M P d0^4,109,26,0,,,,,,
D h2^2 d0^2 e0^3,109,26,2,,,,,,
"h0^10 x109,17",109,27,0,,"h0^11 x109,17",,,,
"h0^11 x109,17",109,28,-2,,P^2 D^2 h0 d0^2 e0,,,,
"P^2 D^2 d0^2 e0 + h0^11 x109,17",109,28,0,,,P^2 D^2 h1 d0^2 e0,,,
M P^3 D h1^2 d0,109,28,2,,,M P^3 D h1^3 d0,,,
M P^3 d0 j,109,29,-2,,M P^4 h0 l,,,,
P^2 D^2 h0 d0^2 e0,109,29,0,,P^2 D^2 h0^2 d0^2 e0,,,,
D h1 d0^6,109,29,2,,,,,,
M P^4 h0 l,109,30,-1,,M P^4 h1 d0 e0,,,,
P^2 D^2 h0^2 d0^2 e0,109,30,1,,,,,,
M P^4 h1 d0 e0,109,31,0,,,,,,
P^3 D^2 h0 d0 i,109,32,-1,,P^3 D^2 h0^2 d0 i,,,,
P d0^6 e0,109,32,1,,,,,,
P^4 D^2 h1 d0^2,109,33,-1,,,P^4 D^2 h1^2 d0^2,,,
P^3 D^2 h0^2 d0 i,109,33,1,,D M P^5 h0^4,,,,
D M P^5 h0^4,109,34,0,,D M P^5 h0^5,,,,
D M P^5 h0^5,109,35,-1,,D M P^5 h0^6,,,,
P^4 d0^3 m,109,35,1,,,,,,
D M P^5 h0^6,109,36,0,,M P^7 c0,,,,
M P^7 c0,109,37,0,,,,,,
P^6 j m,109,38,0,,,,,,
P^7 D h1 d0^2,109,41,0,,,,,,
P^8 d0^2 e0,109,44,0,,,,,,
P^9 d0 i,109,47,0,,P^9 h0 d0 i,,,,
P^9 h0 d0 i,109,48,0,,P^10 h1 d0^2,,,,
P^10 h1 d0^2,109,49,0,,,,,,
h2 h4 g3,110,6,0,,h0 h2 h4 g3,,,,
h0 h2 h4 g3,110,7,0,,,,,,
M1 h3^2,110,8,0,,,,,,
M h1^2 h6,110,9,0,,,,,,
D h2 h6 g,110,10,-2,,D1 h0 h3^2 g2 + g2 G0,,,,
D1 h3^2 g2,110,10,0,,D1 h0 h3^2 g2 + g2 G0,,,,
D1 h3^2 g2 again,110,10,0,,g2 G0,,,,
"x110,10",110,10,2,,,,,,
D1 h0 h3^2 g2 + g2 G0,110,11,-1,,,,,,
g2 G0,110,11,1,,,,,,
"h1 x109,12",110,13,-1,,,,,,
D^2 H1,110,13,1,,,,,,
"h2 x107,13",110,14,-2,,,,,,
"h1 x109,13",110,14,0,,,,,,
D h0^2 h6 i,110,14,2,,D h0^3 h6 i,,,,
D h0^3 h6 i,110,15,-1,,D h0^4 h6 i,,,,
"x110,15",110,15,1,,,,,,
M^2 g,110,16,-3,,M^2 h0 g,,,,
D h0^4 h6 i,110,16,-1,,D h0^5 h6 i,,,,
"x110,16",110,16,1,,,,,,
D^3 e1,110,16,3,,,,,,
M^2 h0 g,110,17,-1,,M^2 h0^2 g,,,,
D h0^5 h6 i,110,17,1,,M^2 h0^2 g,,,,
D^3 h1 x,110,18,-3,,,,,,
M^2 h0^2 g,110,18,-1,,,,,,
M D^2 e0,110,18,1,,M D^2 h0 e0,,,,
D^4 h3^2,110,18,3,,D^4 h0 h3^2,,,,
M D^2 h0 e0,110,19,-3,,M D^2 h0^2 e0,,,,
P D D1 j,110,19,-1,,P D D1 h0 j,,,,
D^4 h0 h3^2,110,19,1,,h0^2 . D^4 h3^2,,,,
M D h1 g^2,110,19,3,,,,,,
M D^2 h0^2 e0,110,20,-2,,,,,,
P D D1 h0 j,110,20,0,,P^2 D D1 h1 e0,,,,
h0^2 . D^4 h3^2,110,20,2,,h0^3 . D^4 h3^2,,,,
P^2 D D1 h1 e0,110,21,-2,,,,,,
h0^3 . D^4 h3^2,110,21,0,,h0^4 . D^4 h3^2,,,,
D^3 h1 e0 g,110,21,2,,,,,,
D h2^2 g^4,110,22,-2,,,,,,
h0^4 . D^4 h3^2,110,22,0,,h0^5 . D^4 h3^2,,,,
M d0 e0^3,110,22,2,,,,,,
h0^5 . D^4 h3^2,110,23,-1,,h0^6 . D^4 h3^2,,,,
D^2 M P^2 h1,110,23,1,,,,,,
h0^6 . D^4 h3^2,110,24,-1,,h0^7 . D^4 h3^2,,,,
D^2 d0^2 e0^2,110,24,1,,,,,,
h0^7 . D^4 h3^2,110,25,-2,,h0^8 . D^4 h3^2,,,,
M P d0^2 k,110,25,0,,,,,,
D h1 e0^5,110,25,2,,,,,,
h0^8 . D^4 h3^2,110,26,0,,P^2 D^3 c0 d0,,,,
P D^2 d0^2 j + P^2 D^3 c0 d0,110,27,-1,,,,,,
P^2 D^3 c0 d0,110,27,1,,P D^2 h0 d0^2 j,,,,
P D^2 h0 d0^2 j,110,28,-2,,P^2 D^2 h1 d0^2 e0,,,,
P D^2 h0 d0^2 j again,110,28,-2,,M P^3 D h1^3 d0,,,,
M P^2 i j,110,28,0,,M P^3 D h1^3 d0,,,,
d0^3 e0^4,110,28,2,,,,,,
P^2 D^2 h1 d0^2 e0,110,29,-1,,,,,,
M P^3 D h1^3 d0,110,29,1,,,,,,
P d0^5 l,110,31,0,,,,,,
P^4 D^2 h1^2 d0^2,110,34,-2,,,,,,
M P^6 e0,110,34,0,,M P^6 h0 e0,,,,
P^4 d0 k m,110,34,2,,,,,,
M P^6 h0 e0,110,35,0,,M P^6 h0^2 e0,,,,
M P^6 h0^2 e0,110,36,0,,,,,,
P^5 D h1 d0^2 e0,110,37,0,,,,,,
M P^8 h1,110,39,0,,,,,,
P^5 d0^5,110,40,0,,,,,,
P^7 d0^2 j,110,43,0,,,,,,
P^8 i^2,110,46,0,,P^8 h0 i^2,,,,
P^8 h0 i^2,110,47,0,,P^8 h0^2 i^2,,,,
P^8 h0^2 i^2,110,48,0,,P^8 h0^3 i^2,,,,
P^8 h0^3 i^2,110,49,0,,P^8 h0^4 i^2,,,,
P^8 h0^4 i^2,110,50,0,,P^11 c0 d0,,,,
P^11 c0 d0,110,51,0,,,,,,
P^12 d0,110,52,0,,P^12 h0 d0,,,,
P^12 h0 d0,110,53,0,,P^12 h0^2 d0,,,,
P^12 h0^2 d0,110,54,0,,,,,,