name,stem,Adams filtration,weight,tautorsion,shift,h0info,h0target,h1info,h1target,h2info,h2target,drinfo,drtarget
1,0,0,0,0,0,,h0,,h1,,h2,,
h0,0,1,0,0,0,,h0^2,,,,h0 h2,,
h0^2,0,2,0,0,0,,h0^3,,,t,h1^3,,
h0^3,0,3,0,0,0,,loc,,,,,,
h1,1,1,1,0,0,,,,h1^2,,,,
h1^2,2,2,2,0,0,,,,h1^3,,,,
h2,3,1,2,0,0,,h0 h2,,,,h2^2,,
h0 h2,3,2,2,0,0,t,h1^3,,,,,,
h1^3,3,3,3,0,0,,,,h1^4,,,,
h1^4,4,4,4,1,0,,,,loc,,,,
h2^2,6,2,4,0,0,,,,,,h1^2 h3,,
h3,7,1,4,0,0,,h0 h3,,h1 h3,,,,
h0 h3,7,2,4,0,0,,h0^2 h3,,,,,,
h0^2 h3,7,3,4,0,0,,h0^3 h3,,,,,,
h0^3 h3,7,4,4,0,0,,,,,,,,
h1 h3,8,2,5,0,0,,,,h1^2 h3,,,,
c0,8,3,5,0,0,,,,h1 c0,,,,
h1^2 h3,9,3,6,0,0,,,,,,,,
h1 c0,9,4,6,0,0,,,,loc,,,,
P h1,9,5,5,0,0,,,,P h1^2,,,,
P h1^2,10,6,6,0,0,,,,P h1^3,,,,
P h2,11,5,6,0,0,,P h0 h2,,,,,,
P h0 h2,11,6,6,0,0,t,P h1^3,,,,,,
P h1^3,11,7,7,0,0,,,,loc,,,,
h3^2,14,2,8,0,0,,,,,,,,
d0,14,4,8,0,0,,,,h1 d0,,h0 e0,,
h0^3 h4,15,4,8,0,0,,h0^4 h4,,,,,,
h1 d0,15,5,9,0,-1,,,,,,,,
h0^4 h4,15,5,8,0,1,,h0^5 h4,,,,,,
h0^5 h4,15,6,8,0,0,,h0^6 h4,,,,,,
h0^6 h4,15,7,8,0,0,,h0^7 h4,,,,,,
h0^7 h4,15,8,8,0,0,,,,,,,,
h1 h4,16,2,9,0,0,,,,h1^2 h4,,,,
P c0,16,7,9,0,0,,,,P h1 c0,,,,
h1^2 h4,17,3,10,0,0,,,,h1^3 h4,,,,
h0 e0,17,5,10,0,0,,,,,,h0 h2 e0,,
P h1 c0,17,8,10,0,0,,,,loc,,,,
P^2 h1,17,9,9,0,0,,,,P^2 h1^2,,,,
h2 h4,18,2,10,0,0,,h0 h2 h4,,,,h2^2 h4,,
h0 h2 h4,18,3,10,0,0,t,h1^3 h4,,,,,,
h1^3 h4,18,4,11,0,0,,,,,,,,
P^2 h1^2,18,10,10,0,0,,,,P^2 h1^3,,,,
c1,19,3,11,0,0,,,,,,h2 c1,,
P^2 h2,19,9,10,0,0,,P^2 h0 h2,,,,,,
P^2 h0 h2,19,10,10,0,0,t,P^2 h1^3,,,,,,
P^2 h1^3,19,11,11,0,0,,,,loc,,,,
t g,20,4,11,0,0,t,h2 e0,,t h1 g,t,h2 g,,
h2 e0,20,5,12,0,0,,h0 h2 e0,,,,h0 h2 g,,
h0 h2 e0,20,6,12,0,0,,,,,,,,
h2^2 h4,21,3,12,0,0,,,,,,,,
t h1 g,21,5,12,0,0,,,,,,,,
h2 c1,22,4,13,0,0,,,,,,,,
c0 d0,22,7,13,1,0,,,,h1 c0 d0,,,,
P d0,22,8,12,0,0,,,,P h1 d0,,,,
h4 c0,23,4,13,0,0,,,,h1 h4 c0,,,,
h2 g,23,5,14,0,0,,h0 h2 g,,,,h2^2 g,,
h0 h2 g,23,6,14,0,0,,,,,,,,
h1 c0 d0,23,8,14,1,0,,,,,,,,
P h1 d0,23,9,13,0,-1,,,,,,,,
h0^2 i,23,9,12,0,1,,h0^3 i,,,,,,
h0^3 i,23,10,12,0,0,,h0^4 i,,,,,,
h0^4 i,23,11,12,0,0,,h0^5 i,,,,,,
h0^5 i,23,12,12,0,0,,,,,,,,
h1 h4 c0,24,5,14,0,0,,,,h1^2 h4 c0,,,,
P^2 c0,24,11,13,0,0,,,,P^2 h1 c0,,,,
h1^2 h4 c0,25,6,15,1,0,,,,,,,,
P^2 h1 c0,25,12,14,0,0,,,,loc,,,,
P^3 h1,25,13,13,0,0,,,,P^3 h1^2,,,,
h2^2 g,26,6,16,0,0,,,,,,h1^2 h3 g,,
P^3 h1^2,26,14,14,0,0,,,,P^3 h1^3,,,,
P^3 h2,27,13,14,0,0,,P^3 h0 h2,,,,,,
P^3 h0 h2,27,14,14,0,0,t,P^3 h1^3,,,,,,
P^3 h1^3,27,15,15,0,0,,,,loc,,,,
h1 h3 g,28,6,17,1,0,,,,h1^2 h3 g,,,,
d0^2,28,8,16,0,0,,,,h1 d0^2,,,,
h1^2 h3 g,29,7,18,1,0,,,,,,,,
h1 d0^2,29,9,17,1,0,,,,,,,,
h4^2,30,2,16,0,0,,,,h1 h4^2,,,,
h1 h4^2,31,3,17,0,0,,,,,,,,
n,31,5,17,0,0,,,,,,h2 n,,
h0^10 h5,31,11,16,0,0,,h0^11 h5,,,,,,
h0^11 h5,31,12,16,0,0,,h0^12 h5,,,,,,
h0^12 h5,31,13,16,0,0,,h0^13 h5,,,,,,
h0^13 h5,31,14,16,0,0,,h0^14 h5,,,,,,
h0^14 h5,31,15,16,0,0,,h0^15 h5,,,,,,
h0^15 h5,31,16,16,0,0,,,,,,,,
h1 h5,32,2,17,0,0,,,,h1^2 h5,,,,
d1,32,4,18,0,0,,,,h1 d1,,h2 d1,,
q,32,6,17,0,0,,,,h1 q,,,,
P^3 c0,32,15,17,0,0,,,,P^3 h1 c0,,,,
h1^2 h5,33,3,18,0,0,,,,h1^3 h5,,,,
p,33,4,18,0,0,,,,,,,,
h1 d1,33,5,19,1,0,,,,h1^2 d1,,,,
h1 q,33,7,18,0,0,,,,,,,,
P^3 h1 c0,33,16,18,0,0,,,,loc,,,,
P^4 h1,33,17,17,0,0,,,,P^4 h1^2,,,,
h0 h2 h5,34,3,18,0,0,t,h1^3 h5,,,,,,
h1^3 h5,34,4,19,0,0,,,,h1^4 h5,,,,
h2 n,34,6,19,0,-1,,,,,,,,
h1^2 d1,34,6,20,1,1,,,,,,,,
e0^2,34,8,20,0,0,,,,h1 e0^2,,h0 e0 g,,
P^4 h1^2,34,18,18,0,0,,,,P^4 h1^3,,,,
h2 d1,35,5,20,0,-1,,,,,,h2^2 d1,,
h1^4 h5,35,5,20,1,1,,,,h1^5 h5,,,,
h1 e0^2,35,9,21,0,0,,,,,,,,
P^4 h2,35,17,18,0,0,,P^4 h0 h2,,,,,,
P^4 h0 h2,35,18,18,0,0,t,P^4 h1^3,,,,,,
P^4 h1^3,35,19,19,0,0,,,,loc,,,,
h1^5 h5,36,6,21,1,-1,,,,h1^6 h5,,,,
T,36,6,20,0,1,,,,,t,c1 g,,
h2^2 h5,37,3,20,0,0,,,,,,h1^2 h3 h5,,
x,37,5,20,0,0,,,t,h2^2 d1,,,,
h1^6 h5,37,7,22,1,0,,,,h1^7 h5,,,,
h0 e0 g,37,9,22,2,0,,,,,,h0^2 g^2,,
h0^2 h3 h5,38,4,20,0,0,,h0^3 h3 h5,,,,,,
h0^3 h3 h5,38,5,20,0,0,,,,,,,,
h2^2 d1,38,6,22,0,0,,,,,,h1^3 e1,,
h1^7 h5,38,8,23,1,0,,,,,,,,
h1 h3 h5,39,3,21,0,0,,,,h1^2 h3 h5,,,,
h5 c0,39,4,21,0,0,,,,h1 h5 c0,,,,
h1 e1,39,5,22,0,0,,,,h1^2 e1,,,,
c1 g,39,7,23,0,0,,,,,,h2 c1 g,,
u,39,9,21,0,0,,,,h1 u,,,,
P^2 h0^2 i,39,17,20,0,0,,P^2 h0^3 i,,,,,,
P^2 h0^3 i,39,18,20,0,0,,P^2 h0^4 i,,,,,,
P^2 h0^4 i,39,19,20,0,0,,P^2 h0^5 i,,,,,,
P^2 h0^5 i,39,20,20,0,0,,,,,,,,
h1^2 h3 h5,40,4,22,0,-1,,,,,,,,
f1,40,4,22,0,1,,,,h1 f1,,,,
h1 h5 c0,40,5,22,0,0,,,,h1^2 h5 c0,,,,
h1^2 e1,40,6,23,1,-1,,,,h1^3 e1,,,,
P h1 h5,40,6,21,0,1,,,,P h1^2 h5,,,,
t g^2,40,8,23,0,0,t,h0 g^2,,t h1 g^2,t,h2 g^2,,
h0 g^2,40,9,24,2,0,,h0^2 g^2,,,,h0 h2 g^2,,
h0^2 g^2,40,10,24,2,-1,,,,,,,,
h1 u,40,10,22,0,1,,,,,,,,
P^4 c0,40,19,21,0,0,,,,P^4 h1 c0,,,,
h1 f1,41,5,23,0,0,,,,,,,,
h1^2 h5 c0,41,6,23,1,0,,,,h1^3 h5 c0,,,,
h1^3 e1,41,7,24,1,-1,,,,,,,,
P h1^2 h5,41,7,22,0,1,,,,P h1^3 h5,,,,
t h1 g^2,41,9,24,2,0,,,,,,,,
z,41,10,22,0,0,t,,,,,,,
P^4 h1 c0,41,20,22,0,0,,,,loc,,,,
P^5 h1,41,21,21,0,0,,,,P^5 h1^2,,,,
P h2 h5,42,6,22,0,0,,P h0 h2 h5,,,,h0^2 h5 d0,,
P h0 h2 h5,42,7,22,0,-1,t,P h1^3 h5,,,,,,
h1^3 h5 c0,42,7,24,1,1,,,,h1^4 h5 c0,,,,
h2 c1 g,42,8,25,2,-1,,,,,,,,
P h1^3 h5,42,8,23,0,1,,,t2,h2 g^2,,,,
c0 e0^2,42,11,25,1,0,,,,h1 c0 e0^2,,,,
d0^3,42,12,24,0,0,,,,h1 d0^3,,,,
P^5 h1^2,42,22,22,0,0,,,,P^5 h1^3,,,,
h1^4 h5 c0,43,8,25,1,0,,,,h1^5 h5 c0,,,,
h2 g^2,43,9,26,3,0,,h0 h2 g^2,,,,h2^2 g^2,,
h0 h2 g^2,43,10,26,2,0,,,,,,,,
h1 c0 e0^2,43,12,26,1,0,,,,,,,,
h1 d0^3,43,13,25,1,0,,,,,,,,
P^5 h2,43,21,22,0,0,,P^5 h0 h2,,,,,,
P^5 h0 h2,43,22,22,0,0,t,P^5 h1^3,,,,,,
P^5 h1^3,43,23,23,0,0,,,,loc,,,,
g2,44,4,24,0,0,,h0 g2,,h1 g2,,h2 g2,,
h0 g2,44,5,24,0,0,,h0^2 g2,,,,,,
h0^2 g2,44,6,24,0,0,,,,,,,,
h1^5 h5 c0,44,9,26,1,0,,,,h1^6 h5 c0,,,,
h3^2 h5,45,3,24,0,0,,h0 h3^2 h5,,,,,,
h0 h3^2 h5,45,4,24,0,0,,,,,,,,
h5 d0,45,5,24,0,-1,,h0 h5 d0,,h1 h5 d0,,h0 h5 e0,,
h1 g2,45,5,25,0,1,,,,h1^2 g2,,,,
h0 h5 d0,45,6,24,0,0,,h0^2 h5 d0,,,,,,
h0^2 h5 d0,45,7,24,0,0,,,,,,,,
t w,45,9,24,0,0,,,,,,,,
h1^6 h5 c0,45,10,27,1,0,,,,,,,,
h1 h5 d0,46,6,25,0,-1,,,,,,,,
h1^2 g2,46,6,26,1,1,,,,,,,,
B1,46,7,25,0,0,,,,h1 B1,,,,
N,46,8,25,0,0,,,,,,,,
h2^2 g^2,46,10,28,2,0,,,,,,h1^2 h3 g^2,,
t d0 l + u',46,11,25,0,0,,,,h1 u',,,,
h2 g2,47,5,26,0,0,,,,,,,,
h1 B1,47,8,26,0,-1,,,,,,,,
P h5 c0,47,8,25,0,1,,,,P h1 h5 c0,,,,
e0 r,47,10,26,0,0,,,,,,,,
h1 u',47,12,26,1,0,,,,,,,,
P u,47,13,25,0,0,,,,,,,,
h0^7 Q',47,20,24,0,0,,h0^8 Q',,,,,,
h0^8 Q',47,21,24,0,0,,h0^9 Q',,,,,,
h0^9 Q',47,22,24,0,0,,h0^10 Q',,,,,,
h0^10 Q',47,23,24,0,0,,h0^11 Q',,,,,,
h0^11 Q',47,24,24,0,0,,,,,,,,
h0 h5 e0,48,6,26,0,0,,,,,,,,
B2,48,7,26,0,0,,h0 B2,,,,h2 B2,,
h0 B2,48,8,26,0,0,,,,,,,,
P h1 h5 c0,48,9,26,0,0,,,,,,,,
h1 h3 g^2,48,10,29,1,0,,,,h1^2 h3 g^2,,,,
d0 e0^2,48,12,28,0,0,,,,h1 d0 e0^2,,,,
P^5 c0,48,23,25,0,0,,,,P^5 h1 c0,,,,
h1^2 h3 g^2,49,11,30,1,0,,,,,,,,
h1 d0 e0^2,49,13,29,1,0,,,,,,,,
P^5 h1 c0,49,24,26,0,0,,,,loc,,,,
P^6 h1,49,25,25,0,0,,,,P^6 h1^2,,,,
h5 c1,50,4,27,0,0,,,,,,h2 h5 c1,,
t C,50,6,26,0,0,,,,,t2,i1,,
P^6 h1^2,50,26,26,0,0,,,,P^6 h1^3,,,,
h3 g2,51,5,28,0,0,,h0 h3 g2,,h1 h3 g2,,,,
h0 h3 g2,51,6,28,0,0,,,,,,,,
h2 B2,51,8,28,0,0,,,,,,,,
g n,51,9,29,0,0,,,,,,h2 g n,,
P^6 h2,51,25,26,0,0,,P^6 h0 h2,,,,,,
P^6 h0 h2,51,26,26,0,0,t,P^6 h1^3,,,,,,
P^6 h1^3,51,27,27,0,0,,,,loc,,,,
h1 h3 g2,52,6,29,0,0,,,,,,,,
d1 g,52,8,30,0,0,,,,h1 d1 g,,h2 d1 g,,
h1 G3,52,10,29,1,0,,,,h1^2 G3,,,,
t^2 e0 m,52,11,28,0,0,,,,,,,,
h2 h5 c1,53,5,29,0,0,,,,,,,,
i1,53,7,30,0,0,,,,h1 i1,,,,
h1 d1 g,53,9,31,1,-1,,,,h1^2 d1 g,,,,
B8,53,9,29,1,1,,,,h1 B8,,,,
x',53,10,28,0,0,,,,h1 x',,,,
h1^2 G3,53,11,30,1,0,,,,,,,,
d0 u,53,13,29,0,0,,,,,,,,
h1 i1,54,8,31,1,0,,,,h1^2 i1,,,,
h0 h5 i,54,9,28,0,0,,,,,,t P h1 h5 e0,,
h2 g n,54,10,31,1,-2,,,,,,,,
h1^2 d1 g,54,10,32,1,0,,,,,,,,
h1 B8,54,10,30,1,2,,,,,,,,
h1 x',54,11,29,0,-1,,,,,,,,
h1^6 h5 e0,54,11,32,1,1,,,,h1^7 h5 e0,,,,
t e0^2 g,54,12,31,0,0,,,,t h1 e0^2 g,t,h2 e0^2 g,,
h2 d1 g,55,9,32,2,-1,,,,,,h2^2 d1 g,,
h1^2 i1,55,9,32,1,1,,,,h1^3 i1,,,,
h1^7 h5 e0,55,12,33,1,0,,,,,,,,
t h1 e0^2 g,55,13,32,2,0,,,,,,,,
d0 z,55,14,30,1,0,,,,,,,,
P^4 h0^2 i,55,25,28,0,0,,P^4 h0^3 i,,,,,,
P^4 h0^3 i,55,26,28,0,0,,P^4 h0^4 i,,,,,,
P^4 h0^4 i,55,27,28,0,0,,P^4 h0^5 i,,,,,,
P^4 h0^5 i,55,28,28,0,0,,,,,,,,
h1^3 i1,56,10,33,1,-1,,,,h1^4 i1,,,,
g T,56,10,32,2,1,,,,,t,c1 g^2,,
P^6 c0,56,27,29,0,0,,,,P^6 h1 c0,,,,
D11,57,9,31,1,0,,,,h1 D11,,,,
t P h1 h5 e0,57,10,30,0,0,,,,,,,,
h1^4 i1,57,11,34,1,0,,,,h1^5 i1,,,,
h2 e0^2 g,57,13,34,2,0,,,,,,h0^2 g^3,,
P^6 h1 c0,57,28,30,0,0,,,,loc,,,,
P^7 h1,57,29,29,0,0,,,,P^7 h1^2,,,,
h3^2 g2,58,6,32,1,0,,,,,,,,
h1 Q2,58,8,31,0,0,,,,h1^2 Q2,,,,
h2^2 d1 g,58,10,34,1,-1,,,,,,h1^3 e1 g,,
h1 D11,58,10,32,1,1,,,t2,c1 g^2,,,,
h1^5 i1,58,12,35,1,0,,,,,,,,
P^7 h1^2,58,30,30,0,0,,,,P^7 h1^3,,,,
j1,59,7,33,1,0,,,,h1 j1,,,,
h1 e1 g,59,9,34,1,-1,,,,h1^2 e1 g,,,,
h1^2 Q2,59,9,32,1,1,,,,h1^3 Q2,,,,
B21,59,10,32,0,0,,,,h1 B21,,,,
c1 g^2,59,11,35,3,0,,,,,,h2 c1 g^2,,
P h1^3 h5 e0,59,12,33,1,0,,,t2,h0 g^3,,,,
t d0 w,59,13,32,0,0,,,,,,,,
P^7 h2,59,29,30,0,0,,P^7 h0 h2,,,,,,
P^7 h0 h2,59,30,30,0,0,t,P^7 h1^3,,,,,,
P^7 h1^3,59,31,31,0,0,,,,loc,,,,
h1 j1,60,8,34,1,0,,,,h1^2 j1,,,,
h1^3 D4,60,9,34,1,0,,,,h1^4 D4,,,,
h1^2 e1 g,60,10,35,1,-1,,,,h1^3 e1 g,,,,
h1^3 Q2,60,10,33,1,1,,,,h1^4 Q2,,,,
h1 B21,60,11,33,1,0,,,,,,,,
t g^3 + h1^4 h5 c0 e0,60,12,35,0,0,t,h0 g^3,,t h1 g^3 + h1^5 h5 c0 e0,t,h2 g^3,,
h0 g^3,60,13,36,3,0,,h0^2 g^3,,,,h0 h2 g^3,,
h0^2 g^3,60,14,36,2,0,,,,,,t h1^9 G,,
d0 u' + t d0^2 l,60,15,33,0,0,,,,,,,,
h1^2 j1,61,9,35,1,0,,,,,,,,
h1^4 D4,61,10,35,1,0,,,,h1^5 D4,,,,
h1^3 e1 g,61,11,36,1,-1,,,,,,,,
h1^4 Q2,61,11,34,1,1,,,,h1^5 Q2,,,,
t h1 g^3 + h1^5 h5 c0 e0,61,13,36,2,0,,,,t h1^8 G,,,,
d0 e0 r,61,14,34,2,0,,,,,,,,
h5^2,62,2,32,0,0,,,,h1 h5^2,,h2 h5^2,,
h5 n,62,6,33,0,0,,,,,t,k1,,
E1 + C0,62,8,33,0,0,,,,h1 E1,,,,
R,62,10,32,0,0,,,,,,,,
h1^5 D4,62,11,36,1,1,,,,h1^6 D4,,,,
h2 c1 g^2,62,12,37,2,-1,,,,,,,,
h1^5 Q2,62,12,35,1,1,,,t2,h2 g^3,,,,
t h1^8 G,62,14,37,1,0,,,,t h1^9 G,,,,
d0^2 e0^2,62,16,36,3,0,,,,h1 d0^2 e0^2,,,,
h1 h5^2,63,3,33,0,0,,,,h1^2 h5^2,,,,
t h1 H1,63,6,33,0,0,,,,,,,,
t X2 + t C',63,7,33,0,-1,,,,t h1 X2,,t h2 C',,
h1 E1,63,9,34,0,0,,,,h1^2 E1,,,,
h1^6 D4,63,12,37,1,0,,,,h1^7 D4,,,,
h2 g^3,63,13,38,3,0,,h0 h2 g^3,,,,h2^2 g^3,,
h0 h2 g^3,63,14,38,2,0,,t h1^9 G,,,,,,
t h1^9 G,63,15,38,1,0,,,,,,,,
h1 d0^2 e0^2,63,17,37,1,0,,,,,,,,
h0^25 h6,63,26,32,0,0,,h0^26 h6,,,,,,
h0^26 h6,63,27,32,0,0,,h0^27 h6,,,,,,
h0^27 h6,63,28,32,0,0,,h0^28 h6,,,,,,
h0^28 h6,63,29,32,0,0,,h0^29 h6,,,,,,
h0^29 h6,63,30,32,0,0,,h0^30 h6,,,,,,
h0^30 h6,63,31,32,0,0,,h0^31 h6,,,,,,
h0^31 h6,63,32,32,0,0,,,,,,,,
h1 h6,64,2,33,0,0,,,,h1^2 h6,,,,
h1^2 h5^2,64,4,34,0,0,,,,h1^3 h5^2,,,,
h2 D3,64,5,34,0,0,,,,,,h0 n1,,
h2 A',64,7,34,0,0,,,,,,t h1 G0,,
t h1 X2,64,8,34,0,-2,,,,,,,,
h3 Q2,64,8,34,0,0,,,,h1 h3 Q2,,,,
d1^2,64,8,36,1,2,,,,h1 d1^2,,h1^2 k1,,
h1^2 E1,64,10,35,1,-1,,,,,,,,
q1,64,10,33,0,1,,,,h1 q1,,,,
h1^7 D4,64,13,38,1,0,,,,h1^8 D4,,,,
P^7 c0,64,31,33,0,0,,,,P^7 h1 c0,,,,
h2 h5^2,65,3,34,0,-1,,,,,,,,
h1^2 h6,65,3,34,0,1,,,,h1^3 h6,,,,
h1^3 h5^2,65,5,35,1,0,,,,,,,,
k1,65,7,36,0,0,,,,h1 k1,,,,
h1 h3 Q2,65,9,35,0,-2,,,,,,,,
h1 d1^2,65,9,37,1,0,,,,h1^2 d1^2,,,,
h1^2 X2,65,9,36,1,2,,,,h1^3 X2,,,,
t B23,65,10,35,0,-1,t,h2 B22,,t h1 B23,t,h2 B23,,
c0 Q2,65,10,35,1,1,,,,h1 c0 Q2,,,,
h1 q1,65,11,34,0,-1,,,,h1^2 q1,,,,
h2 B22,65,11,36,0,1,,,,,,h0 h2 B23,,
P h5 j,65,12,34,0,0,,,,,,h0^5 G21,,
t g w + h1^4 X1,65,13,36,0,0,,,,h1^5 X1,,,,
h1^8 D4,65,14,39,1,0,,,,,,,,
P^7 h1 c0,65,32,34,0,0,,,,loc,,,,
P^8 h1,65,33,33,0,0,,,,P^8 h1^2,,,,
h1^3 h6,66,4,35,0,0,,,,h1^4 h6,,,,
D1 h3^2,66,6,36,0,0,,,,h1 . D1 h3^2,,,,
h1 k1,66,8,37,1,-1,,,,h1^2 k1,,,,
t h2 C',66,8,35,0,1,,,,,t,h0 h2 G0,,
h1^2 d1^2,66,10,38,1,-2,,,,,,,,
h1^3 X2,66,10,37,1,0,,,,h1^4 X2,,,,
t^2 B5 + D2',66,10,34,0,2,,h0 D2' + t^3 h1 B23,,,,h2 D2' + t^2 h2 B5,,
t h1 B23,66,11,36,0,-2,,,,,,,,
h1 c0 Q2,66,11,36,1,0,,,,P h1^2 D4,,,,
h0 D2' + t^3 h1 B23,66,11,34,0,2,t,h1^2 q1,,,,,,
h1^2 q1,66,12,35,0,0,,,,,,,,
h2^2 g^3,66,14,40,2,-1,,,,,,h1^2 h3 g^3,,
h1^5 X1,66,14,37,1,1,,,,h1^6 X1,,,,
t^2 d0 e0 m,66,15,36,0,0,,,,,,,,
P^8 h1^2,66,34,34,0,0,,,,P^8 h1^3,,,,
h1^4 h6,67,5,36,1,-1,,,,h1^5 h6,,,,
t Q3,67,5,35,0,1,t,h0 Q3,,t h1 Q3,t,h2 Q3,,
h0 n1,67,6,36,0,-1,,,,,,,,
h0 Q3,67,6,36,0,1,,,,,,h0 h2 Q3,,
h1 . D1 h3^2,67,7,37,1,0,,,,h1^2 . D1 h3^2,,,,
t h1 G0,67,8,36,0,0,,,,,,,,
h1^2 k1,67,9,38,1,0,,,,,,,,
h1^4 X2,67,11,38,1,-1,,,,,,,,
C11,67,11,35,0,1,,,,,,h2 C11,,
P h1^2 D4,67,12,37,1,0,,,,P h1^3 D4,,,,
B8 d0,67,13,37,1,0,,,,,,,,
e0 g r,67,14,38,3,-1,,h1^6 X1,,,,,,
d0 x',67,14,36,0,1,,,,,,,,
h1^6 X1,67,15,38,1,0,,,,,,,,
d0^2 u,67,17,37,1,0,,,,,,,,
P^8 h2,67,33,34,0,0,,P^8 h0 h2,,,,,,
P^8 h0 h2,67,34,34,0,0,t,P^8 h1^3,,,,,,
P^8 h1^3,67,35,35,0,0,,,,loc,,,,
h1^5 h6,68,6,37,1,-1,,,,h1^6 h6,,,,
t h1 Q3,68,6,36,0,1,,,,,,,,
h3 A',68,7,36,0,-1,,,,,,,,
h2^2 H1,68,7,37,0,1,,,,,,h1^2 h3 H1,,B8 d0
h2^2 H1 again,68,7,37,0,1,,,,,,,,d0 x'
h1^2 . D1 h3^2,68,8,38,1,0,,,,h1^3 . D1 h3^2,,,,
h2 B23,68,11,38,2,0,,h0 h2 B23,,,,M h2^2 g,,
h0 h2 B23,68,12,38,2,0,,,,,,,,
h0^5 G21,68,13,36,0,-1,,,,,,,,
P h1^3 D4,68,13,38,1,1,,,,,,,,
h1 h3 g^3,68,14,41,1,0,,,,h1^2 h3 g^3,,,,
e0^4,68,16,40,4,0,,,,h1 e0^4,,,,
h2^2 h6,69,3,36,0,0,,,,,,h1^2 h3 h6,,
p',69,4,36,0,0,,,,h1 p',,,,
h1^6 h6,69,7,38,1,0,,,,h1^7 h6,,,,
h0 h2 G0,69,9,38,0,-2,,,,,,,,
h3 (E1 + C0),69,9,37,0,0,,,,h1^2 G21,,,,
h1^3 . D1 h3^2,69,9,39,1,2,,,,h1^4 . D1 h3^2,,,,
h2 D2' + t^2 h2 B5,69,11,36,0,0,,,,,,,,
h1^2 h3 g^3,69,15,42,1,0,,,,,,,,
h1 e0^4,69,17,41,1,0,,,,,,,,
t p1,70,4,36,0,0,,h0^3 h3 h6,,t h1 p1,,,p t,h3 (E1 + C0)
t p1 again,70,4,36,0,0,,,,,,,t2,h0 h2 G0
h1 p',70,5,37,0,-1,,,,h1^2 p',,,,
h0^3 h3 h6,70,5,36,0,1,,,,,,,,
h2 Q3,70,6,38,0,0,,h0 h2 Q3,,,,h2^2 Q3,,
h0 h2 Q3,70,7,38,0,-1,,,,,,,,
t h1 h3 H1,70,7,37,0,1,,,,,,,,
h1^7 h6,70,8,39,1,-1,,,,h1^8 h6,,,,
d1 e1,70,8,39,1,1,,,,h1 d1 e1,,h1^2 l1,,
t h1 D3',70,9,37,0,0,,,,,,,,
h1^2 G21,70,10,38,0,-2,,,,,,,,
h1^4 . D1 h3^2,70,10,40,1,0,,,,h1^5 . D1 h3^2,,,,
h1^2 G21 + t h2 C'',70,10,38,1,2,,,,,t,h2^2 C'',,
h2 C11,70,12,37,0,0,,,,,,,,
t h1 W1,70,14,37,0,0,,,,D^2 h0^2 h2 g,,,,
h1 h3 h6,71,3,37,0,0,,,,h1^2 h3 h6,,,,
h6 c0,71,4,37,0,0,,,,h1 h6 c0,,,,
t h1 p1,71,5,37,0,0,,,,,,,p t,h1^2 G21
h1^2 p',71,6,38,0,0,,,,h1^3 p',,,,
l1,71,7,39,0,0,,,,h1 l1,,,,
h1^2 h3 H1,71,8,39,1,0,,,,,,,,
D h2 g2,71,9,38,0,-2,,,,,,,,
h1^8 h6,71,9,40,1,0,,,,h1^9 h6,,,,
h1 d1 e1,71,9,40,1,2,,,,h1^2 d1 e1,,,,
h1^5 . D1 h3^2,71,11,41,1,-1,,,,,,,,
d0 Q2,71,11,38,0,1,,,t3,d1 g^2,,,,
D^2 h4 c0,71,12,37,0,-1,,,,D^2 h1 h4 c0,,,,
M h2^2 g,71,12,40,2,1,,,,,,h1^5 D3',,
D^2 h2 g,71,13,38,0,-1,,D^2 h0 h2 g,,,,D^2 h2^2 g,,
g^2 n,71,13,41,1,1,,,,,,h2 g^2 n,,
D^2 h0 h2 g,71,14,38,0,0,,D^2 h0^2 h2 g,,,,,,
D^2 h0^2 h2 g,71,15,38,0,0,,,,,,,,
P^6 h0^2 i,71,33,36,0,0,,P^6 h0^3 i,,,,,,
P^6 h0^3 i,71,34,36,0,0,,P^6 h0^4 i,,,,,,
P^6 h0^4 i,71,35,36,0,0,,P^6 h0^5 i,,,,,,
P^6 h0^5 i,71,36,36,0,0,,,,,,,,
h1^2 h3 h6,72,4,38,0,0,,,,,,,,
h1 h6 c0,72,5,38,0,0,,,,h1^2 h6 c0,,,,
P h1 h6,72,6,37,0,0,,,,P h1^2 h6,,,,
h1^3 p',72,7,39,1,-1,,,,,,,,
"h1 x71,6",72,7,39,1,1,,,,"h1^2 x71,6",,,,
h1 l1,72,8,40,1,-1,,,,h1^2 l1,,,,
h4 Q2,72,8,38,0,1,,,,h1 h4 Q2,,,,
h1^9 h6,72,10,41,1,-1,,,,h1^10 h6,,,,
h1^2 d1 e1,72,10,41,1,1,,,,,,,,
h0 d0 D2,72,11,38,0,0,,,,,,,,
d1 g^2,72,12,42,4,0,,,,h1 d1 g^2,,h2 d1 g^2,,
D^2 h1 h4 c0,72,13,38,0,0,,,,D^2 h1^2 h4 c0,,,,
D h1 h3 g^2,72,14,41,1,0,,,,D h1^2 h3 g^2,,,,
t^2 e0 g m,72,15,40,0,0,,,,,,,,
P^8 c0,72,35,37,0,0,,,,P^8 h1 c0,,,,
h1^2 h6 c0,73,6,39,1,0,,,,h1^3 h6 c0,,,,
h2^2 Q3,73,7,40,0,-1,,,,,,,,
P h1^2 h6,73,7,38,0,1,,,,P h1^3 h6,,,,
"h1^2 x71,6",73,8,40,1,-1,,,,"h1^3 x71,6",,,,
h0 h4 D2,73,8,38,0,1,,,,,t,M h1 h4^2,,
h1^2 l1,73,9,41,1,-1,,,,,,,,
h1 h4 Q2,73,9,39,1,1,,,,h1^2 h4 Q2,,,,
h2^2 C'',73,11,41,2,-1,,,,,,,,
h1^10 h6,73,11,42,1,1,,,,h1^11 h6,,,,
h1^4 D3',73,12,41,1,0,,,,h1^5 D3',,,,
h1 d1 g^2,73,13,43,1,0,,,,h1^2 d1 g^2,,,,
D^2 h1^2 h4 c0,73,14,39,1,-1,,,,,,,,
M d0^2,73,14,40,0,1,,,,M h1 d0^2,,,,
D h1^2 h3 g^2,73,15,42,1,0,,,,,,,,
D h1 d0 e0^2,73,17,41,0,0,,,,,,,,
P^8 h1 c0,73,36,38,0,0,,,,loc,,,,
P^9 h1,73,37,37,0,0,,,,P^9 h1^2,,,,
t h3 n1,74,6,39,0,0,,,,,,,,
P h0 h2 h6,74,7,38,0,-1,t,P h1^3 h6,,,,,,
h1^3 h6 c0,74,7,40,1,1,,,,h1^4 h6 c0,,,,
"x74,8",74,8,40,0,-1,,,,,,,,
P h1^3 h6,74,8,39,0,1,,,,P h1^4 h6,,,,
"h1^3 x71,6",74,9,41,1,0,,,,"h1^4 x71,6",,,,
h1^2 h4 Q2,74,10,40,1,-1,,,,t g B6,,,,
h3 C'',74,10,41,1,1,,,,,,,,
h1^11 h6,74,12,43,1,0,,,,h1^12 h6,,,,
h1^5 D3',74,13,42,1,0,,,,,,,,
D^2 h2^2 g,74,14,40,0,-2,,,,,,D^2 h1^2 h3 g,,
h2 g^2 n,74,14,43,1,0,,,,,,,,
h1^2 d1 g^2,74,14,44,1,2,,,,,,,,
M h1 d0^2,74,15,41,1,0,,,,,,,,
e0^2 g^2,74,16,44,0,0,,,,h1 e0^2 g^2,,h0 e0 g^3,,
P^9 h1^2,74,38,38,0,0,,,,P^9 h1^3,,,,
h0 h3 d2,75,6,40,0,0,,,,,,,,
h1^4 h6 c0,75,8,41,1,0,,,,h1^5 h6 c0,,,,
P h1^4 h6,75,9,40,1,0,,,,P h1^5 h6,,,,
"h1^4 x71,6",75,10,42,1,0,,,,,,,,
t g B6,75,11,41,1,0,,,,,,,,
h2 d1 g^2,75,13,44,2,-1,,,,,,h2^2 d1 g^2,,
h1^12 h6,75,13,44,1,1,,,,h1^13 h6,,,,
h1 e0^2 g^2,75,17,45,3,0,,,,,,,,
d0 j m,75,18,42,1,0,,,,,,,,
P^9 h2,75,37,38,0,0,,P^9 h0 h2,,,,,,
P^9 h0 h2,75,38,38,0,0,t,P^9 h1^3,,,,,,
P^9 h1^3,75,39,39,0,0,,,,loc,,,,
"h0 x76,6",76,7,40,0,0,,"h0^2 x76,6",,,,"h0 h2 x76,6",,
"h0^2 x76,6",76,8,40,0,-1,t,M h1 h4^2,,,,,,
d1 g2,76,8,42,0,1,,,,h1 d1 g2,,h1^2 m1,,
h1^5 h6 c0,76,9,42,1,-2,,,,h1^6 h6 c0,,,,
M h1 h4^2,76,9,41,0,0,,,,,,,,
"x76,9",76,9,40,0,2,,,,,,"h1 x78,9",,
P h1^5 h6,76,10,41,1,0,,,,P h1^6 h6,,,,
h1 g B6,76,12,43,1,0,,,,h1^2 g B6,,,,
h1^13 h6,76,14,45,1,-1,,,,h1^14 h6,,,,
g^2 T,76,14,44,3,1,,,,,t,c1 g^3,,
h3^2 h6,77,3,40,0,0,,,,,,,,
h6 d0,77,5,40,0,0,,,,h1 h6 d0,,h0 h6 e0,,
h1 h4 D3,77,6,41,0,0,,,,,,,,M h1 h4^2
"x77,7",77,7,40,0,-2,,"h0 x77,7",,,,,p t,M h1 h4^2
m1,77,7,42,0,0,,,,h1 m1,,,,
"h1 x76,6",77,7,41,0,2,,,,"h1^2 x76,6",,,,
"h0 x77,7",77,8,40,0,0,,,,,,,,
h1 d1 g2,77,9,43,1,0,,,,h1^2 d1 g2,,,,
h1^6 h6 c0,77,10,43,1,0,,,,h1^7 h6 c0,,,,
P h1^6 h6,77,11,42,1,0,,,,P h1^7 h6,,,,
M D h1 h3,77,12,41,0,0,,,,M D h1^2 h3,,,,
h1^2 g B6,77,13,44,1,-1,,,t,h2^2 d1 g^2,,,,
D h1 d1 g,77,13,43,1,1,,,,D h1^2 d1 g,,,,
D^2 h1^2 h3 g,77,15,42,1,-1,,,,,,,,
h1^14 h6,77,15,46,1,1,,,,h1^15 h6,,,,
t^5 e0 g^3,77,16,41,1,0,,,,,,,,
h0 e0 g^3,77,17,46,2,0,,,,,,h0^2 g^4,,
h1 h6 d0,78,6,41,0,0,,,,,,,,
h0^6 h4 h6,78,8,40,0,-2,,h0^7 h4 h6,,,,,,
h1 m1,78,8,43,1,0,,,,h1^2 m1,,,,
"h1^2 x76,6",78,8,42,0,2,,,,"h1^3 x76,6",,,,
h0^7 h4 h6,78,9,40,0,-1,,,,,,,,
"x78,9",78,9,41,0,1,,,,"h1 x78,9",,,,
h1^2 d1 g2,78,10,44,1,-1,,,,,,,,
e0 A',78,10,42,0,1,,,,,,,,
h1^7 h6 c0,78,11,44,1,0,,,,h1^8 h6 c0,,,,
P h1^7 h6,78,12,43,1,0,,,,P h1^8 h6,,,,
M D h1^2 h3,78,13,42,0,0,,,,,,,,
h2^2 d1 g^2,78,14,46,2,-1,,,,,,h1^3 e1 g^2,,
D h1^2 d1 g,78,14,44,1,1,,,t2,c1 g^3,,,,
h1^15 h6,78,16,47,1,0,,,,,,,,
h1 h4 h6,79,3,41,0,0,,,,h1^2 h4 h6,,,,
"h2 x76,6",79,7,42,0,0,,"h0 h2 x76,6",,,,h0^2 h4 Q3,,
"h0 h2 x76,6",79,8,42,0,-1,,,,,,,,
P h6 c0,79,8,41,0,1,,,,P h1 h6 c0,,,,
h1^2 m1,79,9,44,1,-1,,,,,,,,
"h1^3 x76,6",79,9,43,1,1,,,,,,,,
"h1 x78,9",79,10,42,0,0,,,,,,,,
g j1,79,11,45,1,-1,,,,h1 g j1,,,,
D B6,79,11,42,0,1,,,,D h1 B6,t,(D e1 + C0) g,,
h1^8 h6 c0,79,12,45,1,0,,,,h1^9 h6 c0,,,,
h1 e1 g^2,79,13,46,1,-2,,,,h1^2 e1 g^2,,,,
P h1^8 h6,79,13,44,1,0,,,,P h1^9 h6,,,,
D^2 n,79,13,41,0,2,,,,,,D^2 h2 n,,
M e0^2,79,14,44,0,0,,,,M h1 e0^2,,,,
c1 g^3,79,15,47,3,0,,,,,,h2 c1 g^3,,
D h1 e0^2 g,79,17,45,4,0,,,,D h1^2 e0^2 g,,,,
P^4 h0^7 Q',79,36,40,0,0,,P^4 h0^8 Q',,,,,,
P^4 h0^8 Q',79,37,40,0,0,,P^4 h0^9 Q',,,,,,
P^4 h0^9 Q',79,38,40,0,0,,P^4 h0^10 Q',,,,,,
P^4 h0^10 Q',79,39,40,0,0,,P^4 h0^11 Q',,,,,,
P^4 h0^11 Q',79,40,40,0,0,,,,,,,,
h1^2 h4 h6,80,4,42,0,0,,,,h1^3 h4 h6,,,,
h1 x1,80,6,43,0,-1,,,,h1^2 x1,,,,
h0 h6 e0,80,6,42,0,1,,,,,,h0^2 h6 g,,
P h1 h6 c0,80,9,42,0,-1,,,,P h1^2 h6 c0,,,,
"h2 x77,8",80,9,43,0,1,,,,,,t h1 g H1,,
P^2 h1 h6,80,10,41,0,0,,,,P^2 h1^2 h6,,,,
h1 g j1,80,12,46,1,-2,,,,h1^2 g j1,,,,
D h1 B6,80,12,43,1,0,,,,D h1^2 B6,,,,
"x80,12",80,12,42,0,2,,,,D^2 h1 d1,,D^2 h2 d1,,
h1^9 h6 c0,80,13,46,1,0,,,,h1^10 h6 c0,,,,
h1^2 e1 g^2,80,14,47,1,-1,,,,h1^3 e1 g^2,,,,
P h1^9 h6,80,14,45,1,1,,,,P h1^10 h6,,,,
M h1 e0^2,80,15,45,1,0,,,,,,,,
t g^4,80,16,47,0,0,t,h0 g^4,,t h1 g^4,t,h2 g^4,,
h0 g^4,80,17,48,2,0,,h0^2 g^4,,,,h0 h2 g^4,,
D h1^2 e0^2 g,80,18,46,1,-1,,,,,,,,
h0^2 g^4,80,18,48,2,1,,,,,,,,
D c0 d0 e0^2,80,19,45,3,0,,,,,,,,
P^9 c0,80,39,41,0,0,,,,P^9 h1 c0,,,,
h2 h4 h6,81,3,42,0,0,,h0 h2 h4 h6,,,,h2^2 h4 h6,,
h0 h2 h4 h6,81,4,42,0,0,t,h1^3 h4 h6,,,,,,
h1^3 h4 h6,81,5,43,0,0,,,,,,,,
h3^2 n1,81,7,44,0,-1,,,,,,,,
h1^2 x1,81,7,44,1,1,,,,h1^3 x1,,,,
t c1 H1,81,8,43,0,0,,,,,t,h2 c1 H1,,
P h1^2 h6 c0,81,10,43,1,0,,,,P h1^3 h6 c0,,,,
P^2 h1^2 h6,81,11,42,0,0,,,,P^2 h1^3 h6,,,,
D^2 p,81,12,42,0,0,t,D^2 h1 d1,,,,,,
h1^2 g j1,81,13,47,1,-2,,,,,,,,
D h1^2 B6,81,13,44,1,0,,,,,,,,
D^2 h1 d1,81,13,43,0,2,,,,D^2 h1^2 d1,,,,
h1^10 h6 c0,81,14,47,1,0,,,,h1^11 h6 c0,,,,
h1^3 e1 g^2,81,15,48,1,-1,,,,,,,,
P h1^10 h6,81,15,46,1,1,,,,P h1^11 h6,,,,
t h1 g^4,81,17,48,2,0,,,,,,,,
e0^3 r,81,18,46,2,0,,,,,,,,
P^9 h1 c0,81,40,42,0,0,,,,loc,,,,
P^10 h1,81,41,41,0,0,,,,P^10 h1^2,,,,
h6 c1,82,4,43,0,0,,,,,,h2 h6 c1,,
h2 x1,82,6,44,0,0,,,,,,,,
h0^2 h4 Q3,82,8,44,0,-2,,,,,,,,
h1^3 x1,82,8,45,1,0,,,,h1^4 x1,,,,
e1 g2,82,8,45,0,2,,,,,,h1^3 h4 Q3,,
P^2 h2 h6,82,10,42,0,0,,P^2 h0 h2 h6,,,,,,
P h1^3 h6 c0,82,11,44,1,-1,,,,P h1^4 h6 c0,,,,
P^2 h0 h2 h6,82,11,42,0,1,t,P^2 h1^3 h6,,,,,,
(D e1 + C0) g,82,12,45,2,-1,,,,D h1 e1 g,,,,
P^2 h1^3 h6,82,12,43,0,1,,,,P^2 h1^4 h6,,,,
D^2 h2 n,82,14,43,0,-1,,,,,,,,
D^2 h1^2 d1,82,14,44,1,1,,,,,,,,
h1^11 h6 c0,82,15,48,1,0,,,,h1^12 h6 c0,,,,
h2 c1 g^3,82,16,49,2,-1,,,,,,,,
P h1^11 h6,82,16,47,1,1,,,t2,h2 g^4,,,,
c0 e0^2 g^2,82,19,49,1,0,,,,h1 c0 e0^2 g^2,,,,
d0 e0^4,82,20,48,3,0,,,,h1 d0 e0^4,,,,
P^10 h1^2,82,42,42,0,0,,,,P^10 h1^3,,,,
t h6 g,83,5,43,0,0,t,h0 h6 g,,t h1 h6 g,t,h2 h6 g,p,D^2 h2 n
t h6 g again,83,5,43,0,0,,,,,p,t h1^2 f2,,
h0 h6 g,83,6,44,0,0,,h0^2 h6 g,,,,h0 h2 h6 g,,
h0^2 h6 g,83,7,44,0,-1,,,,,,,,
h1 h4 Q3,83,7,45,1,1,,,,h1^2 h4 Q3,,,,
h1^4 x1,83,9,46,1,0,,,,h1^5 x1,,,,
t h1 g H1,83,10,45,0,0,,,,,,,,
D j1,83,11,45,0,0,,,,D h1 j1,,,,
P h1^4 h6 c0,83,12,45,1,0,,,,P h1^5 h6 c0,,,,
D^2 h2 d1,83,13,44,0,-2,,,,,,t^2 B5 g,,
D h1 e1 g,83,13,46,1,0,,,,D h1^2 e1 g,,,,
P^2 h1^4 h6,83,13,44,1,2,,,,P^2 h1^5 h6,,,,
h1^12 h6 c0,83,16,49,1,0,,,,h1^13 h6 c0,,,,
h2 g^4,83,17,50,3,0,,h0 h2 g^4,,,,h2^2 g^4,,
h0 h2 g^4,83,18,50,2,0,,,,,,,,
h1 c0 e0^2 g^2,83,20,50,1,0,,,,,,,,
h1 d0 e0^4,83,21,49,1,0,,,,,,,,
P^10 h2,83,41,42,0,0,,P^10 h0 h2,,,,,,
P^10 h0 h2,83,42,42,0,0,t,P^10 h1^3,,,,,,
P^10 h1^3,83,43,43,0,0,,,,loc,,,,
h2^2 h4 h6,84,4,44,0,0,,,,,,,,
t h1 h6 g,84,6,44,0,0,,,,,,,,
h1^2 h4 Q3,84,8,46,1,0,,,,h1^3 h4 Q3,,,,
h2 c1 H1,84,9,46,0,0,,,,,,,,
h1^5 x1,84,10,47,1,-1,,,,,,,,
"P x76,6",84,10,45,0,1,,,,"P h1 x76,6",,,,
h2 g A',84,11,46,2,0,,,,,,t h1 g G0,,
D h1 j1,84,12,46,1,-1,,,,D h1^2 j1,,,,
d1^2 g,84,12,48,1,1,,,,h1 d1^2 g,,h1^2 d1 i1,,
P h1^5 h6 c0,84,13,46,1,0,,,,P h1^6 h6 c0,,,,
D h1^2 e1 g,84,14,47,1,-2,,,,,,,,
P^2 h1^5 h6,84,14,45,1,0,,,,P^2 h1^6 h6,,,,
D^2 T,84,14,44,0,2,,,,,t,D^2 c1 g,,
M D h1 d0,84,15,45,0,0,,,,M D h1^2 d0,,,,
h1^13 h6 c0,84,17,50,1,0,,,,h1^14 h6 c0,,,,
h2 h6 c1,85,5,45,0,-1,,,,,,,,
t h1 f2,85,5,44,0,1,,,,t h1^2 f2,,,,
"x85,6",85,6,45,0,0,,,,"h1 x85,6",,,p,M D h1 d0
h2 h4 Q3,85,7,46,0,0,,h0 h2 h4 Q3,,,,,,
h0 h2 h4 Q3,85,8,46,1,-1,,,,,,,,
h6 c0 d0,85,8,45,1,1,,,,h1 h6 c0 d0,,,,
h1^3 h4 Q3,85,9,47,1,-1,,,,,,,,
P h6 d0,85,9,44,0,1,,,,P h1 h6 d0,,,,
"P h1 x76,6",85,11,46,0,-1,,,,,,,,
d1 i1,85,11,48,1,1,,,,h1 d1 i1,,,,
D h1^2 j1,85,13,47,1,-2,,,,,,,,
D^2 x,85,13,44,0,0,,D^2 h0 x,t,t^2 B5 g,,,,
h1 d1^2 g,85,13,49,1,2,,,,h1^2 d1^2 g,,,,
P h1^6 h6 c0,85,14,47,1,-2,,,,P h1^7 h6 c0,,,,
D^2 h0 x,85,14,44,0,0,,,,,,,,
M g^2,85,14,48,0,2,,M h0 g^2,,M h1 g^2,,M h2 g^2,,
P^2 h1^6 h6,85,15,46,1,-1,,,,P^2 h1^7 h6,,,,
M h0 g^2,85,15,48,2,1,,,,,,M h0 h2 g^2,,
M D h1^2 d0,85,16,46,1,0,,,,,,,,
t D h1 g^3,85,17,48,0,-1,,,,,,,,
D^2 h0 e0 g,85,17,46,2,1,,,,,,D^2 h0^2 g^2,,
h1^14 h6 c0,85,18,51,1,0,,,,,,,,
h4 h6 c0,86,5,45,0,0,,,,h1 h4 h6 c0,,,,
h2 h6 g,86,6,46,0,-1,,h0 h2 h6 g,,,,h2^2 h6 g,p,M D h1^2 d0
t h1^2 f2,86,6,45,0,1,,,,,,,,
"h1 x85,6",86,7,46,0,-1,,,,"h1^2 x85,6",,,p,M D h1^2 d0
h0 h2 h6 g,86,7,46,0,1,,,,,,,,
h1 h6 c0 d0,86,9,46,1,0,,,,,,,,
P h1 h6 d0,86,10,45,0,0,,,,,,,,
h0^3 h6 i,86,11,44,0,0,,h0^4 h6 i,,,,,,
h1 d1 i1,86,12,49,1,-2,,,,h1^2 d1 i1,,,,
h0^4 h6 i,86,12,44,0,0,,h0^5 h6 i,,,,,,
t h2 g C',86,12,47,1,2,,,,,t,h0 h2 g G0,,
h0^5 h6 i,86,13,44,0,0,,,,,,,,
t^2 B5 g,86,14,46,0,-1,,,,,,t^2 h2 B5 g,,
h1^2 d1^2 g,86,14,50,1,1,,,,,,,,
P h1^7 h6 c0,86,15,48,1,-1,,,,P h1^8 h6 c0,,,,
M h1 g^2,86,15,49,3,1,,,,M h1^2 g^2,,,,
P^2 h1^7 h6,86,16,47,1,-1,,,,,,,,
B4 j,86,16,46,0,1,,,,,,,,
h2^2 g^4,86,18,52,2,0,,,,,,h1^2 h3 g^4,,
D c0 e0^2 g,86,19,49,4,0,,,,D h1 c0 e0^2 g,,,,
h1^2 c3,87,5,46,0,0,,,,,,,,
h1 h4 h6 c0,87,6,46,0,0,,,,h1^2 h4 h6 c0,,,,
"x87,7",87,7,45,0,0,,,,"h1 x87,7",,,p t,B4 j
"h1^2 x85,6",87,8,47,1,0,,,,,,,,
g Q3,87,9,48,0,0,,,,,,h2 g Q3,,
t D h1 H1,87,10,45,0,0,,,,,,,p t,B4 j
B6 d1,87,11,48,1,0,,,,,t,d1 e1 g,,
t h1 g G0,87,12,48,2,-1,,,,,,,,
P^2 h6 c0,87,12,45,0,1,,,,P^2 h1 h6 c0,,,,
h1^2 d1 i1,87,13,50,1,-1,,,,,,,,
D^2 h1 e1,87,13,46,0,1,,,,D^2 h1^2 e1,,,,
D^2 c1 g,87,15,47,0,0,,,,,,D^2 h2 c1 g,,
P h1^8 h6 c0,87,16,49,1,-1,,,,P h1^9 h6 c0,,,,
M h1^2 g^2,87,16,50,1,1,,,,,,,,
M c0 e0^2,87,17,49,1,0,,,,,,,,
D h2^2 e0 g^2,87,18,50,3,-1,,,,,,,,
M d0^3,87,18,48,0,1,,,,,,,,
D h1 c0 e0^2 g,87,20,50,1,0,,,,,,,,
D h1 d0^2 e0^2,87,21,49,1,0,,,,,,,,
P^8 h0^2 i,87,41,44,0,0,,P^8 h0^3 i,,,,,,
P^8 h0^3 i,87,42,44,0,0,,P^8 h0^4 i,,,,,,
P^8 h0^4 i,87,43,44,0,0,,P^8 h0^5 i,,,,,,
P^8 h0^5 i,87,44,44,0,0,,,,,,,,
h1^2 h4 h6 c0,88,7,47,1,0,,,,,,,,
"h1 x87,7",88,8,46,0,-1,,,,,,,,
g2^2,88,8,48,0,1,,h0 g2^2,,,,,,
h0 g2^2,88,9,48,0,0,,,,,,,,
"x88,10",88,10,48,1,0,,,,"h1 x88,10",,,,
h2^2 g H1,88,11,49,2,0,,,,,,h1^2 h3 g H1,,M c0 e0^2
D^2 f1,88,12,46,0,-1,,,,D^2 h1 f1,,,p t2,M d0^3
D g2 g,88,12,48,0,1,,,,D h1 g2 g,,h1^2 d1 Q2,,M d0^3
P^2 h1 h6 c0,88,13,46,0,0,,,,P^2 h1^2 h6 c0,,,,
D^2 h1^2 e1,88,14,47,1,-1,,,,t^2 h2 B5 g,,,,
P^3 h1 h6,88,14,45,0,1,,,,P^3 h1^2 h6,,,,
M h2 g^2,88,15,50,2,0,,M h0 h2 g^2,,,,M h2^2 g^2,,
M h0 h2 g^2,88,16,50,2,0,,,,,,,,
P h1^9 h6 c0,88,17,50,1,0,,,,,,,,
D^2 h0^2 g^2,88,18,48,2,-1,,,,,,,,
h1 h3 g^4,88,18,53,1,1,,,,h1^2 h3 g^4,,,,
e0^4 g + M h1^6 e0 g,88,20,52,4,0,,,,h1 e0^4 g + M h1^7 e0 g,,,,
P^10 c0,88,43,45,0,0,,,,P^10 h1 c0,,,,
h2^2 h6 g,89,7,48,0,0,,,,,,h1^2 h3 h6 g,,
d1 Q2,89,11,48,1,-1,,,,h1 d1 Q2,,,,
"h1 x88,10",89,11,49,1,1,,,t,d1 e1 g,,,,
h0 h2 g G0,89,13,50,2,-2,,,,,,,,
D^2 h1 f1,89,13,47,0,0,,,,,,,,
D h1 g2 g,89,13,49,1,2,,,,D h1^2 g2 g,,,,
P^2 h1^2 h6 c0,89,14,47,1,0,,,,P^2 h1^3 h6 c0,,,,
t^2 h2 B5 g,89,15,48,1,-1,,,,,,,,
P^3 h1^2 h6,89,15,46,0,1,,,,P^3 h1^3 h6,,,,
h1^2 h3 g^4,89,19,54,1,0,,,,,,,,
h1 e0^4 g + M h1^7 e0 g,89,21,53,1,0,,,,,,,,
P^10 h1 c0,89,44,46,0,0,,,,loc,,,,
P^11 h1,89,45,45,0,0,,,,P^11 h1^2,,,,
h2 g Q3,90,10,50,2,0,,,,,,D1 h1^3 e1,,
h1 d1 Q2,90,12,49,1,-2,,,,h1^2 d1 Q2,,,,
d1 e1 g,90,12,51,2,0,,,,h1 d1 e1 g,,h1^2 d1 j1,,
M^2,90,12,48,0,2,,,,M^2 h1,,D D1 h0 e0,,
D h1^2 g2 g,90,14,50,1,-2,,,,,,,,
t h2 g C'',90,14,50,1,0,,,,,t2,g^2 i1,,
P^3 h2 h6,90,14,46,0,2,,P^3 h0 h2 h6,,,,P^2 h0^2 h6 d0,,
P^2 h1^3 h6 c0,90,15,48,1,-2,,,,P^2 h1^4 h6 c0,,,,
P^3 h0 h2 h6,90,15,46,0,0,t,P^3 h1^3 h6,,,,,,
M D h1 g,90,15,49,0,2,,,,M D h1^2 g,,,,
D^2 h2 c1 g,90,16,49,2,-1,,,,,,,,
P^3 h1^3 h6,90,16,47,0,1,,,t2,D^2 h2 g^2,,,,
t^3 g m^2,90,18,49,0,0,,,,,,,,
P^11 h1^2,90,46,46,0,0,,,,P^11 h1^3,,,,
h4^2 D3,91,6,48,0,0,,,,h1 h4^2 D3,,,,
h1 h3 h6 g,91,7,49,1,0,,,,h1^2 h3 h6 g,,,,
d1 j1,91,11,51,1,0,,,,h1 d1 j1,,,,
h1^2 h3 g H1,91,12,51,1,-1,,,,,,,,
D h2^2 A',91,12,48,0,1,,,,,,,,
h1^2 d1 Q2,91,13,50,1,-2,,,,,,,,
h1 d1 e1 g,91,13,52,1,0,,,,h1^2 d1 e1 g,,,,
M^2 h1,91,13,49,0,2,,,,,,,,
M h2^2 g^2,91,16,52,2,-2,,,,,,,,
P^2 h1^4 h6 c0,91,16,49,1,0,,,,P^2 h1^5 h6 c0,,,,
M D h1^2 g,91,16,50,1,2,,,,M D h1^3 g,,,,
D^2 h2 g^2,91,17,50,3,-2,,D^2 h0 h2 g^2,,,,D^2 h2^2 g^2,,
M D c0 d0,91,17,49,0,0,,,,,,,,
g^3 n,91,17,53,1,2,,,,,,h2 g^3 n,,
D^2 h0 h2 g^2,91,18,50,2,0,,,,,,,,
t^4 d0 e0 g^3 + D^2 h1 c0 e0^2,91,20,50,2,0,,,,,,,,
P^11 h2,91,45,46,0,0,,P^11 h0 h2,,,,,,
P^11 h0 h2,91,46,46,0,0,t,P^11 h1^3,,,,,,
P^11 h1^3,91,47,47,0,0,,,,loc,,,,
h0 g3,92,5,48,0,0,,h0^2 g3,,,,h0 h2 g3,,
h0^2 g3,92,6,48,0,0,,,,,,,,
h1 h4^2 D3,92,7,49,0,0,,,,,,,,
h1^2 h3 h6 g,92,8,50,1,0,,,,,,,,
"h1 x91,8",92,9,49,0,0,,,,"h1^2 x91,8",,,,
D1 h1^2 e1,92,10,51,1,-1,,,,D1 h1^3 e1,,,,
"x92,10",92,10,48,0,1,,"h0 x92,10",,"h1 x92,10",t,"x95,11",,
"h0 x92,10",92,11,48,0,0,,,,,,,,
h1 d1 j1,92,12,52,1,-1,,,,h1^2 d1 j1,,,,
"x92,12",92,12,48,0,1,,,,"h1 x92,12",,"h2 x92,12",p t,M D c0 d0
"x92,12 again",92,12,48,0,1,,,,,,,p t2,D^2 h2 g^2
h1^2 d1 e1 g,92,14,53,1,0,,,,,,,,
M D h2^2 e0,92,16,50,0,-1,,,,,,,,
d1 g^3,92,16,54,3,1,,,,h1 d1 g^3,,h2 d1 g^3,,
P^2 h1^5 h6 c0,92,17,50,1,-1,,,,P^2 h1^6 h6 c0,,,,
M D h1^3 g,92,17,51,1,1,,,,,,,,
D h1 h3 g^3,92,18,53,1,0,,,,D h1^2 h3 g^3,,,,
t^2 e0 g^2 m,92,19,52,4,-1,,,,,,,,
M P D h1 d0,92,19,49,0,1,,,,,,,,
t h1 g3,93,5,48,0,0,,,t,h1^2 g3,,,,"h0 x92,10"
h0^3 h4^2 h6,93,6,48,0,0,,,,,,,,
D1 h2 e1,93,9,51,1,0,,,,,,,,
"h1^2 x91,8",93,10,50,0,-1,,,,,,,,
h0^3 . D h2^2 h6,93,10,48,0,1,,h0^4 . D h2^2 h6,,,,,p t2,
D1 h1^3 e1,93,11,52,1,-2,,,,,,,,
"h1 x92,10",93,11,49,0,0,,,,,,,,
h0^4 . D h2^2 h6,93,11,48,0,2,,,,,,,,
h1^2 d1 j1,93,13,53,1,-4,,,,,,,,
D D1 h0 e0,93,13,50,0,-2,,,,,,,,
P^2 h6 d0,93,13,48,0,0,,P^2 h0 h6 d0,,,,,,
"h1 x92,12",93,13,49,0,2,,,,"h1^2 x92,12",,,,
t T Q2,93,13,49,0,4,,,,,,,,
P^2 h0 h6 d0,93,14,48,0,0,,P^2 h0^2 h6 d0,,,,,,
g^2 i1,93,15,54,3,-1,,,,h1 g^2 i1,,,,
P^2 h0^2 h6 d0,93,15,48,0,1,,,,,,,,
M c0 g^2,93,17,53,1,-1,,,,M h1 c0 g^2,,,,
h1 d1 g^3,93,17,55,1,1,,,,h1^2 d1 g^3,,,,
P^2 h1^6 h6 c0,93,18,51,1,-1,,,,,,,,
M d0 e0^2,93,18,52,0,1,,,,M h1 d0 e0^2,,,,
D h1^2 h3 g^3,93,19,54,1,0,,,,,,,,
D h1 e0^4,93,21,53,4,0,,,,,,,,
h1 h4^2 h6,94,4,49,0,0,,,,,,,,
h1^2 g3,94,6,50,0,-1,,,,,,,,
h6 n,94,6,49,0,1,,,,,,,,
"x94,8 again",94,8,49,0,0,,,,,,,p,"h1 x92,10"
"x94,8",94,8,49,0,0,p t,t d1 H1,,"h1 x94,8",,,p t,"h1^2 x91,8"
t d1 H1,94,9,50,0,0,,,,,,,,
"y94,10",94,10,50,0,0,,,,,,,,
t D h1 h3 H1,94,11,49,0,0,,,,,,,,
D d1 e1,94,12,51,1,0,,,,,,,,
"h1^2 x92,12",94,14,50,1,-1,,,,,,,,
h3 g C'',94,14,53,1,1,,,,,,,,
D^2 M h1,94,15,49,0,0,,,p,D^2 M h1^2,,,p t3,M d0 e0^2
h1 g^2 i1,94,16,55,1,-1,,,,h1^2 g^2 i1,,,,
D^3 h2 c1,94,16,49,0,1,,,,,,,,
D^2 h2^2 g^2,94,18,52,2,-3,,,,,,,,
h2 g^3 n,94,18,55,1,-1,,,,,,,,
M h1 c0 g^2,94,18,54,1,1,,,,,,,,
h1^2 d1 g^3,94,18,56,1,3,,,,,,,,
M h1 d0 e0^2,94,19,53,1,-1,,,,,,,,
h1^14 h6 e0,94,19,56,1,1,,,,h1^15 h6 e0,,,,
t e0^2 g^3,94,20,55,5,0,,,,t h1 e0^2 g^3,,,,
h2 g3,95,5,50,0,-1,,h0 h2 g3,,,,,,
h6 d1,95,5,50,0,1,,,,,,,,
h0 h2 g3,95,6,50,0,0,,,,,,,,
D h1 h3 h6,95,7,49,0,0,,,,,,,,
"h1 x94,8",95,9,50,0,0,,,,,,,,
"x95,11",95,11,51,0,-1,,,,,,,,
e1 Q2,95,11,51,0,1,,,,,,,,
"h2 x92,12",95,13,50,0,0,,,,,,,,
D^2 M h1^2,95,16,50,0,-1,,,,,,,,
P^3 h6 c0,95,16,49,0,1,,,,,,,,
h2 d1 g^3,95,17,56,2,-1,,,,,,,,
h1^2 g^2 i1,95,17,56,1,1,,,,,,,,
t^6 g^3 m,95,19,50,0,0,,,,,,,,
h1^15 h6 e0,95,20,57,1,0,,,,,,,,
t h1 e0^2 g^3,95,21,56,2,0,,,,,,,,
D h2^2 d0^2 e0 g,95,22,54,2,0,,,,,,,,
P^6 h0^6 Q',95,43,48,0,0,,P^6 h0^7 Q',,,,,,
P^6 h0^7 Q',95,44,48,0,0,,P^6 h0^8 Q',,,,,,
P^6 h0^8 Q',95,45,48,0,0,,P^6 h0^9 Q',,,,,,
P^6 h0^9 Q',95,46,48,0,0,,P^6 h0^10 Q',,,,,,
P^6 h0^10 Q',95,47,48,0,0,,P^6 h0^11 Q',,,,,,
P^6 h0^11 Q',95,48,48,0,0,,,,,,,,