name,stem,Adams filtration,weight,cell,shift,h1info,h1target,drinfo,drtarget
h1,1,1,1,0,0,,loc,,
_h1^4,5,3,3,1,0,,loc,,
c0,8,3,5,0,0,,loc,,
P h1,9,5,5,0,0,,loc,,
_h1^2 c0,11,4,6,1,0,,loc,,
_P h1^4,13,7,7,1,0,,loc,,
d0,14,4,8,0,0,,h1 d0,,
h1 d0,15,5,9,0,0,,h1^2 d0,,
h1^2 d0,16,6,10,0,0,,loc,,
P c0,16,7,9,0,0,,loc,,
e0,17,4,10,0,0,,loc,2,h1^2 d0
P^2 h1,17,9,9,0,0,,loc,,
_h1^4 d0,19,7,11,1,0,,loc,,
_P h1^2 c0,19,8,10,1,0,,loc,,
_h1^2 e0,20,5,11,1,0,,loc,0,_h1^4 d0
_P^2 h1^4,21,11,11,1,0,,loc,,
c0 d0,22,7,13,0,0,,h1 c0 d0,,
P d0,22,8,12,0,0,,loc,,
_c0 d0,23,6,12,1,0,,loc,0,P d0
h1 c0 d0,23,8,14,0,0,,h1^2 c0 d0,,
h1^2 c0 d0,24,9,15,0,0,,loc,,
P^2 c0,24,11,13,0,0,,loc,,
c0 e0,25,7,15,0,0,,loc,2,h1^2 c0 d0
P e0,25,8,14,0,0,,loc,,
P^3 h1,25,13,13,0,0,,loc,,
_c0 e0,26,6,14,1,0,,loc,0,P e0
_P h1^4 d0,27,11,15,1,0,,loc,,
_P^2 h1^2 c0,27,12,14,1,0,,loc,,
d0^2,28,8,16,0,0,,h1 d0^2,,
_P h1^2 e0,28,9,15,1,0,,loc,0,_P h1^4 d0
h1 d0^2,29,9,17,0,0,,h1^2 d0^2,,
_P^3 h1^4,29,15,15,1,0,,loc,,
h1^2 d0^2,30,10,18,0,0,,loc,,
P c0 d0,30,11,17,0,0,,loc,,
P^2 d0,30,12,16,0,0,,P^2 h1 d0,,
d0 e0,31,8,18,0,0,,loc,2,h1^2 d0^2
_h1^2 d0^2,31,9,17,1,0,,loc,0,P c0 d0
P^2 h1 d0,31,13,17,0,0,,loc,,
_P h1 c0 d0,32,11,17,1,0,,loc,1,P^2 h1 d0
P^3 c0,32,15,17,0,0,,loc,,
P c0 e0,33,11,19,0,0,,loc,,
P^2 e0,33,12,18,0,0,,loc,,
P^4 h1,33,17,17,0,0,,loc,,
e0^2,34,8,20,0,0,,h1 e0^2,,
_h1^2 d0 e0,34,9,19,1,0,,loc,0,P c0 e0
_P c0 e0,34,10,18,1,0,,loc,0,P^2 e0
h1 e0^2,35,9,21,0,0,,h1^2 e0^2,,
_P^2 h1^4 d0,35,15,19,1,0,,loc,,
_P^3 h1^2 c0,35,16,18,1,0,,loc,,
h1^2 e0^2,36,10,22,0,0,,loc,,
c0 d0^2,36,11,21,0,0,,loc,,
P d0^2,36,12,20,0,0,,loc,,
_P^2 h1^2 e0,36,13,19,1,0,,loc,0,_P^2 h1^4 d0
e0 g,37,8,22,0,0,,loc,2,h1^2 e0^2
_h1^2 e0^2,37,9,21,1,0,,loc,0,c0 d0^2
_c0 d0^2,37,10,20,1,0,,loc,0,P d0^2
_P^4 h1^4,37,19,19,1,0,,loc,,
P^2 c0 d0,38,15,21,0,0,,loc,,
P^3 d0,38,16,20,0,0,,loc,,
u,39,9,21,0,0,,h1 u,,
c0 d0 e0,39,11,23,0,0,,loc,,
P d0 e0,39,12,22,0,0,,loc,,
_P h1^2 d0^2,39,13,21,1,0,,loc,0,P^2 c0 d0
_P^2 c0 d0,39,14,20,1,0,,loc,0,P^3 d0
_h1^2 e0 g,40,9,23,1,0,,loc,0,c0 d0 e0
_c0 d0 e0,40,10,22,1,-1,,loc,0,P d0 e0
h1 u,40,10,22,0,1,,h1^2 u,,
P^4 c0,40,19,21,0,0,,loc,,
_t h2 e0 g,41,8,22,1,0,h,v,1,h1 u
h1^2 u,41,11,23,0,0,,loc,,
P^2 c0 e0,41,15,23,0,0,,loc,,
P^3 e0,41,16,22,0,0,,loc,,
P^5 h1,41,21,21,0,0,,loc,,
v,42,9,23,0,0,,loc,1,h1^2 u
c0 e0^2,42,11,25,0,0,,h1 c0 e0^2,,
d0^3,42,12,24,0,0,,loc,,
_P h1^2 d0 e0,42,13,23,1,0,,loc,0,P^2 c0 e0
_P^2 c0 e0,42,14,22,1,0,,loc,0,P^3 e0
_c0 e0^2,43,10,24,1,0,,loc,0,d0^3
_h1^3 u,43,11,23,1,0,,loc,,
h1 c0 e0^2,43,12,26,0,0,,h1^2 c0 e0^2,,
_P^3 h1^4 d0,43,19,23,1,0,,loc,,
_P^4 h1^2 c0,43,20,22,1,0,,loc,,
_h1 v,44,9,23,1,0,,loc,0,_h1^3 u
h1^2 c0 e0^2,44,13,27,0,0,,loc,,
P c0 d0^2,44,15,25,0,0,,loc,,
P^2 d0^2,44,16,24,0,0,,loc,,
_P^3 h1^2 e0,44,17,23,1,0,,loc,0,_P^3 h1^4 d0
c0 e0 g,45,11,27,0,0,,loc,2,h1^2 c0 e0^2
d0^2 e0,45,12,26,0,0,,loc,,
_h1^2 d0^3,45,13,25,1,0,,loc,0,P c0 d0^2
_P c0 d0^2,45,14,24,1,0,,loc,0,P^2 d0^2
_P^5 h1^4,45,23,23,1,0,,loc,,
B1,46,7,25,0,0,,h1 B1,,
_c0 e0 g,46,10,26,1,0,,loc,0,d0^2 e0
u',46,11,25,0,0,,h1 u',,
_t h0 d0^2 e0,46,12,24,1,0,h,P u,,
P^3 c0 d0,46,19,25,0,0,,loc,,
P^4 d0,46,20,24,0,0,,P^4 h1 d0,,
h1 B1,47,8,26,0,0,,h1^2 B1,,
_u',47,10,24,1,0,,_h1 u',0,_t h0 d0^2 e0
h1 u',47,12,26,0,0,,h1^2 u',,
P u,47,13,25,0,0,,loc,,
P c0 d0 e0,47,15,27,0,0,,loc,,
P^2 d0 e0,47,16,26,0,0,,loc,,
_P^2 h1^2 d0^2,47,17,25,1,0,,loc,0,P^3 c0 d0
P^4 h1 d0,47,21,25,0,0,,loc,,
h1^2 B1,48,9,27,0,0,,h1^3 B1,,
_h1 u',48,11,25,1,0,,loc,0,P u
d0 e0^2,48,12,28,0,0,,h1 d0 e0^2,,
_h1^2 d0^2 e0,48,13,27,1,-1,,loc,0,P c0 d0 e0
h1^2 u',48,13,27,0,1,,loc,,
_P c0 d0 e0,48,14,26,1,0,,loc,0,P^2 d0 e0
_P^3 h1 c0 d0,48,19,25,1,0,,loc,1,P^4 h1 d0
P^5 c0,48,23,25,0,0,,loc,,
h1^3 B1,49,10,28,0,0,,h1^4 B1,,
v',49,11,27,0,0,,loc,2,h1^2 u'
_t h0 d0 e0^2,49,12,26,1,0,h,P v,,
h1 d0 e0^2,49,13,29,0,0,,h1^2 d0 e0^2,,
P^3 c0 e0,49,19,27,0,0,,loc,,
P^4 e0,49,20,26,0,0,,loc,,
P^6 h1,49,25,25,0,0,,loc,,
_h1^3 B1,50,9,27,1,0,,_h1^4 B1,,
_v',50,10,26,1,0,,_h1 v',0,_t h0 d0 e0^2
h1^4 B1,50,11,29,0,0,,h1^5 B1,,
P v,50,13,27,0,0,,loc,,
h1^2 d0 e0^2,50,14,30,0,0,,loc,,
c0 d0^3,50,15,29,0,0,,loc,,
P d0^3,50,16,28,0,0,,loc,,
_P^2 h1^2 d0 e0,50,17,27,1,0,,loc,0,P^3 c0 e0
_P^3 c0 e0,50,18,26,1,0,,loc,0,P^4 e0
_h1^4 B1,51,10,28,1,0,,_h1^5 B1,,
_h1 v',51,11,27,1,0,,loc,0,P v
e0^3,51,12,30,0,-1,,loc,2,h1^2 d0 e0^2
h1^5 B1,51,12,30,0,1,,h1^6 B1,,
_h1^2 d0 e0^2,51,13,29,1,0,,loc,0,c0 d0^3
_c0 d0^3,51,14,28,1,0,,loc,0,P d0^3
_P h1^3 u,51,15,27,1,0,,loc,,
_P^4 h1^4 d0,51,23,27,1,0,,loc,,
_P^5 h1^2 c0,51,24,26,1,0,,loc,,
_h1^5 B1,52,11,29,1,0,,_h1^6 B1,,
_t h0 e0^3,52,12,28,1,0,h,d0 u,,
_P h1 v,52,13,27,1,-1,,loc,0,_P h1^3 u
h1^6 B1,52,13,31,0,1,,h1^7 B1,,
P^2 c0 d0^2,52,19,29,0,0,,loc,,
P^3 d0^2,52,20,28,0,0,,loc,,
_P^4 h1^2 e0,52,21,27,1,0,,loc,0,_P^4 h1^4 d0
B8,53,9,29,0,0,,h1 B8,,
x',53,10,28,0,0,,h1 x',,
_h1^6 B1,53,12,30,1,0,,_h1^7 B1,,
d0 u,53,13,29,0,0,,h1 d0 u,,
h1^7 B1,53,14,32,0,0,,loc,,
c0 d0^2 e0,53,15,31,0,0,,loc,,
P d0^2 e0,53,16,30,0,0,,loc,,
_P h1^2 d0^3,53,17,29,1,0,,loc,0,P^2 c0 d0^2
_P^2 c0 d0^2,53,18,28,1,0,,loc,0,P^3 d0^2
_P^6 h1^4,53,27,27,1,0,,loc,,
h1 B8,54,10,30,0,0,,h1^2 B8,,
h1 x',54,11,29,0,0,,h1^2 x',,
e0^2 g,54,12,32,0,0,,loc,7,h1^7 B1
_h1^2 e0^3,54,13,31,1,-1,,loc,0,c0 d0^2 e0
_h1^7 B1,54,13,31,1,1,,_h1^8 B1,,
_c0 d0^2 e0,54,14,30,1,-1,,loc,0,P d0^2 e0
h1 d0 u,54,14,30,0,1,,h1^2 d0 u,,
P u',54,15,29,0,0,,loc,,
P^4 c0 d0,54,23,29,0,0,,loc,,
P^5 d0,54,24,28,0,0,,loc,,
h1^2 B8,55,11,31,0,0,,h1^3 B8,,
_t h0 e0^2 g,55,12,30,1,-1,h,d0 v,2,h1 d0 u
h1^2 x',55,12,30,0,1,,h1^3 x',,
_h1 d0 u,55,13,29,1,0,,loc,0,P u'
_h1^8 B1,55,14,32,1,0,,_h1^9 B1,,
h1^2 d0 u,55,15,31,0,0,,loc,,
P^2 u,55,17,29,0,0,,loc,,
P^2 c0 d0 e0,55,19,31,0,0,,loc,,
P^3 d0 e0,55,20,30,0,0,,loc,,
_P^3 h1^2 d0^2,55,21,29,1,0,,loc,0,P^4 c0 d0
_P^4 c0 d0,55,22,28,1,0,,loc,0,P^5 d0
_h1^2 B8,56,10,30,1,0,,_h1^3 B8,,
h1^3 B8,56,12,32,0,0,,h1^4 B8,,
d0 v,56,13,31,0,-1,,loc,2,h1^2 d0 u
h1^3 x',56,13,31,0,1,,h1^4 x',,
_P h1 u',56,15,29,1,-2,,loc,0,P^2 u
_h1^9 B1,56,15,33,1,0,,_h1^10 B1,,
c0 d0 e0^2,56,15,33,0,2,,loc,,
d0^4,56,16,32,0,0,,loc,,
_P h1^2 d0^2 e0,56,17,31,1,0,,loc,0,P^2 c0 d0 e0
_P^2 c0 d0 e0,56,18,30,1,0,,loc,0,P^3 d0 e0
P^6 c0,56,27,29,0,0,,loc,,
_h1^3 B8,57,11,31,1,0,,_h1^4 B8,,
_h1^2 e0^2 g,57,13,33,1,-1,,loc,0,c0 d0 e0^2
h1^4 B8,57,13,33,0,1,,h1^5 B8,,
_c0 d0 e0^2,57,14,32,1,-1,,loc,0,d0^4
h1^4 x',57,14,32,0,1,,h1^5 x',,
P v',57,15,31,0,0,,loc,,
_h1^10 B1,57,16,34,1,-1,,_h1^11 B1,,
_t h0 d0^4,57,16,30,1,1,h,P^2 v,,
P^4 c0 e0,57,23,31,0,0,,loc,,
P^5 e0,57,24,30,0,0,,loc,,
P^7 h1,57,29,29,0,0,,loc,,
_t h2 e0^2 g,58,12,32,1,-1,h,e0 v,4,h1^4 x'
_h1^4 B8,58,12,32,1,1,,_h1^5 B8,,
_h1 d0 v,58,13,31,1,-1,,loc,0,P v'
_h1^4 x',58,13,31,1,1,,_h1^5 x',,
_P v',58,14,30,1,-1,,_P h1 v',0,_t h0 d0^4
h1^5 B8,58,14,34,0,1,,h1^6 B8,,
h1^5 x',58,15,33,0,0,,loc,,
_h1^11 B1,58,17,35,1,-1,,loc,,
P^2 v,58,17,31,0,1,,loc,,
P c0 d0^3,58,19,33,0,0,,loc,,
P^2 d0^3,58,20,32,0,0,,loc,,
_P^3 h1^2 d0 e0,58,21,31,1,0,,loc,0,P^4 c0 e0
_P^4 c0 e0,58,22,30,1,0,,loc,0,P^5 e0
B21,59,10,32,0,0,,h1 B21,,
e0 v,59,13,33,0,-1,,loc,4,h1^5 x'
_h1^5 B8,59,13,33,1,1,,_h1^6 B8,,
_h1^5 x',59,14,32,1,0,,_h1^6 x',,
c0 e0^3,59,15,35,0,-2,,loc,8,_h1^11 B1
_P h1 v',59,15,31,1,0,,loc,0,P^2 v
h1^6 B8,59,15,35,0,2,,h1^7 B8,,
d0^3 e0,59,16,34,0,0,,loc,,
_h1^2 d0^4,59,17,33,1,0,,loc,0,P c0 d0^3
_P c0 d0^3,59,18,32,1,0,,loc,0,P^2 d0^3
_P^2 h1^3 u,59,19,31,1,0,,loc,,
_P^5 h1^4 d0,59,27,31,1,0,,loc,,
_P^6 h1^2 c0,59,28,30,1,0,,loc,,
h1 B21,60,11,33,0,0,,h1^2 B21,,
_c0 e0^3,60,14,34,1,-1,,loc,0,d0^3 e0
_h1^6 B8,60,14,34,1,1,,_h1^7 B8,,
_h1^6 x',60,15,33,1,-1,,_h1^7 x',,
d0 u',60,15,33,0,1,,loc,,
h1^7 B8,60,16,36,0,-1,,h1^8 B8,,
_t h0 d0^3 e0,60,16,32,1,1,h,P d0 u,,
_P^2 h1 v,60,17,31,1,0,,loc,0,_P^2 h1^3 u
P^3 c0 d0^2,60,23,33,0,0,,loc,,
P^4 d0^2,60,24,32,0,0,,loc,,
_P^5 h1^2 e0,60,25,31,1,0,,loc,0,_P^5 h1^4 d0
h1^2 B21,61,12,34,0,0,,loc,,
_h1 e0 v,61,13,33,1,-1,,loc,0,d0 u'
c0 x',61,13,33,0,1,,h1 c0 x',,
_d0 u',61,14,32,1,0,,_h1 d0 u',0,_t h0 d0^3 e0
_h1^7 B8,61,15,35,1,0,,_h1^8 B8,,
_h1^7 x',61,16,34,1,0,,_h1^8 x',,
h1^8 B8,61,17,37,0,-1,,loc,,
P d0 u,61,17,33,0,1,,loc,,
P c0 d0^2 e0,61,19,35,0,0,,loc,,
P^2 d0^2 e0,61,20,34,0,0,,loc,,
_P^2 h1^2 d0^3,61,21,33,1,0,,loc,0,P^3 c0 d0^2
_P^3 c0 d0^2,61,22,32,1,0,,loc,0,P^4 d0^2
_P^7 h1^4,61,31,31,1,0,,loc,,
B22,62,10,34,0,0,,loc,2,h1^2 B21
h1 c0 x',62,14,34,0,0,,h1^2 c0 x',,
c0 e0^2 g,62,15,37,0,-2,,loc,8,h1^8 B8
_h1 d0 u',62,15,33,1,0,,loc,0,P d0 u
P h1 x',62,15,33,0,2,,loc,,
_h1^8 B8,62,16,36,1,-1,,_h1^9 B8,,
d0^2 e0^2,62,16,36,0,1,,loc,,
_h1^2 d0^3 e0,62,17,35,1,-1,,loc,0,P c0 d0^2 e0
_h1^8 x',62,17,35,1,1,,loc,,
_P c0 d0^2 e0,62,18,34,1,0,,loc,0,P^2 d0^2 e0
P^2 u',62,19,33,0,0,,loc,,
_t P^2 h0 d0^2 e0,62,20,32,1,0,h,P^3 u,,
P^5 c0 d0,62,27,33,0,0,,loc,,
P^6 d0,62,28,32,0,0,,P^6 h1 d0,,
_h1 c0 x',63,13,33,1,0,,loc,0,P h1 x'
_c0 e0^2 g,63,14,36,1,0,,loc,0,d0^2 e0^2
e0 u',63,15,35,0,-1,,loc,4,_h1^8 x'
h1^2 c0 x',63,15,35,0,1,,h1^3 c0 x',,
_t h0 d0^2 e0^2,63,16,34,1,0,h,P d0 v,,
_P h1 d0 u,63,17,33,1,-1,,loc,0,P^2 u'
_h1^9 B8,63,17,37,1,1,,_h1^10 B8,,
P^3 u,63,21,33,0,0,,loc,,
P^3 c0 d0 e0,63,23,35,0,0,,loc,,
P^4 d0 e0,63,24,34,0,0,,loc,,
_P^4 h1^2 d0^2,63,25,33,1,0,,loc,0,P^5 c0 d0
P^6 h1 d0,63,29,33,0,0,,loc,,
_h1^4 B21,64,13,35,1,0,,loc,,
_e0 u',64,14,34,1,-1,,_h1 e0 u',0,_t h0 d0^2 e0^2
U,64,14,34,0,1,,h1 U,,
h1^3 c0 x',64,16,36,0,0,,h1^4 c0 x',,
P d0 v,64,17,35,0,0,,loc,,
_h1^10 B8,64,18,38,1,0,,loc,,
_P^2 h1 u',64,19,33,1,-1,,loc,1,P^3 u
c0 d0^4,64,19,37,0,1,,loc,,
P d0^4,64,20,36,0,0,,loc,,
_P^2 h1^2 d0^2 e0,64,21,35,1,0,,loc,0,P^3 c0 d0 e0
_P^3 c0 d0 e0,64,22,34,1,0,,loc,0,P^4 d0 e0
_P^5 h1 c0 d0,64,27,33,1,0,,loc,1,P^6 h1 d0
P^7 c0,64,31,33,0,0,,loc,,
_h1^2 B22,65,11,35,1,0,,loc,0,_h1^4 B21
_h1 e0 u',65,15,35,1,-1,,loc,0,P d0 v
h1 U,65,15,35,0,1,,h1^2 U,,
d0 e0^3,65,16,38,0,0,,loc,8,_h1^10 B8
_h1^2 d0^2 e0^2,65,17,37,1,-1,,loc,0,c0 d0^4
h1^4 c0 x',65,17,37,0,1,,loc,,
_c0 d0^4,65,18,36,1,0,,loc,0,P d0^4
P^2 v',65,19,35,0,0,,loc,,
_t P h0 d0^4,65,20,34,1,0,h,P^3 v,,
P^5 c0 e0,65,27,35,0,0,,loc,,
P^6 e0,65,28,34,0,0,,loc,,
P^8 h1,65,33,33,0,0,,loc,,
e0 v',66,15,37,0,0,,loc,4,h1^4 c0 x'
h1^2 U,66,16,36,0,-1,,h1^3 U,,
_t h0 d0 e0^3,66,16,36,1,1,h,d0^2 u,,
_P h1 d0 v,66,17,35,1,-1,,loc,0,P^2 v'
_P h1^4 x',66,17,35,1,1,,loc,,
_P^2 v',66,18,34,1,0,,_P^2 h1 v',0,_t P h0 d0^4
P^3 v,66,21,35,0,0,,loc,,
P^2 c0 d0^3,66,23,37,0,0,,loc,,
P^3 d0^3,66,24,36,0,0,,loc,,
_P^4 h1^2 d0 e0,66,25,35,1,0,,loc,0,P^5 c0 e0
_P^5 c0 e0,66,26,34,1,0,,loc,0,P^6 e0
B8 d0,67,13,37,0,0,,h1 B8 d0,,
_e0 v',67,14,36,1,-1,,_h1 e0 v',0,_t h0 d0 e0^3
d0 x',67,14,36,0,1,,h1 d0 x',,
_h1^2 U,67,15,35,1,0,,loc,0,_P h1^4 x'
h1^3 U,67,17,37,0,-1,,h1^4 U,,
d0^2 u,67,17,37,0,1,,loc,,
_P^2 h1 v',67,19,35,1,-1,,loc,0,P^3 v
c0 d0^3 e0,67,19,39,0,1,,loc,,
P d0^3 e0,67,20,38,0,0,,loc,,
_P h1^2 d0^4,67,21,37,1,0,,loc,0,P^2 c0 d0^3
_P^2 c0 d0^3,67,22,36,1,0,,loc,0,P^3 d0^3
_P^3 h1^3 u,67,23,35,1,0,,loc,,
_P^6 h1^4 d0,67,31,35,1,0,,loc,,
_P^7 h1^2 c0,67,32,34,1,0,,loc,,
h1 B8 d0,68,14,38,0,0,,h1^2 B8 d0,,
_h1 e0 v',68,15,37,1,-1,,loc,0,d0^2 u
h1 d0 x',68,15,37,0,1,,loc,,
e0^4,68,16,40,0,0,,h1 e0^4,,
_h1^2 d0 e0^3,68,17,39,1,0,,loc,0,c0 d0^3 e0
_c0 d0^3 e0,68,18,38,1,-1,,loc,0,P d0^3 e0
h1^4 U,68,18,38,0,1,,h1^5 U,,
P d0 u',68,19,37,0,0,,loc,,
_t P h0 d0^3 e0,68,20,36,1,0,h,P^2 d0 u,,
_P^3 h1 v,68,21,35,1,0,,loc,0,_P^3 h1^3 u
P^4 c0 d0^2,68,27,37,0,0,,loc,,
P^5 d0^2,68,28,36,0,0,,loc,,
_P^6 h1^2 e0,68,29,35,1,0,,loc,0,_P^6 h1^4 d0
_h1 B8 d0,69,13,37,1,0,,loc,1,h1 d0 x'
h1^2 B8 d0,69,15,39,0,0,,loc,,
_t h0 e0^4,69,16,38,1,0,h,d0^2 v,4,h1^4 U
_h1 d0^2 u,69,17,37,1,-2,,loc,0,P d0 u'
h1 e0^4,69,17,41,0,0,,h1^2 e0^4,,
P c0 x',69,17,37,0,2,,loc,,
_P d0 u',69,18,36,1,-1,,_P h1 d0 u',0,_t P h0 d0^3 e0
P^2 x',69,18,36,0,1,,loc,,
h1^5 U,69,19,39,0,0,,loc,,
P^2 d0 u,69,21,37,0,0,,loc,,
P^2 c0 d0^2 e0,69,23,39,0,0,,loc,,
P^3 d0^2 e0,69,24,38,0,0,,loc,,
_P^3 h1^2 d0^3,69,25,37,1,0,,loc,0,P^4 c0 d0^2
_P^4 c0 d0^2,69,26,36,1,0,,loc,0,P^5 d0^2
_P^8 h1^4,69,35,35,1,0,,loc,,
B8 e0,70,13,39,0,0,,loc,2,h1^2 B8 d0
e0 x',70,14,38,0,0,,loc,,
_h1^2 d0 x',70,15,37,1,0,,loc,0,P c0 x'
_P c0 x',70,16,36,1,0,,loc,0,P^2 x'
d0^2 v,70,17,39,0,0,,loc,4,h1^5 U
h1^2 e0^4,70,18,42,0,0,,loc,,
_P h1 d0 u',70,19,37,1,-1,,loc,0,P^2 d0 u
c0 d0^2 e0^2,70,19,41,0,1,,loc,,
d0^5,70,20,40,0,0,,loc,,
_P h1^2 d0^3 e0,70,21,39,1,0,,loc,0,P^2 c0 d0^2 e0
_P^2 c0 d0^2 e0,70,22,38,1,0,,loc,0,P^3 d0^2 e0
P^3 u',70,23,37,0,0,,loc,,
P^6 c0 d0,70,31,37,0,0,,loc,,
P^7 d0,70,32,36,0,0,,loc,,
_M c0 e0,71,12,38,1,0,,loc,0,e0 x'
e0^3 g,71,16,42,0,0,,loc,2,h1^2 e0^4
_h1^2 e0^4,71,17,41,1,0,,loc,0,c0 d0^2 e0^2
_c0 d0^2 e0^2,71,18,40,1,0,,loc,0,d0^5
P D c0 d0 e0,71,19,39,0,0,,loc,,
_t h0 d0^5,71,20,38,1,0,h,P^2 D h1 d0 e0,,
_P^2 D h1^2 d0^2,71,21,37,1,0,,loc,0,P^3 u'
P^4 D h1 d0,71,25,37,0,0,,loc,,
P^4 c0 d0 e0,71,27,39,0,0,,loc,,
P^5 d0 e0,71,28,38,0,0,,loc,,
_P^5 h1^2 d0^2,71,29,37,1,0,,loc,0,P^6 c0 d0
_P^6 c0 d0,71,30,36,1,0,,loc,0,P^7 d0
_t h0 e0^3 g,72,16,40,1,0,h,D h1 d0 e0^2,,
_D h1^2 d0^2 e0,72,17,39,1,-1,,loc,0,P D c0 d0 e0
D^2 h1^2 c0 d0,72,17,39,0,1,,loc,,
_P D c0 d0 e0,72,18,38,1,-1,,_P D h1 c0 d0 e0,0,_t h0 d0^5
P D^2 h1^2 d0,72,18,38,0,1,,loc,,
P^2 D h1 d0 e0,72,21,39,0,0,,loc,,
_P^3 D h1 c0 d0,72,23,37,1,-1,,loc,0,P^4 D h1 d0
P c0 d0^4,72,23,41,0,1,,loc,,
P^2 d0^4,72,24,40,0,0,,loc,,
_P^3 h1^2 d0^2 e0,72,25,39,1,0,,loc,0,P^4 c0 d0 e0
_P^4 c0 d0 e0,72,26,38,1,0,,loc,0,P^5 d0 e0
P^8 c0,72,35,37,0,0,,loc,,
M d0^2,73,14,40,0,0,,M h1 d0^2,,
_M P h1^2 e0,73,15,39,1,0,,loc,0,D^2 h1^2 c0 d0
_D^2 h1^2 c0 d0,73,16,38,1,0,,loc,0,P D^2 h1^2 d0
D h1 d0 e0^2,73,17,41,0,0,,D h1^2 d0 e0^2,,
_P D h1 c0 d0 e0,73,19,39,1,-1,,loc,0,P^2 D h1 d0 e0
c0 d0 e0^3,73,19,43,0,1,,loc,,
d0^4 e0,73,20,42,0,0,,loc,,
_h1^2 d0^5,73,21,41,1,0,,loc,0,P c0 d0^4
_P c0 d0^4,73,22,40,1,0,,loc,0,P^2 d0^4
P^3 D c0 e0,73,23,39,0,0,,loc,,
_t P^2 h0 d0^4,73,24,38,1,0,h,P^4 D h1 e0,,
P^6 c0 e0,73,31,39,0,0,,loc,,
P^7 e0,73,32,38,0,0,,loc,,
P^9 h1,73,37,37,0,0,,loc,,
M h1 d0^2,74,15,41,0,0,,M h1^2 d0^2,,
e0^2 g^2,74,16,44,0,0,,h1 e0^2 g^2,,
_h1^2 e0^3 g,74,17,43,1,0,,loc,0,c0 d0 e0^3
_c0 d0 e0^3,74,18,42,1,-1,,loc,0,d0^4 e0
D h1^2 d0 e0^2,74,18,42,0,1,,D h1^3 d0 e0^2,,
D c0 d0^3,74,19,41,0,0,,loc,,
_t h0 d0^4 e0,74,20,40,1,0,h,P D h1 d0^3,,
_P^2 D h1^2 d0 e0,74,21,39,1,-1,,loc,0,P^3 D c0 e0
_M P^3 h1^4,74,21,39,1,1,,loc,,
_P^3 D c0 e0,74,22,38,1,0,,_P^3 D h1 c0 e0,0,_t P^2 h0 d0^4
P^4 D h1 e0,74,25,39,0,0,,loc,,
P^3 c0 d0^3,74,27,41,0,0,,loc,,
P^4 d0^3,74,28,40,0,0,,loc,,
_P^5 h1^2 d0 e0,74,29,39,1,0,,loc,0,P^6 c0 e0
_P^6 c0 e0,74,30,38,1,0,,loc,0,P^7 e0
_t h0 e0^2 g^2,75,16,42,1,-1,h,D h1 e0^3,2,D h1^2 d0 e0^2
M h1^2 d0^2,75,16,42,0,1,,loc,,
_D h1^2 d0 e0^2,75,17,41,1,-2,,loc,0,D c0 d0^3
h1 e0^2 g^2,75,17,45,0,0,,h1^2 e0^2 g^2,,
M P c0 d0,75,17,41,0,2,,loc,,
_D c0 d0^3,75,18,40,1,-1,,_D h1 c0 d0^3,0,_t h0 d0^4 e0
M P^2 d0,75,18,40,0,1,,loc,,
_P D^2 h1^4 d0,75,19,39,1,-1,,loc,0,_M P^3 h1^4
D h1^3 d0 e0^2,75,19,43,0,1,,loc,,
P D h1 d0^3,75,21,41,0,0,,loc,,
_P^3 D h1 c0 e0,75,23,39,1,-1,,loc,0,P^4 D h1 e0
P c0 d0^3 e0,75,23,43,0,1,,loc,,
P^2 d0^3 e0,75,24,42,0,0,,loc,,
_P^2 h1^2 d0^4,75,25,41,1,0,,loc,0,P^3 c0 d0^3
_P^3 c0 d0^3,75,26,40,1,0,,loc,0,P^4 d0^3
_P^4 D h1^4 d0,75,27,39,1,0,,loc,,
_P^7 h1^4 d0,75,35,39,1,0,,loc,,
_P^8 h1^2 c0,75,36,38,1,0,,loc,,
M d0 e0,76,14,42,0,0,,loc,2,M h1^2 d0^2
_M h1^2 d0^2,76,15,41,1,0,,loc,0,M P c0 d0
_M P c0 d0,76,16,40,1,-1,,loc,0,M P^2 d0
D^2 d0^2,76,16,40,0,1,,D^2 h1 d0^2,,
D h1 e0^3,76,17,43,0,0,,loc,2,D h1^3 d0 e0^2
h1^2 e0^2 g^2,76,18,46,0,0,,loc,,
_D h1 c0 d0^3,76,19,41,1,-1,,loc,0,P D h1 d0^3
c0 e0^4,76,19,45,0,1,,loc,,
d0^3 e0^2,76,20,44,0,0,,loc,,
_h1^2 d0^4 e0,76,21,43,1,0,,loc,0,P c0 d0^3 e0
_P c0 d0^3 e0,76,22,42,1,0,,loc,0,P^2 d0^3 e0
P^2 D c0 d0^2,76,23,41,0,0,,loc,,
_t P^2 h0 d0^3 e0,76,24,40,1,0,h,P^3 D h1 d0^2,,
_P^4 D h1^2 e0,76,25,39,1,0,,loc,0,_P^4 D h1^4 d0
P^5 c0 d0^2,76,31,41,0,0,,loc,,
P^6 d0^2,76,32,40,0,0,,loc,,
_P^7 h1^2 e0,76,33,39,1,0,,loc,0,_P^7 h1^4 d0
e0 g^3,77,16,46,0,0,,loc,2,h1^2 e0^2 g^2
_h1^2 e0^2 g^2,77,17,45,1,-1,,loc,0,c0 e0^4
D^2 h1 d0^2,77,17,41,0,1,,D^2 h1^2 d0^2,,
_c0 e0^4,77,18,44,1,0,,loc,0,d0^3 e0^2
D c0 d0^2 e0,77,19,43,0,0,,loc,,
_t h0 d0^3 e0^2,77,20,42,1,0,h,P D h1 d0^2 e0,,
_P D h1^2 d0^3,77,21,41,1,-1,,loc,0,P^2 D c0 d0^2
M P^3 c0,77,21,41,0,1,,loc,,
_P^2 D c0 d0^2,77,22,40,1,0,,_P^2 D h1 c0 d0^2,0,_t P^2 h0 d0^3 e0
P^3 D h1 d0^2,77,25,41,0,0,,loc,,
P^3 c0 d0^2 e0,77,27,43,0,0,,loc,,
P^4 d0^2 e0,77,28,42,0,0,,loc,,
_P^4 h1^2 d0^3,77,29,41,1,0,,loc,0,P^5 c0 d0^2
_P^5 c0 d0^2,77,30,40,1,0,,loc,0,P^6 d0^2
_P^9 h1^4,77,39,39,1,0,,loc,,
_t h0 e0 g^3,78,16,44,1,0,h,D h1 e0^2 g,,
_D h1^2 e0^3,78,17,43,1,-1,,loc,0,D c0 d0^2 e0
M P c0 e0,78,17,43,0,1,,loc,,
_D c0 d0^2 e0,78,18,42,1,-2,,_D h1 c0 d0^2 e0,0,_t h0 d0^3 e0^2
M P^2 e0,78,18,42,0,0,,loc,,
D^2 h1^2 d0^2,78,18,42,0,2,,loc,,
_M P^2 h1^2 d0,78,19,41,1,0,,loc,0,M P^3 c0
P D h1 d0^2 e0,78,21,43,0,0,,loc,,
_P^2 D h1 c0 d0^2,78,23,41,1,-2,,loc,0,P^3 D h1 d0^2
M P^4 h1,78,23,41,0,0,,loc,,
c0 d0^5,78,23,45,0,2,,loc,,
P d0^5,78,24,44,0,0,,loc,,
_P^2 h1^2 d0^3 e0,78,25,43,1,0,,loc,0,P^3 c0 d0^2 e0
_P^3 c0 d0^2 e0,78,26,42,1,0,,loc,0,P^4 d0^2 e0
P^4 D c0 d0,78,27,41,0,0,,loc,,
_t P^4 h0 d0^2 e0,78,28,40,1,0,h,P^5 D h1 d0,,
P^7 c0 d0,78,35,41,0,0,,loc,,
P^8 d0,78,36,40,0,0,,P^8 h1 d0,,
M e0^2,79,14,44,0,0,,M h1 e0^2,,
_M h1^2 d0 e0,79,15,43,1,0,,loc,0,M P c0 e0
_M P c0 e0,79,16,42,1,-1,,loc,0,M P^2 e0
D^2 d0 e0,79,16,42,0,1,,loc,2,D^2 h1^2 d0^2
D h1 e0^2 g,79,17,45,0,0,,D h1^2 e0^2 g,,
_D h1 c0 d0^2 e0,79,19,43,1,-1,,loc,0,P D h1 d0^2 e0
c0 e0^3 g,79,19,47,0,1,,loc,,
d0^2 e0^3,79,20,46,0,0,,loc,,
_M P^3 h1 c0,79,21,41,1,-1,,loc,0,M P^4 h1
_h1^2 d0^3 e0^2,79,21,45,1,1,,loc,0,c0 d0^5
_c0 d0^5,79,22,44,1,0,,loc,0,P d0^5
P^2 D c0 d0 e0,79,23,43,0,0,,loc,,
_t P h0 d0^5,79,24,42,1,0,h,P^3 D h1 d0 e0,,
_P^3 D h1^2 d0^2,79,25,41,1,0,,loc,0,P^4 D c0 d0
_P^4 D c0 d0,79,26,40,1,0,,_P^4 D h1 c0 d0,0,_t P^4 h0 d0^2 e0
P^5 D h1 d0,79,29,41,0,0,,loc,,
P^5 c0 d0 e0,79,31,43,0,0,,loc,,
P^6 d0 e0,79,32,42,0,0,,loc,,
_P^6 h1^2 d0^2,79,33,41,1,0,,loc,0,P^7 c0 d0
P^8 h1 d0,79,37,41,0,0,,loc,,
M h1 e0^2,80,15,45,0,0,,M h1^2 e0^2,,
_h1^2 e0 g^3,80,17,47,1,0,,loc,0,c0 e0^3 g
_c0 e0^3 g,80,18,46,1,-1,,loc,0,d0^2 e0^3
D h1^2 e0^2 g,80,18,46,0,1,,D h1^3 e0^2 g,,
D c0 d0 e0^2,80,19,45,0,0,,loc,,
_t h0 d0^2 e0^3,80,20,44,1,0,h,D h1 d0^4,,
_P D h1^2 d0^2 e0,80,21,43,1,-1,,loc,0,P^2 D c0 d0 e0
P D^2 h1^2 c0 d0,80,21,43,0,1,,loc,,
_P^2 D c0 d0 e0,80,22,42,1,-1,,_P^2 D h1 c0 d0 e0,0,_t P h0 d0^5
P^2 D^2 h1^2 d0,80,22,42,0,1,,loc,,
P^3 D h1 d0 e0,80,25,43,0,0,,loc,,
_P^4 D h1 c0 d0,80,27,41,1,-1,,loc,0,P^5 D h1 d0
P^3 c0 d0 e0^2,80,27,45,0,1,,loc,,
P^3 d0^4,80,28,44,0,0,,loc,,
_P^4 h1^2 d0^2 e0,80,29,43,1,0,,loc,0,P^5 c0 d0 e0
_P^5 c0 d0 e0,80,30,42,1,0,,loc,0,P^6 d0 e0
_P^7 h1 c0 d0,80,35,41,1,0,,loc,1,P^8 h1 d0
P^9 c0,80,39,41,0,0,,loc,,
_t h0 g^4,81,16,46,1,-1,h,D h1 e0 g^2,2,D h1^2 e0^2 g
M h1^2 e0^2,81,16,46,0,1,,loc,,
_D h1^2 e0^2 g,81,17,45,1,-1,,loc,0,D c0 d0 e0^2
M c0 d0^2,81,17,45,0,1,,loc,,
_D c0 d0 e0^2,81,18,44,1,-1,,_D h1 c0 d0 e0^2,0,_t h0 d0^2 e0^3
M P d0^2,81,18,44,0,1,,loc,,
_M P^2 h1^2 e0,81,19,43,1,-2,,loc,0,P D^2 h1^2 c0 d0
D h1^3 e0^2 g,81,19,47,0,0,,loc,,
_D^2 h1^4 d0^2,81,19,43,1,2,,loc,,
_P D^2 h1^2 c0 d0,81,20,42,1,0,,loc,0,P^2 D^2 h1^2 d0
D h1 d0^4,81,21,45,0,0,,loc,,
_P^2 D h1 c0 d0 e0,81,23,43,1,-1,,loc,0,P^3 D h1 d0 e0
c0 d0^4 e0,81,23,47,0,1,,loc,,
P d0^4 e0,81,24,46,0,0,,loc,,
_P h1^2 d0^5,81,25,45,1,0,,loc,0,P^3 c0 d0 e0^2
_P^3 c0 d0 e0^2,81,26,44,1,0,,loc,0,P^3 d0^4
P^4 D c0 e0,81,27,43,0,0,,loc,,
_t P^3 h0 d0^4,81,28,42,1,0,h,P^5 D h1 e0,,
P^7 c0 e0,81,35,43,0,0,,loc,,
P^8 e0,81,36,42,0,0,,loc,,
P^10 h1,81,41,41,0,0,,loc,,
M e0 g,82,14,46,0,0,,loc,2,M h1^2 e0^2
_M h1^2 e0^2,82,15,45,1,0,,loc,0,M c0 d0^2
_M c0 d0^2,82,16,44,1,-1,,loc,0,M P d0^2
D^2 e0^2,82,16,44,0,1,,D^2 h1 e0^2,,
D h1 e0 g^2,82,17,47,0,-1,,loc,2,D h1^3 e0^2 g
_D^2 h1^2 d0 e0,82,17,43,1,1,,loc,0,_D^2 h1^4 d0^2
_D h1 c0 d0 e0^2,82,19,45,1,-1,,loc,0,D h1 d0^4
c0 e0^2 g^2,82,19,49,0,1,,h1 c0 e0^2 g^2,,
d0 e0^4,82,20,48,0,0,,loc,,
_h1^2 d0^2 e0^3,82,21,47,1,0,,loc,0,c0 d0^4 e0
_c0 d0^4 e0,82,22,46,1,0,,loc,0,P d0^4 e0
P^2 D c0 e0^2,82,23,45,0,0,,loc,,
_t P h0 d0^4 e0,82,24,44,1,0,h,D P^2 h1 d0^3,,
_P^3 D h1^2 d0 e0,82,25,43,1,-1,,loc,0,P^4 D c0 e0
_M P^4 h1^4,82,25,43,1,1,,loc,,
_P^4 D c0 e0,82,26,42,1,0,,_P^4 D h1 c0 e0,0,_t P^3 h0 d0^4
P^5 D h1 e0,82,29,43,0,0,,loc,,
P^4 c0 d0^3,82,31,45,0,0,,loc,,
P^5 d0^3,82,32,44,0,0,,loc,,
_P^6 h1^2 d0 e0,82,33,43,1,0,,loc,0,P^7 c0 e0
_P^7 c0 e0,82,34,42,1,0,,loc,0,P^8 e0
_t M h0 e0 g,83,14,44,1,0,h,M D h1 d0,,
D^2 h1 e0^2,83,17,45,0,0,,D^2 h1^2 e0^2,,
_c0 e0^2 g^2,83,18,48,1,0,,loc,0,d0 e0^4
D c0 e0^3,83,19,47,0,0,,loc,,
h1 c0 e0^2 g^2,83,20,50,0,-1,,h1^2 c0 e0^2 g^2,,
_t h0 d0 e0^4,83,20,46,1,1,h,D h1 d0^3 e0,,
_D h1^2 d0^4,83,21,45,1,-1,,loc,0,P^2 D c0 e0^2
M P^2 c0 d0,83,21,45,0,1,,loc,,
_P^2 D c0 e0^2,83,22,44,1,-1,,_P^2 D h1 c0 e0^2,0,_t P h0 d0^4 e0
M P^3 d0,83,22,44,0,1,,loc,,
_P^2 D^2 h1^4 d0,83,23,43,1,0,,loc,0,_M P^4 h1^4
D P^2 h1 d0^3,83,25,45,0,0,,loc,,
_P^4 D h1 c0 e0,83,27,43,1,-1,,loc,0,P^5 D h1 e0
P^2 c0 d0^3 e0,83,27,47,0,1,,loc,,
P^3 d0^3 e0,83,28,46,0,0,,loc,,
_P^3 h1^2 d0^4,83,29,45,1,0,,loc,0,P^4 c0 d0^3
_P^4 c0 d0^3,83,30,44,1,0,,loc,0,P^5 d0^3
_P^5 D h1^4 d0,83,31,43,1,0,,loc,,
_P^8 h1^4 d0,83,39,43,1,0,,loc,,
_P^9 h1^2 c0,83,40,42,1,0,,loc,,
M D h1 d0,84,15,45,0,0,,M D h1^2 d0,,
_D h1^2 e0 g^2,84,17,47,1,-1,,loc,0,D c0 e0^3
M c0 d0 e0,84,17,47,0,1,,loc,,
_D c0 e0^3,84,18,46,1,-2,,_D h1 c0 e0^3,0,_t h0 d0 e0^4
D^2 h1^2 e0^2,84,18,46,0,0,,loc,,
M P d0 e0,84,18,46,0,2,,loc,,
_M P h1^2 d0^2,84,19,45,1,-1,,loc,0,M P^2 c0 d0
D^2 c0 d0^2,84,19,45,0,1,,loc,,
_M P^2 c0 d0,84,20,44,1,0,,loc,0,M P^3 d0
h1^2 c0 e0^2 g^2,84,21,51,0,-1,,loc,,
D h1 d0^3 e0,84,21,47,0,1,,loc,,
_P^2 D h1 c0 e0^2,84,23,45,1,-1,,loc,0,D P^2 h1 d0^3
c0 d0^3 e0^2,84,23,49,0,1,,loc,,
d0^6,84,24,48,0,0,,loc,,
_P h1^2 d0^4 e0,84,25,47,1,0,,loc,0,P^2 c0 d0^3 e0
_P^2 c0 d0^3 e0,84,26,46,1,0,,loc,0,P^3 d0^3 e0
P^3 D c0 d0^2,84,27,45,0,0,,loc,,
_t P^3 h0 d0^3 e0,84,28,44,1,0,h,P^4 D h1 d0^2,,
_P^5 D h1^2 e0,84,29,43,1,0,,loc,0,_P^5 D h1^4 d0
P^6 c0 d0^2,84,35,45,0,0,,loc,,
P^7 d0^2,84,36,44,0,0,,loc,,
_P^8 h1^2 e0,84,37,43,1,0,,loc,0,_P^8 h1^4 d0
M g^2,85,14,48,0,0,,M h1 g^2,,
_M h1^2 e0 g,85,15,47,1,0,,loc,0,M c0 d0 e0
D^2 e0 g,85,16,46,0,-2,,loc,2,D^2 h1^2 e0^2
_M c0 d0 e0,85,16,46,1,0,,loc,0,M P d0 e0
M D h1^2 d0,85,16,46,0,2,,M D h1^3 d0,,
_D^2 h1^2 e0^2,85,17,45,1,0,,loc,0,D^2 c0 d0^2
c0 e0 g^3,85,19,51,0,-1,,loc,2,h1^2 c0 e0^2 g^2
_D h1 c0 e0^3,85,19,47,1,1,,loc,0,D h1 d0^3 e0
e0^5,85,20,50,0,0,,loc,,
_h1^2 d0 e0^4,85,21,49,1,-1,,loc,0,c0 d0^3 e0^2
P D^2 h1 d0^2,85,21,45,0,1,,loc,,
_c0 d0^3 e0^2,85,22,48,1,0,,loc,0,d0^6
P D c0 d0^2 e0,85,23,47,0,0,,loc,,
_t h0 d0^6,85,24,46,1,0,h,P^2 D h1 d0^2 e0,,
_P^2 D h1^2 d0^3,85,25,45,1,-1,,loc,0,P^3 D c0 d0^2
M P^4 c0,85,25,45,0,1,,loc,,
_P^3 D c0 d0^2,85,26,44,1,-1,,_P^3 D h1 c0 d0^2,0,_t P^3 h0 d0^3 e0
M P^5,85,26,44,0,1,,loc,,
P^4 D h1 d0^2,85,29,45,0,0,,loc,,
P^4 c0 d0^2 e0,85,31,47,0,0,,loc,,
P^5 d0^2 e0,85,32,46,0,0,,loc,,
_P^5 h1^2 d0^3,85,33,45,1,0,,loc,0,P^6 c0 d0^2
_P^6 c0 d0^2,85,34,44,1,0,,loc,0,P^7 d0^2
_P^10 h1^4,85,43,43,1,0,,loc,,
_t M h0 g^2,86,14,46,1,0,h,M D h1 e0,2,M D h1^2 d0
M h1 g^2,86,15,49,0,0,,M h1^2 g^2,,
M D h1^3 d0,86,17,47,0,0,,loc,,
_c0 e0 g^3,86,18,50,1,0,,loc,0,e0^5
_D^2 h1 c0 d0^2,86,19,45,1,-1,,loc,0,P D^2 h1 d0^2
D c0 e0^2 g,86,19,49,0,1,,D h1 c0 e0^2 g,,
_t h0 e0^5,86,20,48,1,0,h,D h1 d0^2 e0^2,,
_D h1^2 d0^3 e0,86,21,47,1,-1,,loc,0,P D c0 d0^2 e0
M P^2 c0 e0,86,21,47,0,1,,loc,,
_P D c0 d0^2 e0,86,22,46,1,-1,,_P D h1 c0 d0^2 e0,0,_t h0 d0^6
M P^3 e0,86,22,46,0,1,,loc,,
_M P^3 h1^2 d0,86,23,45,1,0,,loc,0,M P^4 c0
_M P^4 c0,86,24,44,1,0,,loc,0,M P^5
P^2 D h1 d0^2 e0,86,25,47,0,0,,loc,,
_P^3 D h1 c0 d0^2,86,27,45,1,-1,,loc,0,P^4 D h1 d0^2
P c0 d0^5,86,27,49,0,1,,loc,,
P^2 d0^5,86,28,48,0,0,,loc,,
_P^3 h1^2 d0^3 e0,86,29,47,1,0,,loc,0,P^4 c0 d0^2 e0
_P^4 c0 d0^2 e0,86,30,46,1,0,,loc,0,P^5 d0^2 e0
P^5 D c0 d0,86,31,45,0,0,,loc,,
P^8 c0 d0,86,39,45,0,0,,loc,,
P^9 d0,86,40,44,0,0,,loc,,
M D h1 e0,87,15,47,0,0,,loc,2,M D h1^3 d0
M h1^2 g^2,87,16,50,0,0,,M h1^3 g^2,,
D^3 h1 d0,87,17,45,0,-1,,D^3 h1^2 d0,,
M c0 e0^2,87,17,49,0,1,,loc,,
_D c0 e0^2 g,87,18,48,1,-1,,_D h1 c0 e0^2 g,0,_t h0 e0^5
M d0^3,87,18,48,0,1,,loc,,
_M P h1^2 d0 e0,87,19,47,1,-1,,loc,0,M P^2 c0 e0
D^2 c0 d0 e0,87,19,47,0,1,,loc,,
_M P^2 c0 e0,87,20,46,1,-2,,loc,0,M P^3 e0
D h1 c0 e0^2 g,87,20,50,0,0,,D h1^2 c0 e0^2 g,,
P D^2 d0 e0,87,20,46,0,2,,loc,,
D h1 d0^2 e0^2,87,21,49,0,0,,loc,,
_P D h1 c0 d0^2 e0,87,23,47,1,-1,,loc,0,P^2 D h1 d0^2 e0
c0 d0^2 e0^3,87,23,51,0,1,,loc,,
d0^5 e0,87,24,50,0,0,,loc,,
_h1^2 d0^6,87,25,49,1,0,,loc,0,P c0 d0^5
_P c0 d0^5,87,26,48,1,0,,loc,0,P^2 d0^5
P^3 D c0 d0 e0,87,27,47,0,0,,loc,,
_t P^2 h0 d0^5,87,28,46,1,0,h,P^4 D h1 d0 e0,,
_P^4 D h1^2 d0^2,87,29,45,1,0,,loc,0,P^5 D c0 d0
P^6 D h1 d0,87,33,45,0,0,,loc,,
P^6 c0 d0 e0,87,35,47,0,0,,loc,,
P^7 d0 e0,87,36,46,0,0,,loc,,
_P^7 h1^2 d0^2,87,37,45,1,0,,loc,0,P^8 c0 d0
_P^8 c0 d0,87,38,44,1,0,,loc,0,P^9 d0
_M h1^2 g^2,88,15,49,1,0,,loc,0,M c0 e0^2
_M c0 e0^2,88,16,48,1,0,,loc,0,M d0^3
_D^2 h1^2 e0 g,88,17,47,1,-2,,loc,0,D^2 c0 d0 e0
M h1^3 g^2,88,17,51,0,0,,M h1^4 g^2,,
_M D h1^4 d0,88,17,47,1,2,,loc,,
_D^2 c0 d0 e0,88,18,46,1,-1,,loc,0,P D^2 d0 e0
D^3 h1^2 d0,88,18,46,0,1,,D^3 h1^3 d0,,
_D h1 c0 e0^2 g,88,19,49,1,0,,loc,0,D h1 d0^2 e0^2
e0^4 g,88,20,52,0,0,,h1 e0^4 g,,
_h1^2 e0^5,88,21,51,1,-1,,loc,0,c0 d0^2 e0^3
D h1^2 c0 e0^2 g,88,21,51,0,1,,loc,,
_c0 d0^2 e0^3,88,22,50,1,0,,loc,0,d0^5 e0
P D c0 d0 e0^2,88,23,49,0,0,,loc,,
_t h0 d0^5 e0,88,24,48,1,0,h,P D h1 d0^4,,
_P^2 D h1^2 d0^2 e0,88,25,47,1,-1,,loc,0,P^3 D c0 d0 e0
P^2 D^2 h1^2 c0 d0,88,25,47,0,1,,loc,,
_P^3 D c0 d0 e0,88,26,46,1,-1,,_P^3 D h1 c0 d0 e0,0,_t P^2 h0 d0^5
P^3 D^2 h1^2 d0,88,26,46,0,1,,loc,,
P^4 D h1 d0 e0,88,29,47,0,0,,loc,,
_P^5 D h1 c0 d0,88,31,45,1,-1,,loc,0,P^6 D h1 d0
P^3 c0 d0^4,88,31,49,0,1,,loc,,
P^4 d0^4,88,32,48,0,0,,loc,,
_P^5 h1^2 d0^2 e0,88,33,47,1,0,,loc,0,P^6 c0 d0 e0
_P^6 c0 d0 e0,88,34,46,1,0,,loc,0,P^7 d0 e0
P^10 c0,88,43,45,0,0,,loc,,
_t M h2 g^2,89,14,48,1,0,h,M D h1 g,,
_M D h1^2 e0,89,15,47,1,0,,loc,0,_M D h1^4 d0
_t D^2 h0 g^2,89,16,46,1,0,h,D^3 h1 e0,1,D^3 h1^2 d0
M h1^4 g^2,89,18,52,0,0,,M h1^5 g^2,,
D c0 e0 g^2,89,19,51,0,-1,,loc,2,D h1^2 c0 e0^2 g
D^3 h1^3 d0,89,19,47,0,1,,loc,,
_t h0 e0^4 g,89,20,50,1,0,h,D h1 d0 e0^3,,
_D h1^2 d0^2 e0^2,89,21,49,1,-2,,loc,0,P D c0 d0 e0^2
h1 e0^4 g,89,21,53,0,0,,h1^2 e0^4 g,,
M P c0 d0^2,89,21,49,0,2,,loc,,
_P D c0 d0 e0^2,89,22,48,1,-1,,_P D h1 c0 d0 e0^2,0,_t h0 d0^5 e0
M P^2 d0^2,89,22,48,0,1,,loc,,
_M P^3 h1^2 e0,89,23,47,1,-1,,loc,0,P^2 D^2 h1^2 c0 d0
_P D^2 h1^4 d0^2,89,23,47,1,1,,loc,,
_P^2 D^2 h1^2 c0 d0,89,24,46,1,0,,loc,0,P^3 D^2 h1^2 d0
P D h1 d0^4,89,25,49,0,0,,loc,,
_P^3 D h1 c0 d0 e0,89,27,47,1,-1,,loc,0,P^4 D h1 d0 e0
P c0 d0^4 e0,89,27,51,0,1,,loc,,
P^2 d0^4 e0,89,28,50,0,0,,loc,,
_P^2 h1^2 d0^5,89,29,49,1,0,,loc,0,P^3 c0 d0^4
_P^3 c0 d0^4,89,30,48,1,0,,loc,0,P^4 d0^4
P^5 D c0 e0,89,31,47,0,0,,loc,,
_t P^4 h0 d0^4,89,32,46,1,0,h,P^6 D h1 e0,,
P^8 c0 e0,89,39,47,0,0,,loc,,
P^9 e0,89,40,46,0,0,,loc,,
P^11 h1,89,45,45,0,0,,loc,,
M^2,90,12,48,0,0,,M^2 h1,,
M D h1 g,90,15,49,0,0,,M D h1^2 g,,
D^3 h1 e0,90,17,47,0,-1,,loc,1,D^3 h1^3 d0
M c0 e0 g,90,17,51,0,1,,M h1 c0 e0 g,,
_D c0 e0 g^2,90,18,50,1,-1,,_D h1 c0 e0 g^2,0,_t h0 e0^4 g
M d0^2 e0,90,18,50,0,1,,loc,,
_M h1^2 d0^3,90,19,49,1,-2,,loc,0,M P c0 d0^2
M h1^5 g^2,90,19,53,0,0,,M h1^6 g^2,,
D^2 c0 e0^2,90,19,49,0,2,,D^2 h1 c0 e0^2,,
_M P c0 d0^2,90,20,48,1,-1,,loc,0,M P^2 d0^2
D^2 d0^3,90,20,48,0,1,,loc,,
_P D^2 h1^2 d0 e0,90,21,47,1,-1,,loc,0,_P D^2 h1^4 d0^2
D h1 d0 e0^3,90,21,51,0,1,,loc,,
h1^2 e0^4 g,90,22,54,0,0,,loc,,
_P D h1 c0 d0 e0^2,90,23,49,1,-1,,loc,0,P D h1 d0^4
c0 d0 e0^4,90,23,53,0,1,,loc,,
d0^4 e0^2,90,24,52,0,0,,loc,,
_h1^2 d0^5 e0,90,25,51,1,0,,loc,0,P c0 d0^4 e0
_P c0 d0^4 e0,90,26,50,1,0,,loc,0,P^2 d0^4 e0
P^2 D c0 d0^3,90,27,49,0,0,,loc,,
_t P^2 h0 d0^4 e0,90,28,48,1,0,h,P^3 D h1 d0^3,,
_P^4 D h1^2 d0 e0,90,29,47,1,-1,,loc,0,P^5 D c0 e0
_M P^5 h1^4,90,29,47,1,1,,loc,,
_P^5 D c0 e0,90,30,46,1,0,,_P^5 D h1 c0 e0,0,_t P^4 h0 d0^4
P^6 D h1 e0,90,33,47,0,0,,loc,,
P^5 c0 d0^3,90,35,49,0,0,,loc,,
P^6 d0^3,90,36,48,0,0,,loc,,
_P^7 h1^2 d0 e0,90,37,47,1,0,,loc,0,P^8 c0 e0
_P^8 c0 e0,90,38,46,1,0,,loc,0,P^9 e0
M^2 h1,91,13,49,0,0,,M^2 h1^2,,
_M c0 e0 g,91,16,50,1,-1,,loc,0,M d0^2 e0
M D h1^2 g,91,16,50,0,1,,M D h1^3 g,,
M D c0 d0,91,17,49,0,0,,loc,,
_D^2 c0 e0^2,91,18,48,1,-1,,loc,0,D^2 d0^3
M h1 c0 e0 g,91,18,52,0,1,,M h1^2 c0 e0 g,,
_D h1 c0 e0 g^2,91,19,51,1,-1,,loc,0,D h1 d0 e0^3
_D^3 h1^4 d0,91,19,47,1,1,,loc,,
d0 e0 g^3,91,20,54,0,-2,,loc,2,h1^2 e0^4 g
M h1^6 g^2,91,20,54,0,0,,M h1^7 g^2,,
D^2 h1 c0 e0^2,91,20,50,0,2,,D^2 h1^2 c0 e0^2,,
_h1^2 e0^4 g,91,21,53,1,0,,loc,0,c0 d0 e0^4
_c0 d0 e0^4,91,22,52,1,0,,loc,0,d0^4 e0^2
P D c0 e0^3,91,23,51,0,0,,loc,,
_t h0 d0^4 e0^2,91,24,50,1,0,h,P D h1 d0^3 e0,,
_P D h1^2 d0^4,91,25,49,1,-1,,loc,0,P^2 D c0 d0^3
M P^3 c0 d0,91,25,49,0,1,,loc,,
_P^2 D c0 d0^3,91,26,48,1,-1,,_P^2 D h1 c0 d0^3,0,_t P^2 h0 d0^4 e0
M P^4 d0,91,26,48,0,1,,loc,,
_P^3 D^2 h1^4 d0,91,27,47,1,0,,loc,0,_M P^5 h1^4
P^3 D h1 d0^3,91,29,49,0,0,,loc,,
_P^5 D h1 c0 e0,91,31,47,1,-1,,loc,0,P^6 D h1 e0
P^3 c0 d0^3 e0,91,31,51,0,1,,loc,,
P^4 d0^3 e0,91,32,50,0,0,,loc,,
_P^4 h1^2 d0^4,91,33,49,1,0,,loc,0,P^5 c0 d0^3
_P^5 c0 d0^3,91,34,48,1,0,,loc,0,P^6 d0^3
_P^6 D h1^4 d0,91,35,47,1,0,,loc,,
_P^9 h1^4 d0,91,43,47,1,0,,loc,,
_P^10 h1^2 c0,91,44,46,1,0,,loc,,
M^2 h1^2,92,14,50,0,0,,loc,,
_M D h1^2 g,92,15,49,1,0,,loc,0,M D c0 d0
_D^3 h1^2 e0,92,17,47,1,-1,,loc,0,_D^3 h1^4 d0
M D h1^3 g,92,17,51,0,1,,M D h1^4 g,,
M h1^2 c0 e0 g,92,19,53,0,-1,,M h1^3 c0 e0 g,,
M P D h1 d0,92,19,49,0,1,,loc,,
_t h0 d0 e0 g^3,92,20,52,1,0,h,D h1 e0^4,,
_D h1^2 d0 e0^3,92,21,51,1,-3,,loc,0,P D c0 e0^3
M h1^7 g^2,92,21,55,0,-1,,M h1^8 g^2,,
D^2 h1^2 c0 e0^2,92,21,51,0,1,,loc,,
M P c0 d0 e0,92,21,51,0,3,,loc,,
_P D c0 e0^3,92,22,50,1,-1,,_P D h1 c0 e0^3,0,_t h0 d0^4 e0^2
M P^2 d0 e0,92,22,50,0,1,,loc,,
_M P^2 h1^2 d0^2,92,23,49,1,-1,,loc,0,M P^3 c0 d0
P D^2 c0 d0^2,92,23,49,0,1,,loc,,
_M P^3 c0 d0,92,24,48,1,-1,,loc,0,M P^4 d0
P^2 D^2 d0^2,92,24,48,0,1,,loc,,
P D h1 d0^3 e0,92,25,51,0,0,,loc,,
_P^2 D h1 c0 d0^3,92,27,49,1,-1,,loc,0,P^3 D h1 d0^3
c0 d0^6,92,27,53,0,1,,loc,,
P d0^6,92,28,52,0,0,,loc,,
_P^2 h1^2 d0^4 e0,92,29,51,1,0,,loc,0,P^3 c0 d0^3 e0
_P^3 c0 d0^3 e0,92,30,50,1,0,,loc,0,P^4 d0^3 e0
P^4 D c0 d0^2,92,31,49,0,0,,loc,,
_t P^4 h0 d0^3 e0,92,32,48,1,0,h,P^5 D h1 d0^2,,
_P^6 D h1^2 e0,92,33,47,1,0,,loc,0,_P^6 D h1^4 d0
P^7 c0 d0^2,92,39,49,0,0,,loc,,
P^8 d0^2,92,40,48,0,0,,loc,,
_P^9 h1^2 e0,92,41,47,1,0,,loc,0,_P^9 h1^4 d0
D D1 e0,93,12,50,0,0,,loc,2,M^2 h1^2
_M D h1 c0 d0,93,17,49,1,-1,,loc,0,M P D h1 d0
M c0 g^2,93,17,53,0,1,,M h1 c0 g^2,,
M D h1^4 g,93,18,52,0,-1,,M D h1^5 g,,
M d0 e0^2,93,18,52,0,1,,loc,,
D^2 c0 e0 g,93,19,51,0,-1,,loc,2,D^2 h1^2 c0 e0^2
_M h1^2 d0^2 e0,93,19,51,1,1,,loc,0,M P c0 d0 e0
_M P c0 d0 e0,93,20,50,1,-2,,loc,0,M P^2 d0 e0
M h1^3 c0 e0 g,93,20,54,0,0,,M h1^4 c0 e0 g,,
D^2 d0^2 e0,93,20,50,0,2,,loc,,
_D^2 h1^2 d0^3,93,21,49,1,-1,,loc,0,P D^2 c0 d0^2
D h1 e0^4,93,21,53,0,1,,D h1^2 e0^4,,
_P D^2 c0 d0^2,93,22,48,1,-1,,loc,0,P^2 D^2 d0^2
M h1^8 g^2,93,22,56,0,1,,loc,,
_P D h1 c0 e0^3,93,23,51,1,-1,,loc,0,P D h1 d0^3 e0
c0 e0^5,93,23,55,0,1,,loc,,
d0^3 e0^3,93,24,54,0,0,,loc,,
_h1^2 d0^4 e0^2,93,25,53,1,0,,loc,0,c0 d0^6
_c0 d0^6,93,26,52,1,0,,loc,0,P d0^6
P^2 D c0 d0^2 e0,93,27,51,0,0,,loc,,
_t P h0 d0^6,93,28,50,1,0,h,P^3 D h1 d0^2 e0,,
_P^3 D h1^2 d0^3,93,29,49,1,-1,,loc,0,P^4 D c0 d0^2
M P^5 c0,93,29,49,0,1,,loc,,
_P^4 D c0 d0^2,93,30,48,1,0,,_P^4 D h1 c0 d0^2,0,_t P^4 h0 d0^3 e0
P^5 D h1 d0^2,93,33,49,0,0,,loc,,
P^5 c0 d0^2 e0,93,35,51,0,0,,loc,,
P^6 d0^2 e0,93,36,50,0,0,,loc,,
_P^6 h1^2 d0^3,93,37,49,1,0,,loc,0,P^7 c0 d0^2
_P^7 c0 d0^2,93,38,48,1,0,,loc,0,P^8 d0^2
_P^11 h1^4,93,47,47,1,0,,loc,,
D^2 M h1,94,15,49,0,0,,D^2 M h1^2,,
_M c0 g^2,94,16,52,1,0,,loc,0,M d0 e0^2
M D c0 e0,94,17,51,0,0,,M D h1 c0 e0,,
_D^2 c0 e0 g,94,18,50,1,-2,,loc,0,D^2 d0^2 e0
M h1 c0 g^2,94,18,54,0,0,,M h1^2 c0 g^2,,
_t M h0 d0 e0^2,94,18,50,1,2,h,M P D h1 e0,,
M D h1^5 g,94,19,53,0,-1,,M D h1^6 g,,
D^3 c0 d0,94,19,49,0,1,,D^3 h1 c0 d0,,
e0^2 g^3,94,20,56,0,-1,,loc,8,M h1^8 g^2
_t D^2 h0 d0^2 e0,94,20,48,1,1,h,P D^3 h1 d0,,
_h1^2 d0 e0 g^3,94,21,55,1,-1,,loc,0,c0 e0^5
M h1^4 c0 e0 g,94,21,55,0,1,,M h1^5 c0 e0 g,,
_c0 e0^5,94,22,54,1,-1,,loc,0,d0^3 e0^3
D h1^2 e0^4,94,22,54,0,1,,D h1^3 e0^4,,
D c0 d0^2 e0^2,94,23,53,0,0,,loc,,
_t h0 d0^3 e0^3,94,24,52,1,0,h,D h1 d0^5,,
_P D h1^2 d0^3 e0,94,25,51,1,-1,,loc,0,P^2 D c0 d0^2 e0
M P^3 c0 e0,94,25,51,0,1,,loc,,
_P^2 D c0 d0^2 e0,94,26,50,1,-1,,_P^2 D h1 c0 d0^2 e0,0,_t P h0 d0^6
M P^4 e0,94,26,50,0,1,,loc,,
_M P^4 h1^2 d0,94,27,49,1,0,,loc,0,M P^5 c0
P^3 D h1 d0^2 e0,94,29,51,0,0,,loc,,
_P^4 D h1 c0 d0^2,94,31,49,1,-2,,loc,0,P^5 D h1 d0^2
M P^6 h1,94,31,49,0,0,,loc,,
P^2 c0 d0^5,94,31,53,0,2,,loc,,
P^3 d0^5,94,32,52,0,0,,loc,,
_P^4 h1^2 d0^3 e0,94,33,51,1,0,,loc,0,P^5 c0 d0^2 e0
_P^5 c0 d0^2 e0,94,34,50,1,0,,loc,0,P^6 d0^2 e0
P^6 D c0 d0,94,35,49,0,0,,loc,,
_t P^6 h0 d0^2 e0,94,36,48,1,0,h,P^7 D h1 d0,,
P^9 c0 d0,94,43,49,0,0,,loc,,
P^10 d0,94,44,48,0,0,,P^10 h1 d0,,
_M^2 h1^4,95,15,51,1,0,,loc,,
_M D c0 e0,95,16,50,1,-1,,_M D h1 c0 e0,0,_t M h0 d0 e0^2
D^2 M h1^2,95,16,50,0,1,,D^2 M h1^3,,
_D^3 c0 d0,95,18,48,1,-1,,_D^3 h1 c0 d0,0,_t D^2 h0 d0^2 e0
M D h1 c0 e0,95,18,52,0,1,,M D h1^2 c0 e0,,
M h1^2 c0 g^2,95,19,55,0,-1,,M h1^3 c0 g^2,,
M P D h1 e0,95,19,51,0,1,,loc,,
_t h0 e0^2 g^3,95,20,54,1,-2,h,D h1 e0^3 g,2,D h1^2 e0^4
M D h1^6 g,95,20,54,0,0,,M D h1^7 g,,
D^3 h1 c0 d0,95,20,50,0,2,,D^3 h1^2 c0 d0,,
_D h1^2 e0^4,95,21,53,1,-2,,loc,0,D c0 d0^2 e0^2
P D^3 h1 d0,95,21,49,0,0,,loc,,
M c0 d0^3,95,21,53,0,2,,loc,,
_D c0 d0^2 e0^2,95,22,52,1,-2,,_D h1 c0 d0^2 e0^2,0,_t h0 d0^3 e0^3
M h1^5 c0 e0 g,95,22,56,0,0,,M h1^6 c0 e0 g,,
M P d0^3,95,22,52,0,2,,loc,,
_M P^2 h1^2 d0 e0,95,23,51,1,-2,,loc,0,M P^3 c0 e0
P D^2 c0 d0 e0,95,23,51,0,0,,loc,,
D h1^3 e0^4,95,23,55,0,2,,loc,,
_M P^3 c0 e0,95,24,50,1,-1,,loc,0,M P^4 e0
P^2 D^2 d0 e0,95,24,50,0,1,,loc,,
D h1 d0^5,95,25,53,0,0,,loc,,
_P^2 D h1 c0 d0^2 e0,95,27,51,1,-1,,loc,0,P^3 D h1 d0^2 e0
c0 d0^5 e0,95,27,55,0,1,,loc,,
P d0^5 e0,95,28,54,0,0,,loc,,
_M P^5 h1 c0,95,29,49,1,-1,,loc,0,M P^6 h1
_P h1^2 d0^6,95,29,53,1,1,,loc,0,P^2 c0 d0^5
_P^2 c0 d0^5,95,30,52,1,0,,loc,0,P^3 d0^5
P^4 D c0 d0 e0,95,31,51,0,0,,loc,,
_t P^3 h0 d0^5,95,32,50,1,0,h,P^5 D h1 d0 e0,,
_P^5 D h1^2 d0^2,95,33,49,1,0,,loc,0,P^6 D c0 d0
P^7 D h1 d0,95,37,49,0,0,,loc,,
P^7 c0 d0 e0,95,39,51,0,0,,loc,,
P^8 d0 e0,95,40,50,0,0,,loc,,
_P^8 h1^2 d0^2,95,41,49,1,0,,loc,0,P^9 c0 d0
P^10 h1 d0,95,45,49,0,0,,loc,,
_D D1 h1^2 e0,96,13,51,1,0,,loc,0,_M^2 h1^4
_M D h1 c0 e0,96,17,51,1,-1,,loc,0,M P D h1 e0
D^2 M h1^3,96,17,51,0,1,,D^2 M h1^4,,
M e0^3,96,18,54,0,0,,M h1 e0^3,,
_D^3 h1 c0 d0,96,19,49,1,-2,,loc,0,P D^3 h1 d0
_M h1^2 d0 e0^2,96,19,53,1,0,,loc,0,M c0 d0^3
M D h1^2 c0 e0,96,19,53,0,2,,M D h1^3 c0 e0,,
_M c0 d0^3,96,20,52,1,-2,,loc,0,M P d0^3
M h1^3 c0 g^2,96,20,56,0,0,,M h1^4 c0 g^2,,
D^2 d0 e0^2,96,20,52,0,2,,D^2 h1 d0 e0^2,,
_D^2 h1^2 d0^2 e0,96,21,51,1,-4,,loc,0,P D^2 c0 d0 e0
D h1 e0^3 g,96,21,55,0,-2,,loc,2,D h1^3 e0^4
M D h1^7 g,96,21,55,0,0,,M D h1^8 g,,
_M P D h1^4 d0,96,21,51,1,2,,loc,,
D^3 h1^2 c0 d0,96,21,51,0,4,,loc,,
_P D^2 c0 d0 e0,96,22,50,1,0,,loc,0,P^2 D^2 d0 e0
_D h1 c0 d0^2 e0^2,96,23,53,1,-2,,loc,0,D h1 d0^5
M h1^6 c0 e0 g,96,23,57,0,0,,M h1^7 c0 e0 g,,
c0 e0^4 g,96,23,57,0,2,,loc,,
d0^2 e0^4,96,24,56,0,0,,loc,,
_h1^2 d0^3 e0^3,96,25,55,1,0,,loc,0,c0 d0^5 e0
_c0 d0^5 e0,96,26,54,1,0,,loc,0,P d0^5 e0
P D c0 d0^4,96,27,53,0,0,,loc,,
_t P h0 d0^5 e0,96,28,52,1,0,h,P^2 D h1 d0^4,,
_P^3 D h1^2 d0^2 e0,96,29,51,1,-1,,loc,0,P^4 D c0 d0 e0
P^3 D^2 h1^2 c0 d0,96,29,51,0,1,,loc,,
_P^4 D c0 d0 e0,96,30,50,1,-1,,_P^4 D h1 c0 d0 e0,0,_t P^3 h0 d0^5
P^4 D^2 h1^2 d0,96,30,50,0,1,,loc,,
P^5 D h1 d0 e0,96,33,51,0,0,,loc,,
_P^6 D h1 c0 d0,96,35,49,1,-1,,loc,1,P^7 D h1 d0
P^4 c0 d0^4,96,35,53,0,1,,loc,,
P^5 d0^4,96,36,52,0,0,,loc,,
_P^6 h1^2 d0^2 e0,96,37,51,1,0,,loc,0,P^7 c0 d0 e0
_P^7 c0 d0 e0,96,38,50,1,0,,loc,0,P^8 d0 e0
_P^9 h1 c0 d0,96,43,49,1,0,,loc,1,P^10 h1 d0
P^11 c0,96,47,49,0,0,,loc,,
M D1,97,10,52,0,0,,M D1 h1,,
M D c0 g,97,17,53,0,0,,M D h1 c0 g,,
D^2 M h1^4,97,18,52,0,-1,,D^2 M h1^5,,
_t M h0 e0^3,97,18,52,1,1,h,M D h1 d0^2,,
_M P D h1^2 e0,97,19,51,1,-2,,loc,0,_M P D h1^4 d0
D^3 c0 e0,97,19,51,0,0,,loc,2,D^3 h1^2 c0 d0
M h1 e0^3,97,19,55,0,2,,M h1^2 e0^3,,
M D h1^3 c0 e0,97,20,54,0,-1,,M D h1^4 c0 e0,,
_t D^2 h0 d0 e0^2,97,20,50,1,1,h,P D^3 h1 e0,,
_h1^2 e0^2 g^3,97,21,57,1,-2,,loc,0,c0 e0^4 g
M h1^4 c0 g^2,97,21,57,0,0,,M h1^5 c0 g^2,,
D^2 h1 d0 e0^2,97,21,53,0,2,,D^2 h1^2 d0 e0^2,,
_c0 e0^4 g,97,22,56,1,-1,,loc,0,d0^2 e0^4
M D h1^8 g,97,22,56,0,1,,M D h1^9 g,,
D c0 d0 e0^3,97,23,55,0,0,,loc,,
M h1^7 c0 e0 g,97,24,58,0,-1,,M h1^8 c0 e0 g,,
_t h0 d0^2 e0^4,97,24,54,1,1,h,D h1 d0^4 e0,,
_D h1^2 d0^5,97,25,53,1,-1,,loc,0,P D c0 d0^4
M P^2 c0 d0^2,97,25,53,0,1,,loc,,
_P D c0 d0^4,97,26,52,1,-1,,_P D h1 c0 d0^4,0,_t P h0 d0^5 e0
M P^3 d0^2,97,26,52,0,1,,loc,,
_M P^4 h1^2 e0,97,27,51,1,-1,,loc,0,P^3 D^2 h1^2 c0 d0
_P^2 D^2 h1^4 d0^2,97,27,51,1,1,,loc,,
_P^3 D^2 h1^2 c0 d0,97,28,50,1,0,,loc,0,P^4 D^2 h1^2 d0
P^2 D h1 d0^4,97,29,53,0,0,,loc,,
_P^4 D h1 c0 d0 e0,97,31,51,1,-1,,loc,0,P^5 D h1 d0 e0
P^2 c0 d0^4 e0,97,31,55,0,1,,loc,,
P^3 d0^4 e0,97,32,54,0,0,,loc,,
_P^3 h1^2 d0^5,97,33,53,1,0,,loc,0,P^4 c0 d0^4
_P^4 c0 d0^4,97,34,52,1,0,,loc,0,P^5 d0^4
P^6 D c0 e0,97,35,51,0,0,,loc,,
_t P^5 h0 d0^4,97,36,50,1,0,h,P^7 D h1 e0,,
P^9 c0 e0,97,43,51,0,0,,loc,,
P^10 e0,97,44,50,0,0,,loc,,
P^12 h1,97,49,49,0,0,,loc,,
M D1 h1,98,11,53,0,0,,M D1 h1^2,,
M^2 c0,98,15,53,0,0,,M^2 h1 c0,,
_M D c0 g,98,16,52,1,0,,_M D h1 c0 g,0,_t M h0 e0^3
_D^2 M h1^4,98,17,51,1,0,,_D^2 M h1^5,,
_D^3 c0 e0,98,18,50,1,-1,,_D^3 h1 c0 e0,0,_t D^2 h0 d0 e0^2
M D h1 c0 g,98,18,54,0,1,,M D h1^2 c0 g,,
D^2 M h1^5,98,19,53,0,-1,,D^2 M h1^6,,
M D h1 d0^2,98,19,53,0,1,,loc,,
_t h0 e0 g^4,98,20,56,1,-1,h,D h1 e0^2 g^2,8,M D h1^8 g
M h1^2 e0^3,98,20,56,0,1,,M h1^3 e0^3,,
_D h1^2 e0^3 g,98,21,55,1,-3,,loc,0,D c0 d0 e0^3
M D h1^4 c0 e0,98,21,55,0,-1,,M D h1^5 c0 e0,,
P D^3 h1 e0,98,21,51,0,1,,loc,,
M c0 d0^2 e0,98,21,55,0,3,,loc,,
_D c0 d0 e0^3,98,22,54,1,-3,,_D h1 c0 d0 e0^3,0,_t h0 d0^2 e0^4
M h1^5 c0 g^2,98,22,58,0,-1,,M h1^6 c0 g^2,,
M P d0^2 e0,98,22,54,0,1,,loc,,
D^2 h1^2 d0 e0^2,98,22,54,0,3,,loc,,
_M P h1^2 d0^3,98,23,53,1,-2,,loc,0,M P^2 c0 d0^2
D^2 c0 d0^3,98,23,53,0,0,,loc,,
M D h1^9 g,98,23,57,0,2,,loc,,
_M P^2 c0 d0^2,98,24,52,1,-1,,loc,0,M P^3 d0^2
P D^2 d0^3,98,24,52,0,1,,loc,,
_P^2 D^2 h1^2 d0 e0,98,25,51,1,-2,,loc,0,_P^2 D^2 h1^4 d0^2
M h1^8 c0 e0 g,98,25,59,0,0,,loc,,
D h1 d0^4 e0,98,25,55,0,2,,loc,,
_P D h1 c0 d0^4,98,27,53,1,-1,,loc,0,P^2 D h1 d0^4
c0 d0^4 e0^2,98,27,57,0,1,,loc,,
d0^7,98,28,56,0,0,,loc,,
_P h1^2 d0^5 e0,98,29,55,1,0,,loc,0,P^2 c0 d0^4 e0
_P^2 c0 d0^4 e0,98,30,54,1,0,,loc,0,P^3 d0^4 e0
P^3 D c0 d0^3,98,31,53,0,0,,loc,,
_t P^3 h0 d0^4 e0,98,32,52,1,0,h,P^4 D h1 d0^3,,
_P^5 D h1^2 d0 e0,98,33,51,1,-1,,loc,0,P^6 D c0 e0
_M P^6 h1^4,98,33,51,1,1,,loc,,
_P^6 D c0 e0,98,34,50,1,0,,_P^6 D h1 c0 e0,0,_t P^5 h0 d0^4
P^7 D h1 e0,98,37,51,0,0,,loc,,
P^6 c0 d0^3,98,39,53,0,0,,loc,,
P^7 d0^3,98,40,52,0,0,,loc,,
_P^8 h1^2 d0 e0,98,41,51,1,0,,loc,0,P^9 c0 e0
_P^9 c0 e0,98,42,50,1,0,,loc,0,P^10 e0
M D1 h1^2,99,12,54,0,0,,M D1 h1^3,,
M^2 h1 c0,99,16,54,0,0,,M^2 h1^2 c0,,
_M D h1 c0 g,99,17,53,1,-1,,loc,0,M D h1 d0^2
M^2 P h1,99,17,53,0,1,,loc,,
_D^2 M h1^5,99,18,52,1,-1,,_D^2 M h1^6,,
M e0^2 g,99,18,56,0,1,,M h1 e0^2 g,,
_D^3 h1 c0 e0,99,19,51,1,-2,,loc,0,P D^3 h1 e0
_M h1^2 e0^3,99,19,55,1,0,,loc,0,M c0 d0^2 e0
M D h1^2 c0 g,99,19,55,0,2,,M D h1^3 c0 g,,
_M c0 d0^2 e0,99,20,54,1,-2,,loc,0,M P d0^2 e0
D^2 e0^3,99,20,54,0,0,,loc,2,D^2 h1^2 d0 e0^2
D^2 M h1^6,99,20,54,0,2,,D^2 M h1^7,,
_D^2 h1^2 d0 e0^2,99,21,53,1,-3,,loc,0,D^2 c0 d0^3
D h1 e0^2 g^2,99,21,57,0,-1,,loc,8,M D h1^9 g
M h1^3 e0^3,99,21,57,0,1,,M h1^4 e0^3,,
M P D c0 d0,99,21,53,0,3,,loc,,
_D^2 c0 d0^3,99,22,52,1,-2,,loc,0,P D^2 d0^3
M D h1^5 c0 e0,99,22,56,0,0,,M D h1^6 c0 e0,,
_t M P h0 d0^2 e0 + D^2 c0 d0^3,99,22,52,1,2,h,M P^2 D h1 d0,,
c0 d0 e0 g^3,99,23,59,0,-3,,loc,8,M h1^8 c0 e0 g
_D h1 c0 d0 e0^3,99,23,55,1,-1,,loc,0,D h1 d0^4 e0
M h1^6 c0 g^2,99,23,59,0,1,,M h1^7 c0 g^2,,
_P D^3 h1^4 d0,99,23,51,1,3,,loc,,
d0 e0^5,99,24,58,0,0,,loc,,
_h1^2 d0^2 e0^4,99,25,57,1,0,,loc,0,c0 d0^4 e0^2
_c0 d0^4 e0^2,99,26,56,1,0,,loc,0,d0^7
P D c0 d0^3 e0,99,27,55,0,0,,loc,,
_t h0 d0^7,99,28,54,1,0,h,P^2 D h1 d0^3 e0,,
_P^2 D h1^2 d0^4,99,29,53,1,-1,,loc,0,P^3 D c0 d0^3
M P^4 c0 d0,99,29,53,0,1,,loc,,
_P^3 D c0 d0^3,99,30,52,1,-1,,_P^3 D h1 c0 d0^3,0,_t P^3 h0 d0^4 e0
M P^5 d0,99,30,52,0,1,,loc,,
_P^4 D^2 h1^4 d0,99,31,51,1,0,,loc,0,_M P^6 h1^4
P^4 D h1 d0^3,99,33,53,0,0,,loc,,
_P^6 D h1 c0 e0,99,35,51,1,-1,,loc,0,P^7 D h1 e0
P^4 c0 d0^3 e0,99,35,55,0,1,,loc,,
P^5 d0^3 e0,99,36,54,0,0,,loc,,
_P^5 h1^2 d0^4,99,37,53,1,0,,loc,0,P^6 c0 d0^3
_P^6 c0 d0^3,99,38,52,1,0,,loc,0,P^7 d0^3
_P^7 D h1^4 d0,99,39,51,1,0,,loc,,
_P^10 h1^4 d0,99,47,51,1,0,,loc,,
_P^11 h1^2 c0,99,48,50,1,0,,loc,,
M D1 h1^3,100,13,55,0,0,,M D1 h1^4,,
_M^2 h1 c0,100,15,53,1,0,,loc,0,M^2 P h1
M^2 h1^2 c0,100,17,55,0,0,,loc,,
_t M h0 e0^2 g,100,18,54,1,0,h,M D h1 d0 e0,,
_M D h1^2 d0^2,100,19,53,1,-2,,loc,0,M P D c0 d0
_D^2 M h1^6,100,19,53,1,0,,_D^2 M h1^7,,
M h1 e0^2 g,100,19,57,0,2,,M h1^2 e0^2 g,,
_M P D c0 d0,100,20,52,1,-2,,_M P D h1 c0 d0,0,_t M P h0 d0^2 e0 + D^2 c0 d0^3
M D h1^3 c0 g,100,20,56,0,0,,M D h1^4 c0 g,,
_t D^2 h0 e0^3,100,20,52,1,2,h,D^3 h1 d0^2,,
_P D^3 h1^2 e0,100,21,51,1,-1,,loc,0,_P D^3 h1^4 d0
D^2 M h1^7,100,21,55,0,1,,D^2 M h1^8,,
_c0 d0 e0 g^3,100,22,58,1,-1,,loc,0,d0 e0^5
M h1^4 e0^3,100,22,58,0,1,,M h1^5 e0^3,,
M D h1^6 c0 e0,100,23,57,0,-2,,M D h1^7 c0 e0,,
D c0 e0^4,100,23,57,0,0,,loc,,
M P^2 D h1 d0,100,23,53,0,2,,loc,,
M h1^7 c0 g^2,100,24,60,0,-1,,M h1^8 c0 g^2,,
_t h0 d0 e0^5,100,24,56,1,1,h,D h1 d0^3 e0^2,,
_D h1^2 d0^4 e0,100,25,55,1,-1,,loc,0,P D c0 d0^3 e0
M P^2 c0 d0 e0,100,25,55,0,1,,loc,,
_P D c0 d0^3 e0,100,26,54,1,-1,,_P D h1 c0 d0^3 e0,0,_t h0 d0^7
M P^3 d0 e0,100,26,54,0,1,,loc,,
_M P^3 h1^2 d0^2,100,27,53,1,-1,,loc,0,M P^4 c0 d0
P^2 D^2 c0 d0^2,100,27,53,0,1,,loc,,
_M P^4 c0 d0,100,28,52,1,0,,loc,0,M P^5 d0
P^2 D h1 d0^3 e0,100,29,55,0,0,,loc,,
_P^3 D h1 c0 d0^3,100,31,53,1,-1,,loc,0,P^4 D h1 d0^3
P c0 d0^6,100,31,57,0,1,,loc,,
P^2 d0^6,100,32,56,0,0,,loc,,
_P^3 h1^2 d0^4 e0,100,33,55,1,0,,loc,0,P^4 c0 d0^3 e0
_P^4 c0 d0^3 e0,100,34,54,1,0,,loc,0,P^5 d0^3 e0
P^5 D c0 d0^2,100,35,53,0,0,,loc,,
_t P^5 h0 d0^3 e0,100,36,52,1,0,h,P^6 D h1 d0^2,,
_P^7 D h1^2 e0,100,37,51,1,0,,loc,0,_P^7 D h1^4 d0
P^8 c0 d0^2,100,43,53,0,0,,loc,,
P^9 d0^2,100,44,52,0,0,,loc,,
_P^10 h1^2 e0,100,45,51,1,0,,loc,0,_P^10 h1^4 d0
M D1 h1^4,101,14,56,0,0,,M D1 h1^5,,
D D1 c0 e0,101,15,55,0,0,,loc,2,M^2 h1^2 c0
P D D1 e0,101,16,54,0,0,,loc,,
D^2 M c0,101,17,53,0,0,,D^2 M h1 c0,,
D^2 M P,101,18,52,0,0,,D^2 M P h1,,
M D h1 d0 e0,101,19,55,0,0,,M D h1^2 d0 e0,,
_D^2 M h1^7,101,20,54,1,-1,,_D^2 M h1^8,,
M h1^2 e0^2 g,101,20,58,0,1,,loc,,
_D h1^2 e0^2 g^2,101,21,57,1,-4,,loc,0,D c0 e0^4
_M P D h1 c0 d0,101,21,53,1,-2,,loc,0,M P^2 D h1 d0
M D h1^4 c0 g,101,21,57,0,0,,M D h1^5 c0 g,,
D^3 h1 d0^2,101,21,53,0,2,,D^3 h1^2 d0^2,,
M c0 d0 e0^2,101,21,57,0,4,,loc,,
_D c0 e0^4,101,22,56,1,-2,,_D h1 c0 e0^4,0,_t h0 d0 e0^5
D^2 M h1^8,101,22,56,0,0,,loc,,
M d0^4,101,22,56,0,2,,loc,,
_M P h1^2 d0^2 e0,101,23,55,1,-2,,loc,0,M P^2 c0 d0 e0
M h1^5 e0^3,101,23,59,0,0,,M h1^6 e0^3,,
D^2 c0 d0^2 e0,101,23,55,0,2,,loc,,
_M P^2 c0 d0 e0,101,24,54,1,-2,,loc,0,M P^3 d0 e0
M D h1^7 c0 e0,101,24,58,0,0,,M D h1^8 c0 e0,,
P D^2 d0^2 e0,101,24,54,0,2,,loc,,
_P D^2 h1^2 d0^3,101,25,53,1,-2,,loc,0,P^2 D^2 c0 d0^2
M h1^8 c0 g^2,101,25,61,0,0,,loc,,
D h1 d0^3 e0^2,101,25,57,0,2,,loc,,
_P D h1 c0 d0^3 e0,101,27,55,1,-1,,loc,0,P^2 D h1 d0^3 e0
c0 d0^3 e0^3,101,27,59,0,1,,loc,,
d0^6 e0,101,28,58,0,0,,loc,,
_h1^2 d0^7,101,29,57,1,-1,,loc,0,P c0 d0^6
P^3 D^2 h1 d0^2,101,29,53,0,1,,loc,,
_P c0 d0^6,101,30,56,1,0,,loc,0,P^2 d0^6
P^3 D c0 d0^2 e0,101,31,55,0,0,,loc,,
_t P^2 h0 d0^6,101,32,54,1,0,h,P^4 D h1 d0^2 e0,,
_P^4 D h1^2 d0^3,101,33,53,1,-1,,loc,0,P^5 D c0 d0^2
M P^6 c0,101,33,53,0,1,,loc,,
_P^5 D c0 d0^2,101,34,52,1,-1,,_P^5 D h1 c0 d0^2,0,_t P^5 h0 d0^3 e0
M P^7,101,34,52,0,1,,loc,,
P^6 D h1 d0^2,101,37,53,0,0,,loc,,
P^6 c0 d0^2 e0,101,39,55,0,0,,loc,,
P^7 d0^2 e0,101,40,54,0,0,,loc,,
_P^7 h1^2 d0^3,101,41,53,1,0,,loc,0,P^8 c0 d0^2
_P^8 c0 d0^2,101,42,52,1,0,,loc,0,P^9 d0^2
_P^12 h1^4,101,51,51,1,0,,loc,,
_t^2 c1 H1 g,102,11,53,1,0,h,"x103,12",,
_M D1 h1^4,102,13,55,1,0,,_M D1 h1^5,,
_D D1 c0 e0,102,14,54,1,0,,loc,0,P D D1 e0
M D1 h1^5,102,15,57,0,0,,M D1 h1^6,,
M e0 g^2,102,18,58,0,-1,,loc,2,M h1^2 e0^2 g
D^2 M h1 c0,102,18,54,0,1,,D^2 M h1^2 c0,,
_M h1^2 e0^2 g,102,19,57,1,-1,,loc,0,M c0 d0 e0^2
D^2 M P h1,102,19,53,0,1,,D^2 M P h1^2,,
D^2 e0^2 g,102,20,56,0,-2,,loc,7,D^2 M h1^8
_M c0 d0 e0^2,102,20,56,1,0,,loc,0,M d0^4
M D h1^2 d0 e0,102,20,56,0,2,,M D h1^3 d0 e0,,
_D^2 h1^2 e0^3,102,21,55,1,-2,,loc,0,D^2 c0 d0^2 e0
M P D c0 e0,102,21,55,0,0,,M P D h1 c0 e0,,
_D^2 M h1^8,102,21,55,1,2,,loc,,
_D^2 c0 d0^2 e0,102,22,54,1,-3,,loc,0,P D^2 d0^2 e0
M D h1^5 c0 g,102,22,58,0,-1,,M D h1^6 c0 g,,
_t M h0 d0^4 + D^2 c0 d0^2 e0,102,22,54,1,1,h,M D P^2 h1 e0,,
D^3 h1^2 d0^2,102,22,54,0,3,,D^3 h1^3 d0^2,,
c0 e0^2 g^3,102,23,61,0,-2,,loc,8,M h1^8 c0 g^2
_D h1 c0 e0^4,102,23,57,1,0,,loc,0,D h1 d0^3 e0^2
D^3 P c0 d0,102,23,53,0,2,,loc,,
M h1^6 e0^3,102,24,60,0,-1,,M h1^7 e0^3,,
e0^6,102,24,60,0,1,,loc,,
_h1^2 d0 e0^5,102,25,59,1,-1,,loc,0,c0 d0^3 e0^3
M D h1^8 c0 e0,102,25,59,0,1,,loc,,
_c0 d0^3 e0^3,102,26,58,1,0,,loc,0,d0^6 e0
_P^2 D^2 h1 c0 d0^2,102,27,53,1,-1,,loc,0,P^3 D^2 h1 d0^2
D c0 d0^5,102,27,57,0,1,,loc,,
_t h0 d0^6 e0,102,28,56,1,0,h,P D h1 d0^5,,
_P^2 D h1^2 d0^3 e0,102,29,55,1,-1,,loc,0,P^3 D c0 d0^2 e0
M P^4 c0 e0,102,29,55,0,1,,loc,,
_P^3 D c0 d0^2 e0,102,30,54,1,-1,,_P^3 D h1 c0 d0^2 e0,0,_t P^2 h0 d0^6
M P^5 e0,102,30,54,0,1,,loc,,
_M P^5 h1^2 d0,102,31,53,1,0,,loc,0,M P^6 c0
_M P^6 c0,102,32,52,1,0,,loc,0,M P^7
P^4 D h1 d0^2 e0,102,33,55,0,0,,loc,,
_P^5 D h1 c0 d0^2,102,35,53,1,-1,,loc,0,P^6 D h1 d0^2
P^3 c0 d0^5,102,35,57,0,1,,loc,,
P^4 d0^5,102,36,56,0,0,,loc,,
_P^5 h1^2 d0^3 e0,102,37,55,1,0,,loc,0,P^6 c0 d0^2 e0
_P^6 c0 d0^2 e0,102,38,54,1,0,,loc,0,P^7 d0^2 e0
P^7 D c0 d0,102,39,53,0,0,,loc,,
P^10 c0 d0,102,47,53,0,0,,loc,,
P^11 d0,102,48,52,0,0,,loc,,
"x103,12",103,12,54,0,0,,"h1 x103,12",,
_M D1 h1^5,103,14,56,1,0,,_M D1 h1^6,,
M D1 h1^6,103,16,58,0,0,,M D1 h1^7,,
_t M h0 e0 g^2,103,18,56,1,0,h,M D h1 e0^2,,
_M D h1^2 d0 e0,103,19,55,1,-2,,loc,4,_D^2 M h1^8
D^2 M h1^2 c0,103,19,55,0,0,,D^2 M h1^3 c0,,
_M^2 P h1^4,103,19,55,1,2,,loc,,
_M P D c0 e0,103,20,54,1,-2,,_M P D h1 c0 e0,0,_t M h0 d0^4 + D^2 c0 d0^2 e0
_t D^2 h0 e0^2 g,103,20,54,1,0,h,D^3 h1 d0 e0,2,D^3 h1^2 d0^2
D^2 M P h1^2,103,20,54,0,2,,D^2 M P h1^3,,
_D^3 h1^2 d0^2,103,21,53,1,-1,,loc,0,D^3 P c0 d0
M D h1^3 d0 e0,103,21,57,0,1,,M D h1^4 d0 e0,,
_c0 e0^2 g^3,103,22,60,1,-1,,loc,0,e0^6
M P D h1 c0 e0,103,22,56,0,1,,M P D h1^2 c0 e0,,
D c0 e0^3 g,103,23,59,0,-3,,loc,8,M D h1^8 c0 e0
M D h1^6 c0 g,103,23,59,0,-1,,M D h1^7 c0 g,,
M D P^2 h1 e0,103,23,55,0,1,,loc,,
D^3 h1^3 d0^2,103,23,55,0,3,,loc,,
_t h0 e0^6,103,24,58,1,0,h,D h1 d0^2 e0^3,,
_D h1^2 d0^3 e0^2,103,25,57,1,-3,,loc,0,D c0 d0^5
M h1^7 e0^3,103,25,61,0,-1,,M h1^8 e0^3,,
P^2 D^3 h1 d0,103,25,53,0,1,,loc,,
M P c0 d0^3,103,25,57,0,3,,loc,,
_D c0 d0^5,103,26,56,1,-1,,_D h1 c0 d0^5,0,_t h0 d0^6 e0
M P^2 d0^3,103,26,56,0,1,,loc,,
_M P^3 h1^2 d0 e0,103,27,55,1,-1,,loc,0,M P^4 c0 e0
P^2 D^2 c0 d0 e0,103,27,55,0,1,,loc,,
_M P^4 c0 e0,103,28,54,1,-1,,loc,0,M P^5 e0
P^3 D^2 d0 e0,103,28,54,0,1,,loc,,
P D h1 d0^5,103,29,57,0,0,,loc,,
_P^3 D h1 c0 d0^2 e0,103,31,55,1,-1,,loc,0,P^4 D h1 d0^2 e0
P c0 d0^5 e0,103,31,59,0,1,,loc,,
P^2 d0^5 e0,103,32,58,0,0,,loc,,
_P^2 h1^2 d0^6,103,33,57,1,0,,loc,0,P^3 c0 d0^5
_P^3 c0 d0^5,103,34,56,1,0,,loc,0,P^4 d0^5
P^5 D c0 d0 e0,103,35,55,0,0,,loc,,
_t P^4 h0 d0^5,103,36,54,1,0,h,P^6 D h1 d0 e0,,
_P^6 D h1^2 d0^2,103,37,53,1,0,,loc,0,P^7 D c0 d0
P^8 D h1 d0,103,41,53,0,0,,loc,,
P^8 c0 d0 e0,103,43,55,0,0,,loc,,
P^9 d0 e0,103,44,54,0,0,,loc,,
_P^9 h1^2 d0^2,103,45,53,1,0,,loc,0,P^10 c0 d0
_P^10 c0 d0,103,46,52,1,0,,loc,0,P^11 d0
"h1 x103,12",104,13,55,0,0,,"h1^2 x103,12",,
_M D1 h1^6,104,15,57,1,0,,_M D1 h1^7,,
M^2 d0,104,16,56,0,0,,M^2 h1 d0,,
_P D D1 h1^2 e0,104,17,55,1,-1,,loc,0,_M^2 P h1^4
M D1 h1^7,104,17,59,0,1,,M D1 h1^8,,
_D^2 M h1^2 c0,104,18,54,1,0,,_D^2 M h1^3 c0,,
M D h1 e0^2,104,19,57,0,0,,M D h1^2 e0^2,,
D^2 M h1^3 c0,104,20,56,0,0,,D^2 M h1^4 c0,,
_M P D h1 c0 e0,104,21,55,1,-3,,loc,0,M D P^2 h1 e0
D^3 h1 d0 e0,104,21,55,0,-1,,loc,2,D^3 h1^3 d0^2
D^2 M P h1^3,104,21,55,0,1,,D^2 M P h1^4,,
M c0 e0^3,104,21,59,0,3,,loc,,
_D c0 e0^3 g,104,22,58,1,-2,,_D h1 c0 e0^3 g,0,_t h0 e0^6
M D h1^4 d0 e0,104,22,58,0,0,,M D h1^5 d0 e0,,
M d0^3 e0,104,22,58,0,2,,loc,,
_D^3 P h1 c0 d0,104,23,53,1,-3,,loc,0,P^2 D^3 h1 d0
_M h1^2 d0^4,104,23,57,1,-1,,loc,0,M P c0 d0^3
M P D h1^2 c0 e0,104,23,57,0,1,,M P D h1^3 c0 e0,,
D^2 c0 d0 e0^2,104,23,57,0,3,,loc,,
_M P c0 d0^3,104,24,56,1,-2,,loc,0,M P^2 d0^3
M D h1^7 c0 g,104,24,60,0,0,,M D h1^8 c0 g,,
D^2 d0^4,104,24,56,0,2,,loc,,
_P D^2 h1^2 d0^2 e0,104,25,55,1,-2,,loc,0,P^2 D^2 c0 d0 e0
D h1 d0^2 e0^3,104,25,59,0,0,,loc,,
_M P^2 D h1^4 d0,104,25,55,1,2,,loc,,
_P^2 D^2 c0 d0 e0,104,26,54,1,-1,,loc,0,P^3 D^2 d0 e0
M h1^8 e0^3,104,26,62,0,1,,loc,,
_D h1 c0 d0^5,104,27,57,1,-1,,loc,0,P D h1 d0^5
c0 d0^2 e0^4,104,27,61,0,1,,loc,,
d0^5 e0^2,104,28,60,0,0,,loc,,
_h1^2 d0^6 e0,104,29,59,1,0,,loc,0,P c0 d0^5 e0
_P c0 d0^5 e0,104,30,58,1,0,,loc,0,P^2 d0^5 e0
P^2 D c0 d0^4,104,31,57,0,0,,loc,,
_t P^2 h0 d0^5 e0,104,32,56,1,0,h,P^3 D h1 d0^4,,
_P^4 D h1^2 d0^2 e0,104,33,55,1,-1,,loc,0,P^5 D c0 d0 e0
P^4 D^2 h1^2 c0 d0,104,33,55,0,1,,loc,,
_P^5 D c0 d0 e0,104,34,54,1,-1,,_P^5 D h1 c0 d0 e0,0,_t P^4 h0 d0^5
P^5 D^2 h1^2 d0,104,34,54,0,1,,loc,,
P^6 D h1 d0 e0,104,37,55,0,0,,loc,,
_P^7 D h1 c0 d0,104,39,53,1,-1,,loc,0,P^8 D h1 d0
P^5 c0 d0^4,104,39,57,0,1,,loc,,
P^6 d0^4,104,40,56,0,0,,loc,,
_P^7 h1^2 d0^2 e0,104,41,55,1,0,,loc,0,P^8 c0 d0 e0
_P^8 c0 d0 e0,104,42,54,1,0,,loc,0,P^9 d0 e0
P^12 c0,104,51,53,0,0,,loc,,
M D1 c0,105,13,57,0,0,,M D1 h1 c0,,
"h1^2 x103,12",105,14,56,0,0,,"h1^3 x103,12",,
_M D1 h1^7,105,16,58,1,0,,_M D1 h1^8,,
M^2 h1 d0,105,17,57,0,0,,M^2 h1^2 d0,,
M D1 h1^8,105,18,60,0,0,,M D1 h1^9,,
_M h1^2 e0 g^2,105,19,59,1,-1,,loc,0,M c0 e0^3
_D^2 M h1^3 c0,105,19,55,1,1,,_D^2 M h1^4 c0,,
_M c0 e0^3,105,20,58,1,-1,,loc,0,M d0^3 e0
M D h1^2 e0^2,105,20,58,0,1,,M D h1^3 e0^2,,
_D^2 h1^2 e0^2 g,105,21,57,1,-2,,loc,0,D^2 c0 d0 e0^2
D^2 M h1^4 c0,105,21,57,0,0,,D^2 M h1^5 c0,,
M D c0 d0^2,105,21,57,0,2,,loc,,
_D^2 c0 d0 e0^2,105,22,56,1,-2,,loc,0,D^2 d0^4
_t M h0 d0^3 e0 + D^2 c0 d0 e0^2,105,22,56,1,0,h,M P D h1 d0^2,,
D^2 M P h1^4,105,22,56,0,2,,D^2 M P h1^5,,
_D h1 c0 e0^3 g,105,23,59,1,-3,,loc,0,D h1 d0^2 e0^3
_M D P^2 h1^2 e0,105,23,55,1,-1,,loc,0,_M P^2 D h1^4 d0
M D h1^5 d0 e0,105,23,59,0,1,,M D h1^6 d0 e0,,
D^3 P c0 e0,105,23,55,0,3,,loc,,
e0^5 g,105,24,62,0,-2,,loc,8,M h1^8 e0^3
M P D h1^3 c0 e0,105,24,58,0,0,,M P D h1^4 c0 e0,,
_t D^2 h0 d0^4,105,24,54,1,2,h,P^2 D^3 h1 e0,,
_h1^2 e0^6,105,25,61,1,-1,,loc,0,c0 d0^2 e0^4
M D h1^8 c0 g,105,25,61,0,1,,loc,,
_c0 d0^2 e0^4,105,26,60,1,0,,loc,0,d0^5 e0^2
D c0 d0^4 e0,105,27,59,0,0,,loc,,
_t h0 d0^5 e0^2,105,28,58,1,0,h,P D h1 d0^4 e0,,
_P D h1^2 d0^5,105,29,57,1,-1,,loc,0,P^2 D c0 d0^4
M P^3 c0 d0^2,105,29,57,0,1,,loc,,
_P^2 D c0 d0^4,105,30,56,1,-1,,_P^2 D h1 c0 d0^4,0,_t P^2 h0 d0^5 e0
M P^4 d0^2,105,30,56,0,1,,loc,,
_M P^5 h1^2 e0,105,31,55,1,-1,,loc,0,P^4 D^2 h1^2 c0 d0
_P^3 D^2 h1^4 d0^2,105,31,55,1,1,,loc,,
_P^4 D^2 h1^2 c0 d0,105,32,54,1,0,,loc,0,P^5 D^2 h1^2 d0
P^3 D h1 d0^4,105,33,57,0,0,,loc,,
_P^5 D h1 c0 d0 e0,105,35,55,1,-1,,loc,0,P^6 D h1 d0 e0
P^3 c0 d0^4 e0,105,35,59,0,1,,loc,,
P^4 d0^4 e0,105,36,58,0,0,,loc,,
_P^4 h1^2 d0^5,105,37,57,1,0,,loc,0,P^5 c0 d0^4
_P^5 c0 d0^4,105,38,56,1,0,,loc,0,P^6 d0^4
P^7 D c0 e0,105,39,55,0,0,,loc,,
_t P^6 h0 d0^4,105,40,54,1,0,h,P^8 D h1 e0,,
P^10 c0 e0,105,47,55,0,0,,loc,,
P^11 e0,105,48,54,0,0,,loc,,
P^13 h1,105,53,53,0,0,,loc,,
"_h1^2 x103,12",106,13,55,1,0,,"_h1^3 x103,12",,
M D1 h1 c0,106,14,58,0,0,,M D1 h1^2 c0,,
"h1^3 x103,12",106,15,57,0,-1,,"h1^4 x103,12",,
M D1 P h1,106,15,57,0,1,,M D1 P h1^2,,
_M D1 h1^8,106,17,59,1,0,,_M D1 h1^9,,
_t M h0 g^3,106,18,58,1,-1,h,M D h1 e0 g,2,M D h1^2 e0^2
M^2 h1^2 d0,106,18,58,0,1,,loc,,
_M D h1^2 e0^2,106,19,57,1,-2,,loc,0,M D c0 d0^2
M D1 h1^9,106,19,61,0,0,,M D1 h1^10,,
M^2 P c0,106,19,57,0,2,,loc,,
_M D c0 d0^2,106,20,56,1,-3,,_M D h1 c0 d0^2,0,_t M h0 d0^3 e0 + D^2 c0 d0 e0^2
_t D^2 h0 e0 g^2,106,20,56,1,-1,h,D^3 h1 e0^2,4,D^2 M P h1^4
_D^2 M h1^4 c0,106,20,56,1,1,,_D^2 M h1^5 c0,,
M^2 P^2,106,20,56,0,3,,loc,,
_D^3 h1^2 d0 e0,106,21,55,1,-2,,loc,0,D^3 P c0 e0
_D^2 M P h1^4,106,21,55,1,0,,_D^2 M P h1^5,,
M D h1^3 e0^2,106,21,59,0,2,,loc,,
_D^3 P c0 e0,106,22,54,1,-1,,_D^3 P h1 c0 e0,0,_t D^2 h0 d0^4
D^2 M h1^5 c0,106,22,58,0,1,,D^2 M h1^6 c0,,
D c0 e0^2 g^2,106,23,61,0,-2,,loc,8,M D h1^8 c0 g
M P D h1 d0^2,106,23,57,0,0,,loc,,
D^2 M P h1^5,106,23,57,0,2,,loc,,
M D h1^6 d0 e0,106,24,60,0,-1,,M D h1^7 d0 e0,,
_t h0 e0^5 g,106,24,60,1,1,h,D h1 d0 e0^4,,
_D h1^2 d0^2 e0^3,106,25,59,1,-3,,loc,0,D c0 d0^4 e0
M P D h1^4 c0 e0,106,25,59,0,-1,,loc,,
P^2 D^3 h1 e0,106,25,55,0,1,,loc,,
M P c0 d0^2 e0,106,25,59,0,3,,loc,,
_D c0 d0^4 e0,106,26,58,1,-1,,_D h1 c0 d0^4 e0,0,_t h0 d0^5 e0^2
M P^2 d0^2 e0,106,26,58,0,1,,loc,,
_M P^2 h1^2 d0^3,106,27,57,1,-1,,loc,0,M P^3 c0 d0^2
P D^2 c0 d0^3,106,27,57,0,1,,loc,,
_M P^3 c0 d0^2,106,28,56,1,-1,,loc,0,M P^4 d0^2
P^2 D^2 d0^3,106,28,56,0,1,,loc,,
_P^3 D^2 h1^2 d0 e0,106,29,55,1,-1,,loc,0,_P^3 D^2 h1^4 d0^2
P D h1 d0^4 e0,106,29,59,0,1,,loc,,
_P^2 D h1 c0 d0^4,106,31,57,1,-1,,loc,0,P^3 D h1 d0^4
c0 d0^7,106,31,61,0,1,,loc,,
P d0^7,106,32,60,0,0,,loc,,
_P^2 h1^2 d0^5 e0,106,33,59,1,0,,loc,0,P^3 c0 d0^4 e0
_P^3 c0 d0^4 e0,106,34,58,1,0,,loc,0,P^4 d0^4 e0
P^4 D c0 d0^3,106,35,57,0,0,,loc,,
_t P^4 h0 d0^4 e0,106,36,56,1,0,h,P^5 D h1 d0^3,,
_P^6 D h1^2 d0 e0,106,37,55,1,-1,,loc,0,P^7 D c0 e0
_M P^7 h1^4,106,37,55,1,1,,loc,,
_P^7 D c0 e0,106,38,54,1,0,,_P^7 D h1 c0 e0,0,_t P^6 h0 d0^4
P^8 D h1 e0,106,41,55,0,0,,loc,,
P^7 c0 d0^3,106,43,57,0,0,,loc,,
P^8 d0^3,106,44,56,0,0,,loc,,
_P^9 h1^2 d0 e0,106,45,55,1,0,,loc,0,P^10 c0 e0
_P^10 c0 e0,106,46,54,1,0,,loc,0,P^11 e0
"_h1^3 x103,12",107,14,56,1,0,,"_h1^4 x103,12",,
M D1 h1^2 c0,107,15,59,0,0,,M D1 h1^3 c0,,
M^2 e0,107,16,58,0,-2,,loc,2,M^2 h1^2 d0
"h1^4 x103,12",107,16,58,0,0,,"h1^5 x103,12",,
M D1 P h1^2,107,16,58,0,2,,M D1 P h1^3,,
_M^2 h1^2 d0,107,17,57,1,0,,loc,0,M^2 P c0
_M^2 P c0,107,18,56,1,-2,,loc,0,M^2 P^2
_M D1 h1^9,107,18,60,1,0,,_M D1 h1^10,,
M D^2 d0,107,18,56,0,2,,M D^2 h1 d0,,
M D h1 e0 g,107,19,59,0,0,,loc,2,M D h1^3 e0^2
M D1 h1^10,107,20,62,0,0,,M D1 h1^11,,
_M D h1 c0 d0^2,107,21,57,1,-3,,loc,0,M P D h1 d0^2
D^3 h1 e0^2,107,21,57,0,-1,,loc,4,D^2 M P h1^5
_D^2 M h1^5 c0,107,21,57,1,1,,_D^2 M h1^6 c0,,
M c0 e0^2 g,107,21,61,0,3,,M h1 c0 e0^2 g,,
_D c0 e0^2 g^2,107,22,60,1,-2,,_D h1 c0 e0^2 g^2,0,_t h0 e0^5 g
_D^2 M P h1^5,107,22,56,1,0,,_D^2 M P h1^6,,
M d0^2 e0^2,107,22,60,0,2,,loc,,
D^2 c0 e0^3,107,23,59,0,-3,,loc,4,M P D h1^4 c0 e0
_D^3 P h1 c0 e0,107,23,55,1,-1,,loc,0,P^2 D^3 h1 e0
_M h1^2 d0^3 e0,107,23,59,1,1,,loc,0,M P c0 d0^2 e0
D^2 M h1^6 c0,107,23,59,0,3,,D^2 M h1^7 c0,,
_M P c0 d0^2 e0,107,24,58,1,-1,,loc,0,M P^2 d0^2 e0
D^2 d0^3 e0,107,24,58,0,1,,loc,,
_D^2 h1^2 d0^4,107,25,57,1,-3,,loc,0,P D^2 c0 d0^3
M D h1^7 d0 e0,107,25,61,0,-1,,M D h1^8 d0 e0,,
D h1 d0 e0^4,107,25,61,0,1,,loc,,
M P^2 D c0 d0,107,25,57,0,3,,loc,,
_P D^2 c0 d0^3,107,26,56,1,0,,loc,0,P^2 D^2 d0^3
_D h1 c0 d0^4 e0,107,27,59,1,-2,,loc,0,P D h1 d0^4 e0
_P^2 D^3 h1^4 d0,107,27,55,1,0,,loc,,
c0 d0 e0^5,107,27,63,0,2,,loc,,
d0^4 e0^3,107,28,62,0,0,,loc,,
_h1^2 d0^5 e0^2,107,29,61,1,0,,loc,0,c0 d0^7
_c0 d0^7,107,30,60,1,0,,loc,0,P d0^7
P^2 D c0 d0^3 e0,107,31,59,0,0,,loc,,
_t P h0 d0^7,107,32,58,1,0,h,P^3 D h1 d0^3 e0,,
_P^3 D h1^2 d0^4,107,33,57,1,-1,,loc,0,P^4 D c0 d0^3
M P^5 c0 d0,107,33,57,0,1,,loc,,
_P^4 D c0 d0^3,107,34,56,1,-1,,_P^4 D h1 c0 d0^3,0,_t P^4 h0 d0^4 e0
M P^6 d0,107,34,56,0,1,,loc,,
_P^5 D^2 h1^4 d0,107,35,55,1,0,,loc,0,_M P^7 h1^4
P^5 D h1 d0^3,107,37,57,0,0,,loc,,
_P^7 D h1 c0 e0,107,39,55,1,-1,,loc,0,P^8 D h1 e0
P^5 c0 d0^3 e0,107,39,59,0,1,,loc,,
P^6 d0^3 e0,107,40,58,0,0,,loc,,
_P^6 h1^2 d0^4,107,41,57,1,0,,loc,0,P^7 c0 d0^3
_P^7 c0 d0^3,107,42,56,1,0,,loc,0,P^8 d0^3
_P^8 D h1^4 d0,107,43,55,1,0,,loc,,
_P^11 h1^4 d0,107,51,55,1,0,,loc,,
_P^12 h1^2 c0,107,52,54,1,0,,loc,,
_M D1 h1^2 c0,108,14,58,1,0,,_M D1 h1^3 c0,,
"_h1^4 x103,12",108,15,57,1,0,,"_h1^5 x103,12",,
M D1 h1^3 c0,108,16,60,0,0,,M D1 h1^4 c0,,
"h1^5 x103,12",108,17,59,0,-1,,"h1^6 x103,12",,
M D1 P h1^3,108,17,59,0,1,,M D1 P h1^4,,
_M D1 h1^10,108,19,61,1,-1,,_M D1 h1^11,,
M D^2 h1 d0,108,19,57,0,1,,M D^2 h1^2 d0,,
_M c0 e0^2 g,108,20,60,1,0,,loc,0,M d0^2 e0^2
M D1 h1^11,108,21,63,0,-1,,M D1 h1^12,,
M D c0 d0 e0,108,21,59,0,1,,loc,,
_D^2 c0 e0^3,108,22,58,1,-3,,loc,0,D^2 d0^3 e0
_D^2 M h1^6 c0,108,22,58,1,-1,,_D^2 M h1^7 c0,,
M h1 c0 e0^2 g,108,22,62,0,1,,M h1^2 c0 e0^2 g,,
_t M h0 d0^2 e0^2 + D^2 c0 e0^3,108,22,58,1,3,h,M P D h1 d0 e0,,
_D h1 c0 e0^2 g^2,108,23,61,1,-3,,loc,0,D h1 d0 e0^4
_M P D h1^2 d0^2,108,23,57,1,-1,,loc,0,M P^2 D c0 d0
_D^2 M P h1^6,108,23,57,1,1,,_D^2 M P h1^7,,
D^3 c0 d0^2,108,23,57,0,3,,loc,,
e0^4 g^2,108,24,64,0,-2,,h1 e0^4 g^2,,
D^2 M h1^7 c0,108,24,60,0,0,,D^2 M h1^8 c0,,
_t D^2 h0 d0^3 e0,108,24,56,1,2,h,P D^3 h1 d0^2,,
_P^2 D^3 h1^2 e0,108,25,55,1,-1,,loc,0,_P^2 D^3 h1^4 d0
_h1^2 e0^5 g,108,25,63,1,1,,loc,0,c0 d0 e0^5
_c0 d0 e0^5,108,26,62,1,-1,,loc,0,d0^4 e0^3
M D h1^8 d0 e0,108,26,62,0,1,,M D h1^9 d0 e0,,
D c0 d0^3 e0^2,108,27,61,0,-1,,loc,,
M P^3 D h1 d0,108,27,57,0,1,,loc,,
_t h0 d0^4 e0^3,108,28,60,1,0,h,D h1 d0^6,,
_P D h1^2 d0^4 e0,108,29,59,1,-1,,loc,0,P^2 D c0 d0^3 e0
M P^3 c0 d0 e0,108,29,59,0,1,,loc,,
_P^2 D c0 d0^3 e0,108,30,58,1,-1,,_P^2 D h1 c0 d0^3 e0,0,_t P h0 d0^7
M P^4 d0 e0,108,30,58,0,1,,loc,,
_M P^4 h1^2 d0^2,108,31,57,1,-1,,loc,0,M P^5 c0 d0
P^3 D^2 c0 d0^2,108,31,57,0,1,,loc,,
_M P^5 c0 d0,108,32,56,1,-1,,loc,0,M P^6 d0
P^4 D^2 d0^2,108,32,56,0,1,,loc,,
P^3 D h1 d0^3 e0,108,33,59,0,0,,loc,,
_P^4 D h1 c0 d0^3,108,35,57,1,-1,,loc,0,P^5 D h1 d0^3
P^2 c0 d0^6,108,35,61,0,1,,loc,,
P^3 d0^6,108,36,60,0,0,,loc,,
_P^4 h1^2 d0^4 e0,108,37,59,1,0,,loc,0,P^5 c0 d0^3 e0
_P^5 c0 d0^3 e0,108,38,58,1,0,,loc,0,P^6 d0^3 e0
P^6 D c0 d0^2,108,39,57,0,0,,loc,,
_t P^6 h0 d0^3 e0,108,40,56,1,0,h,P^7 D h1 d0^2,,
_P^8 D h1^2 e0,108,41,55,1,0,,loc,0,_P^8 D h1^4 d0
P^9 c0 d0^2,108,47,57,0,0,,loc,,
P^10 d0^2,108,48,56,0,0,,loc,,
_P^11 h1^2 e0,108,49,55,1,0,,loc,0,_P^11 h1^4 d0
"x109,13",109,13,57,0,0,,"h1 x109,13",,
_t M D1 P h2,109,14,56,1,0,h,"x110,15",,
_M D1 h1^3 c0,109,15,59,1,0,,_M D1 h1^4 c0,,
"_h1^5 x103,12",109,16,58,1,0,,"_h1^6 x103,12",,
M D1 h1^4 c0,109,17,61,0,0,,M D1 h1^5 c0,,
"h1^6 x103,12",109,18,60,0,-1,,loc,,
M D1 P h1^4,109,18,60,0,1,,loc,,
_M D h1^2 e0 g,109,19,59,1,-1,,loc,0,M D c0 d0 e0
P D D1 c0 e0,109,19,59,0,1,,loc,,
_M D c0 d0 e0,109,20,58,1,-3,,_M D h1 c0 d0 e0,0,_t M h0 d0^2 e0^2 + D^2 c0 e0^3
_M D1 h1^11,109,20,62,1,-1,,_M D1 h1^12,,
M D^2 h1^2 d0,109,20,58,0,1,,loc,,
P^2 D D1 e0,109,20,58,0,3,,loc,,
_D^3 h1^2 e0^2,109,21,57,1,-1,,loc,0,D^3 c0 d0^2
D^2 M P c0,109,21,57,0,1,,D^2 M P h1 c0,,
_D^3 c0 d0^2,109,22,56,1,-1,,_D^3 h1 c0 d0^2,0,_t D^2 h0 d0^3 e0
M D1 h1^12,109,22,64,0,1,,M D1 h1^13,,
_D^2 M h1^7 c0,109,23,59,1,-2,,_D^2 M h1^8 c0,,
M h1^2 c0 e0^2 g,109,23,63,0,0,,loc,,
M P D h1 d0 e0,109,23,59,0,2,,loc,,
_t h0 e0^4 g^2,109,24,62,1,-1,h,D h1 e0^5,8,M D h1^8 d0 e0
_D^2 M P h1^7,109,24,58,1,1,,_D^2 M P h1^8,,
_D h1^2 d0 e0^4,109,25,61,1,-5,,loc,0,D c0 d0^3 e0^2
_M P^2 D h1 c0 d0,109,25,57,1,-3,,loc,0,M P^3 D h1 d0
h1 e0^4 g^2,109,25,65,0,-1,,h1^2 e0^4 g^2,,
D^2 M h1^8 c0,109,25,61,0,1,,loc,,
P D^3 h1 d0^2,109,25,57,0,3,,loc,,
M c0 d0^4,109,25,61,0,5,,loc,,
_D c0 d0^3 e0^2,109,26,60,1,-1,,_D h1 c0 d0^3 e0^2,0,_t h0 d0^4 e0^3
M P d0^4,109,26,60,0,1,,loc,,
_M P^2 h1^2 d0^2 e0,109,27,59,1,-2,,loc,0,M P^3 c0 d0 e0
P D^2 c0 d0^2 e0,109,27,59,0,0,,loc,,
M D h1^9 d0 e0,109,27,63,0,2,,loc,,
_M P^3 c0 d0 e0,109,28,58,1,-1,,loc,0,M P^4 d0 e0
P^2 D^2 d0^2 e0,109,28,58,0,1,,loc,,
_P^2 D^2 h1^2 d0^3,109,29,57,1,-1,,loc,0,P^3 D^2 c0 d0^2
D h1 d0^6,109,29,61,0,1,,loc,,
_P^3 D^2 c0 d0^2,109,30,56,1,0,,loc,0,P^4 D^2 d0^2
_P^2 D h1 c0 d0^3 e0,109,31,59,1,-1,,loc,0,P^3 D h1 d0^3 e0
c0 d0^6 e0,109,31,63,0,1,,loc,,
P d0^6 e0,109,32,62,0,0,,loc,,
_P h1^2 d0^7,109,33,61,1,0,,loc,0,P^2 c0 d0^6
_P^2 c0 d0^6,109,34,60,1,0,,loc,0,P^3 d0^6
P^4 D c0 d0^2 e0,109,35,59,0,0,,loc,,
_t P^3 h0 d0^6,109,36,58,1,0,h,P^5 D h1 d0^2 e0,,
_P^5 D h1^2 d0^3,109,37,57,1,-1,,loc,0,P^6 D c0 d0^2
M P^7 c0,109,37,57,0,1,,loc,,
_P^6 D c0 d0^2,109,38,56,1,0,,_P^6 D h1 c0 d0^2,0,_t P^6 h0 d0^3 e0
P^7 D h1 d0^2,109,41,57,0,0,,loc,,
P^7 c0 d0^2 e0,109,43,59,0,0,,loc,,
P^8 d0^2 e0,109,44,58,0,0,,loc,,
_P^8 h1^2 d0^3,109,45,57,1,0,,loc,0,P^9 c0 d0^2
_P^9 c0 d0^2,109,46,56,1,0,,loc,0,P^10 d0^2
_P^13 h1^4,109,55,55,1,0,,loc,,
"h1 x109,13",110,14,58,0,0,,loc,,
"x110,15",110,15,57,0,0,,loc,,
M^2 g,110,16,60,0,-1,,loc,3?,M D1 P h1^4
M^2 g again,110,16,60,0,-1,,,7?,"h1^6 x103,12"
_M D1 h1^4 c0,110,16,60,1,1,,loc,,
_M^2 h1^2 e0,110,17,59,1,-2,,loc,0,P D D1 c0 e0
_M D1 P h1^4,110,17,59,1,0,,loc,,
"_h1^6 x103,12",110,17,59,1,2,,loc,,
M D^2 e0,110,18,58,0,-2,,loc,2,M D^2 h1^2 d0
_P D D1 c0 e0,110,18,58,1,0,,loc,0,P^2 D D1 e0
M D1 h1^5 c0,110,18,62,0,2,,loc,,
M c0 e0 g^2,110,21,63,0,-2,,loc,2,M h1^2 c0 e0^2 g
_M D h1 c0 d0 e0,110,21,59,1,0,,loc,0,M P D h1 d0 e0
_M D1 h1^12,110,21,63,1,2,,loc,,
D^2 M P h1 c0,110,22,58,0,-1,,loc,,
M d0 e0^3,110,22,62,0,1,,loc,,
D^2 c0 e0^2 g,110,23,61,0,-4,,loc,8,D^2 M h1^8 c0
_D^3 h1 c0 d0^2,110,23,57,1,-2,,loc,0,P D^3 h1 d0^2
_M h1^2 d0^2 e0^2,110,23,61,1,0,,loc,0,M c0 d0^4
M D1 h1^13,110,23,65,0,2,,loc,,
D^2 M P^2 h1,110,23,57,0,4,,loc,,
_M c0 d0^4,110,24,60,1,-2,,loc,0,M P d0^4
_D^2 M h1^8 c0,110,24,60,1,0,,loc,,
D^2 d0^2 e0^2,110,24,60,0,2,,loc,,
_D^2 h1^2 d0^3 e0,110,25,59,1,-3,,loc,0,P D^2 c0 d0^2 e0
D h1 e0^5,110,25,63,0,-1,,loc,8,M D h1^9 d0 e0
_D^2 M P h1^8,110,25,59,1,1,,loc,,
M P^2 D c0 e0,110,25,59,1,3,,loc,,
_P D^2 c0 d0^2 e0,110,26,58,1,-2,,loc,0,P^2 D^2 d0^2 e0
h1^2 e0^4 g^2,110,26,66,0,0,,loc,,
_t M P h0 d0^4,110,26,58,1,2,,,,
_D h1 c0 d0^3 e0^2,110,27,61,1,-2,,loc,0,D h1 d0^6
P^2 D^3 c0 d0,110,27,57,0,0,,loc,,
c0 e0^6,110,27,65,0,2,,loc,,
d0^3 e0^4,110,28,64,0,0,,loc,,
_h1^2 d0^4 e0^3,110,29,63,1,0,,loc,0,c0 d0^6 e0
_c0 d0^6 e0,110,30,62,1,0,,loc,0,P d0^6 e0
P D c0 d0^5,110,31,61,0,0,,loc,,
_t P h0 d0^6 e0,110,32,60,1,0,,,,
_P^3 D h1^2 d0^3 e0,110,33,59,1,-1,,loc,0,P^4 D c0 d0^2 e0
M P^5 c0 e0,110,33,59,0,1,,loc,,
_P^4 D c0 d0^2 e0,110,34,58,1,-1,,loc,0,_t P^3 h0 d0^6
M P^6 e0,110,34,58,0,1,,loc,,
_M P^6 h1^2 d0,110,35,57,1,0,,loc,0,M P^7 c0
P^5 D h1 d0^2 e0,110,37,59,0,0,,loc,,
_P^6 D h1 c0 d0^2,110,39,57,1,-2,,loc,0,P^7 D h1 d0^2
M P^8 h1,110,39,57,0,0,,loc,,
P^4 c0 d0^5,110,39,61,0,2,,loc,,
P^5 d0^5,110,40,60,0,0,,loc,,
_P^6 h1^2 d0^3 e0,110,41,59,1,0,,loc,0,P^7 c0 d0^2 e0
_P^7 c0 d0^2 e0,110,42,58,1,0,,loc,0,P^8 d0^2 e0
P^8 D c0 d0,110,43,57,0,0,,loc,,
P^11 c0 d0,110,51,57,0,0,,loc,,
P^12 d0,110,52,56,0,0,,loc,,