name,stem,Adams filtration,weight,cell,shift,h0info,h0target,h1info,h1target,h2info,h2target,drinfo,drtarget
1,0,0,0,0,0,,h0,,h1,,h2,,
h0,0,1,0,0,0,,loc,,,,h0 h2,,
h1,1,1,1,0,0,,,,loc,,,,
h2,3,1,2,0,0,,h0 h2,,,,h2^2,,
h0 h2,3,2,2,0,0,,,,,,,,
_h1^4,5,3,3,1,0,,,,loc,,,,
h2^2,6,2,4,0,0,,,,,,h1^2 h3,,
h3,7,1,4,0,0,,h0 h3,,h1 h3,,,,
h0 h3,7,2,4,0,0,,h0^2 h3,,,,,,
h0^2 h3,7,3,4,0,0,,h0^3 h3,,,,,,
h0^3 h3,7,4,4,0,0,,,,,,,,
h1 h3,8,2,5,0,0,,,,h1^2 h3,,,,
c0,8,3,5,0,0,,,,loc,,,,
h1^2 h3,9,3,6,0,0,,,,,,,,
P h1,9,5,5,0,0,,,,loc,,,,
_h1^2 c0,11,4,6,1,0,h,P h2,,loc,,,,
P h2,11,5,6,0,0,,P h0 h2,,,,,,
P h0 h2,11,6,6,0,0,,,,,,,,
_P h1^4,13,7,7,1,0,,,,loc,,,,
h3^2,14,2,8,0,0,,,,,,,,
d0,14,4,8,0,0,,,,h1 d0,,h0 e0,,
h0^3 h4,15,4,8,0,0,,h0^4 h4,,,,,,
h1 d0,15,5,9,0,-1,,,,,,,,
h0^4 h4,15,5,8,0,1,,h0^5 h4,,,,,,
h0^5 h4,15,6,8,0,0,,h0^6 h4,,,,,,
h0^6 h4,15,7,8,0,0,,h0^7 h4,,,,,,
h0^7 h4,15,8,8,0,0,,,,,,,,
h1 h4,16,2,9,0,0,,,,h1^2 h4,,,,
P c0,16,7,9,0,0,,,,loc,,,,
h1^2 h4,17,3,10,0,0,,,,h1^3 h4,,,,
h0 e0,17,5,10,0,0,,,,,,h0 h2 e0,,
P^2 h1,17,9,9,0,0,,,,loc,,,,
h2 h4,18,2,10,0,0,,h0 h2 h4,,,,h2^2 h4,,
h0 h2 h4,18,3,10,0,0,,,,,,,,
h1^3 h4,18,4,11,0,0,,,,,,,,
c1,19,3,11,0,0,,,,,,h2 c1,,
_P h1^2 c0,19,8,10,1,0,h,P^2 h2,,loc,,,,
P^2 h2,19,9,10,0,0,,P^2 h0 h2,,,,,,
P^2 h0 h2,19,10,10,0,0,,,,,,,,
t g,20,4,11,0,0,,,,t h1 g,,,,
h2 e0,20,5,12,0,0,,h0 h2 e0,,,,h0 h2 g,,
h0 h2 e0,20,6,12,0,0,,,,,,,,
h2^2 h4,21,3,12,0,0,,,,,,,,
t h1 g,21,5,12,0,0,,,,,,,,
_P^2 h1^4,21,11,11,1,0,,,,loc,,,,
h2 c1,22,4,13,0,0,,,,,,,,
c0 d0,22,7,13,0,0,,,,h1 c0 d0,,,,
h4 c0,23,4,13,0,0,,,,h1 h4 c0,,,,
h2 g,23,5,14,0,0,,h0 h2 g,,,,h2^2 g,,
h0 h2 g,23,6,14,0,0,,,,,,,,
h1 c0 d0,23,8,14,0,0,,,,,,,,
h0^2 i,23,9,12,0,0,,h0^3 i,,,,,,
h0^3 i,23,10,12,0,0,,h0^4 i,,,,,,
h0^4 i,23,11,12,0,0,,h0^5 i,,,,,,
h0^5 i,23,12,12,0,0,,,,,,,,
h1 h4 c0,24,5,14,0,0,,,,h1^2 h4 c0,,,,
P^2 c0,24,11,13,0,0,,,,loc,,,,
h1^2 h4 c0,25,6,15,0,0,,,,,,,,
P^3 h1,25,13,13,0,0,,,,loc,,,,
_h1^2 h4 c0,26,5,14,1,0,,,,,,,,
h2^2 g,26,6,16,0,0,,,,,,h1^2 h3 g,,
_P^2 h1^2 c0,27,12,14,1,0,h,P^3 h2,,loc,h,P^2 h0 d0,,
P^3 h2,27,13,14,0,0,,P^3 h0 h2,,,,P^2 h0^2 d0,,
P^3 h0 h2,27,14,14,0,0,,,,,,,,
h1 h3 g,28,6,17,0,0,,,,h1^2 h3 g,,,,
h1^2 h3 g,29,7,18,0,0,,,,,,,,
_P^3 h1^4,29,15,15,1,0,,,,loc,,,,
h4^2,30,2,16,0,0,,,,h1 h4^2,,,,
r,30,6,16,0,0,,,,,,h1 q,,
P^2 d0,30,12,16,0,0,,P^2 h0 d0,,,,,,
P^2 h0 d0,30,13,16,0,0,,P^2 h0^2 d0,,,,,,
P^2 h0^2 d0,30,14,16,0,0,,,,,,,,
h1 h4^2,31,3,17,0,0,,,,,,,,
n,31,5,17,0,0,,,,,,h2 n,,
h0^7 h5,31,8,16,0,0,,h0^8 h5,,,,,4,P^2 d0
h0^8 h5,31,9,16,0,0,,h0^9 h5,,,,,4,P^2 h0 d0
h0^9 h5,31,10,16,0,0,,h0^10 h5,,,,,4,P^2 h0^2 d0
h0^10 h5,31,11,16,0,0,,h0^11 h5,,,,,,
h0^11 h5,31,12,16,0,0,,h0^12 h5,,,,,,
h0^12 h5,31,13,16,0,0,,h0^13 h5,,,,,,
h0^13 h5,31,14,16,0,0,,h0^14 h5,,,,,,
h0^14 h5,31,15,16,0,0,,h0^15 h5,,,,,,
h0^15 h5,31,16,16,0,0,,,,,,,,
h1 h5,32,2,17,0,0,,,,h1^2 h5,,,,
d1,32,4,18,0,0,,,,h1 d1,,h2 d1,,
q,32,6,17,0,0,,,,h1 q,,,,
P^3 c0,32,15,17,0,0,,,,loc,,,,
h1^2 h5,33,3,18,0,0,,,,h1^3 h5,,,,
p,33,4,18,0,0,,,,,,,,
h1 d1,33,5,19,0,0,,,,h1^2 d1,,,,
h1 q,33,7,18,0,0,,,,,,,,
P^4 h1,33,17,17,0,0,,,,loc,,,,
h2 h5,34,2,18,0,0,,h0 h2 h5,,,,h2^2 h5,,
h0 h2 h5,34,3,18,0,0,,,,,,,,
h1^3 h5,34,4,19,0,0,,,,h1^4 h5,,,,
h2 n,34,6,19,0,-1,,,,,,,,
h1^2 d1,34,6,20,0,1,,,,,,,,
e0^2,34,8,20,0,0,,,,h1 e0^2,,h0 e0 g,,
_h1^2 d1,35,5,19,1,-2,,,h,T,,,,
h1^4 h5,35,5,20,0,0,,,,h1^5 h5,,,,
h2 d1,35,5,20,0,2,,,,,,h2^2 d1,,
h1 e0^2,35,9,21,0,0,,,,,,,,
_P^3 h1^2 c0,35,16,18,1,0,h,P^4 h2,,loc,,,,
P^4 h2,35,17,18,0,0,,P^4 h0 h2,,,,,,
P^4 h0 h2,35,18,18,0,0,,,,,,,,
_h1^4 h5,36,4,19,1,0,,,,_h1^5 h5,,,,
T,36,6,20,0,-1,,,,,,,,
h1^5 h5,36,6,21,0,1,,,,h1^6 h5,,,,
h2^2 h5,37,3,20,0,0,,,,,,h1^2 h3 h5,,
x,37,5,20,0,-1,,h0 x,,,,,,
_h1^5 h5,37,5,20,1,1,,,,_h1^6 h5,,,,
h0 x,37,6,20,0,0,,h0^2 x,,,,,,
h1^6 h5,37,7,22,0,-1,,,,h1^7 h5,,,,
h0^2 x,37,7,20,0,1,,,,,,,,
h0 e0 g,37,9,22,0,0,,,,,,h0 h2 e0 g,,
_P^4 h1^4,37,19,19,1,0,,,,loc,,,,
h3 h5,38,2,20,0,0,,h0 h3 h5,,h1 h3 h5,,,4,h0 x
h0 h3 h5,38,3,20,0,0,,h0^2 h3 h5,,,,,4,h0^2 x
h0^2 h3 h5,38,4,20,0,0,,h0^3 h3 h5,,,,,,
h0^3 h3 h5,38,5,20,0,0,,,,,,,,
h2^2 d1,38,6,22,0,-1,,,,,,h1^3 e1,,
_h1^6 h5,38,6,21,1,1,,,,_h1^7 h5,,,,
h0 y,38,7,20,0,0,,,,,,,,
h1^7 h5,38,8,23,0,0,,,,,,,,
h1 h3 h5,39,3,21,0,0,,,,h1^2 h3 h5,,,,
h5 c0,39,4,21,0,0,,,,h1 h5 c0,,,,
h1 e1,39,5,22,0,0,,,,h1^2 e1,,,,
_h1^7 h5,39,7,22,1,-1,,,h,t g^2,,,,
c1 g,39,7,23,0,1,,,,,,h2 c1 g,,
u,39,9,21,0,0,,,,,,,,
P^2 h0^2 i,39,17,20,0,0,,P^2 h0^3 i,,,,,,
P^2 h0^3 i,39,18,20,0,0,,P^2 h0^4 i,,,,,,
P^2 h0^4 i,39,19,20,0,0,,P^2 h0^5 i,,,,,,
P^2 h0^5 i,39,20,20,0,0,,,,,,,,
h1^2 h3 h5,40,4,22,0,-1,,,,,,,,
f1,40,4,22,0,1,,,,h1 f1,,,,
h1 h5 c0,40,5,22,0,0,,,,h1^2 h5 c0,,,,
h1^2 e1,40,6,23,0,-1,,,,h1^3 e1,,,,
P h1 h5,40,6,21,0,1,,,,P h1^2 h5,,,,
t g^2,40,8,23,0,0,,,,t h1 g^2,,,,
h2 e0 g,40,9,24,0,0,,h0 h2 e0 g,,,,h0 h2 g^2,,
h0 h2 e0 g,40,10,24,0,0,,,,,,,,
P^4 c0,40,19,21,0,0,,,,loc,,,,
h0 c2,41,4,22,0,0,,,,,,,,
h1 f1,41,5,23,0,0,,,,,,,,
h1^2 h5 c0,41,6,23,0,0,,,,h1^3 h5 c0,,,,
h1^3 e1,41,7,24,0,-1,,,,,,,,
P h1^2 h5,41,7,22,0,1,,,,P h1^3 h5,,,,
t h1 g^2,41,9,24,0,-1,,,,,,,,
_t h0 h2 e0 g,41,9,22,1,1,,,,,h,d0 r,,
P^5 h1,41,21,21,0,0,,,,loc,,,,
_h1^2 h5 c0,42,5,22,1,0,h,P h2 h5,,_h1^3 h5 c0,h,h0 h5 d0,,
_h1^3 e1,42,6,23,1,-1,,,,,,,,
P h2 h5,42,6,22,0,1,,P h0 h2 h5,,,,h0^2 h5 d0,,
h1^3 h5 c0,42,7,24,0,-1,,,,h1^4 h5 c0,,,,
P h0 h2 h5,42,7,22,0,1,,,,,,,,
h2 c1 g,42,8,25,0,-1,,,,,,,,
P h1^3 h5,42,8,23,0,1,,,,,,,,
c0 e0^2,42,11,25,0,0,,,,h1 c0 e0^2,,,,
_h1^3 h5 c0,43,6,23,1,0,,,,_h1^4 h5 c0,,,,
_t h2 c1 g,43,7,23,1,0,,,,,,,,
h1^4 h5 c0,43,8,25,0,0,,,,h1^5 h5 c0,,,,
h2 g^2,43,9,26,0,0,,h0 h2 g^2,,,,h2^2 g^2,,
h0 h2 g^2,43,10,26,0,0,,,,,,,,
h1 c0 e0^2,43,12,26,0,0,,,,,,,,
_P^4 h1^2 c0,43,20,22,1,0,h,P^5 h2,,loc,,,,
P^5 h2,43,21,22,0,0,,P^5 h0 h2,,,,,,
P^5 h0 h2,43,22,22,0,0,,,,,,,,
g2,44,4,24,0,0,,h0 g2,,h1 g2,,h2 g2,,
h0 g2,44,5,24,0,0,,h0^2 g2,,,,,,
h0^2 g2,44,6,24,0,0,,,,,,,,
_h1^4 h5 c0,44,7,24,1,0,,,,_h1^5 h5 c0,,,,
_t^2 h2 g^2,44,8,23,1,0,,,h,t w,,,,
_t h0 h2 g^2,44,9,24,1,-1,h,d0 r,,,h,e0 r,,
h1^5 h5 c0,44,9,26,0,1,,,,h1^6 h5 c0,,,,
d0 r,44,10,24,0,0,,,,,,,,
h3^2 h5,45,3,24,0,0,,h0 h3^2 h5,,,,,,
h0 h3^2 h5,45,4,24,0,0,,,,,,,,
h5 d0,45,5,24,0,-1,,h0 h5 d0,,h1 h5 d0,,h0 h5 e0,,
h1 g2,45,5,25,0,1,,,,h1^2 g2,,,,
h0 h5 d0,45,6,24,0,0,,h0^2 h5 d0,,,,,,
h0^2 h5 d0,45,7,24,0,0,,,,,,,,
_h1^5 h5 c0,45,8,25,1,0,,,,_h1^6 h5 c0,,,,
t w,45,9,24,0,0,,,,,,,,
h1^6 h5 c0,45,10,27,0,0,,,,,,,,
_P^5 h1^4,45,23,23,1,0,,,,loc,,,,
h1 h5 d0,46,6,25,0,-1,,,,,,,,
h1^2 g2,46,6,26,0,1,,,,,,,,
B1,46,7,25,0,0,,,,h1 B1,,,,
_h1^6 h5 c0,46,9,26,1,0,,,,,,,,
h2^2 g^2,46,10,28,0,0,,,,,,h1^2 h3 g^2,,
u',46,11,25,0,0,,,,h1 u',,,,
h2 g2,47,5,26,0,0,,,,,,,,
h1 B1,47,8,26,0,-1,,,,,,,,
P h5 c0,47,8,25,0,1,,,,P h1 h5 c0,,,,
_t h2^2 g^2,47,9,26,1,0,h,e0 r,,,h,g r,,
e0 r,47,10,26,0,0,,,,,,,,
h1 u',47,12,26,0,0,,,,,,,,
h0^7 Q',47,20,24,0,0,,h0^8 Q',,,,,,
h0^8 Q',47,21,24,0,0,,h0^9 Q',,,,,,
h0^9 Q',47,22,24,0,0,,h0^10 Q',,,,,,
h0^10 Q',47,23,24,0,0,,h0^11 Q',,,,,,
h0^11 Q',47,24,24,0,0,,,,,,,,
h0 h5 e0,48,6,26,0,0,,,,,,,,
B2,48,7,26,0,0,,h0 B2,,,,h2 B2,,
h0 B2,48,8,26,0,0,,,,,,,,
P h1 h5 c0,48,9,26,0,0,,,,P h1^2 h5 c0,,,,
h1 h3 g^2,48,10,29,0,0,,,,h1^2 h3 g^2,,,,
P^5 c0,48,23,25,0,0,,,,loc,,,,
P h1^2 h5 c0,49,10,27,0,0,,,,,,,,
h1^2 h3 g^2,49,11,30,0,0,,,,,,,,
P^6 h1,49,25,25,0,0,,,,loc,,,,
h5 c1,50,4,27,0,0,,,,,,h2 h5 c1,,
C,50,6,27,0,0,,,,,,,4,P h1^2 h5 c0
_P h1^2 h5 c0,50,9,26,1,0,,,,,,,,
g r,50,10,28,0,0,,,,,,h1^2 G3,,
h3 g2,51,5,28,0,0,,h0 h3 g2,,h1 h3 g2,,,,
h0 h3 g2,51,6,28,0,0,,,,,,,,
h2 B2,51,8,28,0,0,,,,,,,,
g n,51,9,29,0,0,,,,,,h2 g n,,
_P^5 h1^2 c0,51,24,26,1,0,h,P^6 h2,,loc,,,,
P^6 h2,51,25,26,0,0,,P^6 h0 h2,,,,,,
P^6 h0 h2,51,26,26,0,0,,,,,,,,
h1 h3 g2,52,6,29,0,0,,,,,,,,
d1 g,52,8,30,0,0,,,,h1 d1 g,,h2 d1 g,,
h1 G3,52,10,29,0,0,,,,h1^2 G3,,,,
h2 h5 c1,53,5,29,0,0,,,,,,,,
i1,53,7,30,0,0,,,,h1 i1,,,,
B8,53,9,29,0,-1,,,,,,,,
h1 d1 g,53,9,31,0,1,,,,h1^2 d1 g,,,,
h1^2 G3,53,11,30,0,0,,,,,,,,
_P^6 h1^4,53,27,27,1,0,,,,loc,,,,
_h1 d1 g,54,8,30,1,-1,,,,_h1^2 d1 g,,,,
h1 i1,54,8,31,0,1,,,,h1^2 i1,,,,
h0 h5 i,54,9,28,0,0,,,,,,,,
h2 g n,54,10,31,0,-1,,,,,,,,
h1^2 d1 g,54,10,32,0,1,,,,,,,,
h1^6 h5 e0,54,11,32,0,0,,,,h1^7 h5 e0,,,,
B6,55,7,30,0,0,,,,,,,,
_h1^2 d1 g,55,9,31,1,-2,,,h,g T,,,,
h2 d1 g,55,9,32,0,0,,,,,,h2^2 d1 g,,
h1^2 i1,55,9,32,0,2,,,,h1^3 i1,,,,
h1^7 h5 e0,55,12,33,0,0,,,,,,,,
P^4 h0^2 i,55,25,28,0,0,,P^4 h0^3 i,,,,,,
P^4 h0^3 i,55,26,28,0,0,,P^4 h0^4 i,,,,,,
P^4 h0^4 i,55,27,28,0,0,,P^4 h0^5 i,,,,,,
P^4 h0^5 i,55,28,28,0,0,,,,,,,,
_h1^2 i1,56,8,31,1,-1,,,,_h1^3 i1,,,,
_t h2 d1 g,56,8,30,1,1,,,h,D11,,,,
g T,56,10,32,0,-2,,,,,,,,
h1^3 i1,56,10,33,0,0,,,,h1^4 i1,,,,
Q1,56,10,29,0,2,,,,h1 Q1,,,,
P^6 c0,56,27,29,0,0,,,,loc,,,,
Q2,57,7,30,0,0,,,,h1 Q2,,,,
_h1^3 i1,57,9,32,1,-1,,,,_h1^4 i1,,,,
D11,57,9,31,0,1,,,,h1 D11,,,,
h1^4 i1,57,11,34,0,-1,,,,h1^5 i1,,,,
h1 Q1,57,11,30,0,1,,,,,,,,
h2 e0^2 g,57,13,34,0,0,,,,,,h0^2 g^3,,
P^7 h1,57,29,29,0,0,,,,loc,,,,
h3^2 g2,58,6,32,0,0,,,,,,,,
h0 D2,58,7,30,0,0,,,,,,,,
h1 Q2,58,8,31,0,0,,,,h1^2 Q2,,,,
_h1^4 i1,58,10,33,1,-2,,,,_h1^5 i1,,,,
h2^2 d1 g,58,10,34,0,0,,,,,,h1^3 e1 g,,
h1 D11,58,10,32,0,2,,,,,,,,
P h1^2 h5 e0,58,11,32,0,0,,,,P h1^3 h5 e0,,,,
h1^5 i1,58,12,35,0,0,,,,,,,,
_h3^2 g2,59,5,31,1,0,,,,,h,h5 n,,
j1,59,7,33,0,0,,,,h1 j1,,,,
h1^2 D4,59,8,33,0,0,,,,h1^3 D4,,,,
h1 e1 g,59,9,34,0,-2,,,,h1^2 e1 g,,,,
_h1 D11,59,9,31,1,0,,,,_t^2 c1 g^2,,,,
h1^2 Q2,59,9,32,0,2,,,,h1^3 Q2,,,,
B21,59,10,32,0,0,,,,,,h0 B22,,
_h1^5 i1,59,11,34,1,-1,,,h,t g^3,,,,
c1 g^2,59,11,35,0,1,,,,,,h2 c1 g^2,,
P h1^3 h5 e0,59,12,33,0,0,,,,,,,,
_P^6 h1^2 c0,59,28,30,1,0,h,P^7 h2,,loc,h,P^6 h0 d0,,
P^7 h2,59,29,30,0,0,,P^7 h0 h2,,,,P^6 h0^2 d0,,
P^7 h0 h2,59,30,30,0,0,,,,,,,,
_j1,60,6,32,1,0,,,,_h1 j1,h,C',4,B21
h1 j1,60,8,34,0,-2,,,,h1^2 j1,,,,
_h1 e1 g,60,8,33,1,0,,,,_h1^2 e1 g,,,,
_h1^2 Q2,60,8,31,1,2,,,,_h1^3 Q2,,,,
h1^3 D4,60,9,34,0,0,,,,h1^4 D4,,,,
h1^2 e1 g,60,10,35,0,-2,,,,h1^3 e1 g,,,,
_t^2 c1 g^2,60,10,32,1,0,,,,,,,,
h1^3 Q2,60,10,33,0,2,,,,h1^4 Q2,,,,
t g^3,60,12,35,0,0,,,,t h1 g^3,,,,
h0 g^3,60,13,36,0,0,,h0^2 g^3,,,,h0 h2 g^3,,
h0^2 g^3,60,14,36,0,0,,,,,,h1^7 h5 c0 e0,,
A',61,6,32,0,0,,,,,,h2 A',,
_h1 j1,61,7,33,1,0,,,,_h1^2 j1,,,,
h1^2 j1,61,9,35,0,-2,,,,,,,,
_h1^2 e1 g,61,9,34,1,0,,,,_h1^3 e1 g,,,,
_h1^3 Q2,61,9,32,1,2,,,,_h1^4 Q2,,,,
h1^4 D4,61,10,35,0,0,,,,h1^5 D4,,,,
h1^3 e1 g,61,11,36,0,-1,,,,,,,,
h1^4 Q2,61,11,34,0,1,,,,h1^5 Q2,,,,
t h1 g^3,61,13,36,0,-1,,,,h1^6 h5 c0 e0,,,,
_t h0^2 g^3,61,13,34,1,1,,,,,h,k m,,
_P^7 h1^4,61,31,31,1,0,,,,loc,,,,
h5^2,62,2,32,0,0,,,,h1 h5^2,,h2 h5^2,,
h5 n,62,6,33,0,0,,,,,,,,
_h1^2 j1,62,8,34,1,-1,,,,,,,,
E1,62,8,33,0,1,,,,h1 E1,,,,
_h1^4 D4,62,9,34,1,0,,,,_h1^5 D4,,,,
R,62,10,32,0,-2,,,,,,,,
_h1^3 e1 g,62,10,35,1,0,,,,,,,,
_h1^4 Q2,62,10,33,1,2,,,,_h1^5 Q2,,,,
h1^5 D4,62,11,36,0,-2,,,,h1^6 D4,,,,
h0 B22,62,11,34,0,0,,,,,,h0 h2 B22,,
_t h1^2 B21,62,11,32,1,2,,,,_t h1^3 B21,h,P h5 j,,
h2 c1 g^2,62,12,37,0,-1,,,,,,,,
h1^5 Q2,62,12,35,0,1,,,,,,,,
h1^6 h5 c0 e0,62,14,37,0,0,,,,h1^7 h5 c0 e0,,,,
_t P^2 h0 d0^2 e0,62,20,32,1,0,,_t P^2 h0^2 d0^2 e0,,,,,,
_t P^2 h0^2 d0^2 e0,62,21,32,1,0,h,P^2 i^2,,,,,,
P^2 i^2,62,22,32,0,0,,P^2 h0 i^2,,,,,,
P^2 h0 i^2,62,23,32,0,0,,P^2 h0^2 i^2,,,,,,
P^2 h0^2 i^2,62,24,32,0,0,,P^2 h0^3 i^2,,,,,,
P^2 h0^3 i^2,62,25,32,0,0,,P^2 h0^4 i^2,,,,,,
P^2 h0^4 i^2,62,26,32,0,0,,,,,,,,
P^6 d0,62,28,32,0,0,,P^6 h0 d0,,,,,,
P^6 h0 d0,62,29,32,0,0,,P^6 h0^2 d0,,,,,,
P^6 h0^2 d0,62,30,32,0,0,,,,,,,,
h1 h5^2,63,3,33,0,0,,,,h1^2 h5^2,,,,
C',63,7,34,0,-1,,,,,,h2 C',4,h0 B22
_h1 B7,63,7,33,1,1,,,h,h3 Q2,,,,
_h1^2 B3,63,8,33,1,0,,,,_h1^3 B3,,,,
h1 E1,63,9,34,0,0,,,,h1^2 E1,,,,
_h1^5 D4,63,10,35,1,0,,,,_h1^6 D4,,,,
_h1^5 Q2,63,11,34,1,-1,,,,_t^2 h2 g^3,,,,
_t h2 c1 g^2,63,11,35,1,1,,,,,,,,
h1^6 D4,63,12,37,0,-1,,,,h1^7 D4,,,,
_t h1^3 B21,63,12,33,1,1,,,,,,,,
h2 g^3,63,13,38,0,0,,h0 h2 g^3,,,,h2^2 g^3,,
h0 h2 g^3,63,14,38,0,0,,h1^7 h5 c0 e0,,,,,,
h1^7 h5 c0 e0,63,15,38,0,0,,,,,,,,
h0^15 h6,63,16,32,0,0,,h0^16 h6,,,,,4,_t P^2 h0 d0^2 e0
h0^16 h6,63,17,32,0,0,,h0^17 h6,,,,,4,_t P^2 h0^2 d0^2 e0
h0^17 h6,63,18,32,0,0,,h0^18 h6,,,,,4,P^2 i^2
h0^18 h6,63,19,32,0,0,,h0^19 h6,,,,,4,P^2 h0 i^2
h0^19 h6,63,20,32,0,0,,h0^20 h6,,,,,4,P^2 h0^2 i^2
h0^20 h6,63,21,32,0,0,,h0^21 h6,,,,,4,P^2 h0^3 i^2
h0^21 h6,63,22,32,0,0,,h0^22 h6,,,,,4,P^2 h0^4 i^2
h0^22 h6,63,23,32,0,0,,h0^23 h6,,,,,,
h0^23 h6,63,24,32,0,0,,h0^24 h6,,,,,,
h0^24 h6,63,25,32,0,0,,h0^25 h6,,,,,,
h0^25 h6,63,26,32,0,0,,h0^26 h6,,,,,,
h0^26 h6,63,27,32,0,0,,h0^27 h6,,,,,,
h0^27 h6,63,28,32,0,0,,h0^28 h6,,,,,,
h0^28 h6,63,29,32,0,0,,h0^29 h6,,,,,,
h0^29 h6,63,30,32,0,0,,h0^30 h6,,,,,,
h0^30 h6,63,31,32,0,0,,h0^31 h6,,,,,,
h0^31 h6,63,32,32,0,0,,,,,,,,
h1 h6,64,2,33,0,0,,,,h1^2 h6,,,,
h1^2 h5^2,64,4,34,0,0,,,,h1^3 h5^2,,,,
h2 D3,64,5,34,0,0,,,,,,h0 n1,,
h2 A',64,7,34,0,0,,,,,,t h1 G0,,
h3 Q2,64,8,34,0,-1,,,,h1 h3 Q2,,,,
d1^2,64,8,36,0,1,,,,h1 d1^2,,h1^2 k1,,
_h1^3 B3,64,9,34,1,0,,,h,P D4,,,,
h1^2 E1,64,10,35,0,-1,,,,,,,,
q1,64,10,33,0,1,,,,h1 q1,,,,
_h1^6 D4,64,11,36,1,0,,,,_h1^7 D4,,,,
_t^2 h2 g^3,64,12,35,1,0,,,h,t g w,,,,
h1^7 D4,64,13,38,0,-1,,,,h1^8 D4,,,,
_t h0 h2 g^3,64,13,36,1,1,h,k m,,,h,l m,,
k m,64,14,36,0,0,,,,,,h1^6 X1,,
P^7 c0,64,31,33,0,0,,,,loc,,,,
h2 h5^2,65,3,34,0,-1,,,,,,,,
h1^2 h6,65,3,34,0,1,,,,h1^3 h6,,,,
h1^3 h5^2,65,5,35,0,0,,,,,,,,
h2 H1,65,6,35,0,0,,,,,,h2^2 H1,,
k1,65,7,36,0,0,,,,h1 k1,,,,
h0 h3 D2,65,8,34,0,0,,,,,,,,
h1 h3 Q2,65,9,35,0,-2,,,,,,,,
h1 d1^2,65,9,37,0,0,,,,h1^2 d1^2,,,,
h1^2 X2,65,9,36,0,2,,,,h1^3 X2,,,,
P D4,65,10,35,0,0,,,,P h1 D4,,,,
h1 q1,65,11,34,0,-1,,,,h1^2 q1,,,,
h2 B22,65,11,36,0,1,,h0 h2 B22,,,,h0 h2 B23,,
h0 h2 B22,65,12,36,0,-2,,,,,,,,
P h5 j,65,12,34,0,0,,,,,,h0^5 G21,,
_h1^7 D4,65,12,37,1,2,,,,_h1^8 D4,,,,
t g w,65,13,36,0,0,,,,h1^5 X1,,,,
h1^8 D4,65,14,39,0,0,,,,,,,,
P^8 h1,65,33,33,0,0,,,,loc,,,,
h0 h2 h6,66,3,34,0,0,,,,,,,,
h1^3 h6,66,4,35,0,0,,,,h1^4 h6,,,,
D1 h3^2,66,6,36,0,0,,,,h1 . D1 h3^2,,,,
h1 k1,66,8,37,0,-2,,,,h1^2 k1,,,,
h2 C',66,8,36,0,0,,,,,,h0 h2 G0,4,h0 h2 B22
_h1 d1^2,66,8,36,1,2,,,,_h1^2 d1^2,,,,
_P D4,66,9,34,1,0,h,D2',,_P h1 D4,h,P(A+A'),,
h1^2 d1^2,66,10,38,0,-3,,,,,,,,
h1^3 X2,66,10,37,0,-1,,,,h1^4 X2,,,,
t B5,66,10,35,0,1,,,,,,,,
D2',66,10,34,0,3,,h0 D2',,,,P h0 (A+A'),,
P h1 D4,66,11,36,0,-1,,,,P h1^2 D4,,,,
h0 D2',66,11,34,0,1,,,,,,,,
h1^2 q1,66,12,35,0,0,,,,,,,,
_h1^8 D4,66,13,38,1,0,,,,,,,,
h2^2 g^3,66,14,40,0,-1,,,,,,h1^2 h3 g^3,,
h1^5 X1,66,14,37,0,1,,,,h1^6 X1,,,,
h1^4 h6,67,5,36,0,-1,,,,h1^5 h6,,,,
t Q3,67,5,35,0,1,,,,t h1 Q3,,,,
h0 n1,67,6,36,0,-1,,,,,,,,
h0 Q3,67,6,36,0,1,,,,,,h0 h2 Q3,,
_h1 k1,67,7,36,1,-1,,,,_h1^2 k1,,,,
h1 . D1 h3^2,67,7,37,0,1,,,,h1^2 . D1 h3^2,,,,
t h1 G0,67,8,36,0,0,,,,,,,,
h1^2 k1,67,9,38,0,-1,,,,,,,,
_h1^2 d1^2,67,9,37,1,1,,,,,,,,
_P h1 D4,67,10,35,1,0,,,,_P h1^2 D4,,,,
h1^4 X2,67,11,38,0,-1,,,,,,,,
C11,67,11,35,0,1,,,,,,,,
P h1^2 D4,67,12,37,0,0,,,,P h1^3 D4,,,,
_t h2^2 g^3,67,13,38,1,0,h,l m,,,h,m^2,,
l m,67,14,38,0,0,,h1^6 X1,,,,,,
h1^6 X1,67,15,38,0,0,,,,,,,,
_P^7 h1^2 c0,67,32,34,1,0,h,P^8 h2,,loc,,,,
P^8 h2,67,33,34,0,0,,P^8 h0 h2,,,,,,
P^8 h0 h2,67,34,34,0,0,,,,,,,,
_h1^4 h6,68,4,35,1,0,,,,_h1^5 h6,,,,
h0 d2,68,5,36,0,0,,,,,,,,
h1^5 h6,68,6,37,0,-1,,,,h1^6 h6,,,,
t h1 Q3,68,6,36,0,1,,,,,,,,
h2^2 H1,68,7,37,0,-1,,,,,,h1^2 h3 H1,,
h3(A+A'),68,7,36,0,1,,,,,,,,
_h1^2 k1,68,8,37,1,-1,,,h,h0 h2 G0,,,,
h1^2 . D1 h3^2,68,8,38,0,1,,,,h1^3 . D1 h3^2,,,,
h2 B23,68,11,38,0,-1,,h0 h2 B23,,,,M h2^2 g,,
_P h1^2 D4,68,11,36,1,1,,,,_P h1^3 D4,,,,
h0 h2 B23,68,12,38,0,-2,,,,,,,,
h0^4 G21,68,12,36,0,0,,h0^5 G21,,,,,,
_t B8 d0,68,12,35,1,2,,,h,t W1,,,,
P h1^3 D4,68,13,38,0,-1,,,,P h1^4 D4,,,,
h0^5 G21,68,13,36,0,1,,,,,,,,
h1 h3 g^3,68,14,41,0,0,,,,h1^2 h3 g^3,,,,
h2^2 h6,69,3,36,0,0,,,,,,h1^2 h3 h6,,
p',69,4,36,0,0,,,,h1 p',,,,
_h1^5 h6,69,5,36,1,0,,,,_h1^6 h6,,,,
_h1^2 . D1 h3^2,69,7,37,1,-1,,,,_h1^3 . D1 h3^2,,,,
h1^6 h6,69,7,38,0,1,,,,h1^7 h6,,,,
h0 h2 G0,69,9,38,0,-3,,,,,,,,
h1^3 . D1 h3^2,69,9,39,0,-1,,,,h1^4 . D1 h3^2,,,,
_h1 X3,69,9,36,1,1,h,P(A+A'),,_h1^2 X3,h,d0 D2,,
h1 G21,69,9,37,0,3,,,,h1^2 G21 + t h2 C'',,,,
P(A+A'),69,10,36,0,0,,P h0 (A+A'),,,,h0 d0 D2,,
P h0 (A+A'),69,11,36,0,0,,,,,,,,
_P h1^3 D4,69,12,37,1,0,,,,_P h1^4 D4,,,,
t W1,69,13,36,0,0,,,,t h1 W1,,,,
P h1^4 D4,69,14,39,0,0,,,,,,,,
h1^2 h3 g^3,69,15,42,0,0,,,,,,,,
_P^8 h1^4,69,35,35,1,0,,,,loc,,,,
h0^2 h3 h6,70,4,36,0,0,,h0^3 h3 h6,,,,,,
h1 p',70,5,37,0,-1,,,,h1^2 p',,,,
h0^3 h3 h6,70,5,36,0,1,,,,,,,,
_h1^6 h6,70,6,37,1,-1,,,,_h1^7 h6,,,,
h2 Q3,70,6,38,0,1,,h0 h2 Q3,,,,h2^2 Q3,,
h0 h2 Q3,70,7,38,0,0,,,,,,,,
_h1 h3 B7,70,8,37,1,-3,,,,,,,,
_h1^3 . D1 h3^2,70,8,38,1,-1,,,,_h1^4 . D1 h3^2,,,,
h1^7 h6,70,8,39,0,1,,,,h1^8 h6,,,,
d1 e1,70,8,39,0,3,,,,h1 d1 e1,,h1^2 l1,,
h1^4 . D1 h3^2,70,10,40,0,-3,,,,h1^5 . D1 h3^2,,,,
_h1^2 X3,70,10,37,1,-1,,,h,d0 Q2,,,,
h1^2 G21 + t h2 C'',70,10,38,0,1,,,,,,,,
h2 C'',70,10,39,0,3,,,,,,h2^2 C'',4,P h1^4 D4
_P h1^4 D4,70,13,38,1,0,,,,,,,,
m^2,70,14,40,0,-1,,,,,,D h1^2 h3 g^2,,
t h1 W1,70,14,37,0,1,,,,D^2 h0^2 h2 g,,,,
h1 h3 h6,71,3,37,0,0,,,,h1^2 h3 h6,,,,
h6 c0,71,4,37,0,0,,,,h1 h6 c0,,,,
"x71,6",71,6,38,0,-1,,,,"h1 x71,6",,,4,h1^2 G21 + t h2 C''
h1^2 p',71,6,38,0,1,,,,h1^3 p',,,,
l1,71,7,39,0,-2,,,,h1 l1,,,,
_h0^2 h2 Q3,71,7,37,1,0,,,h,h4 Q2,,,,
_h1^7 h6,71,7,38,1,2,,,,_h1^8 h6,,,,
h1^2 h3 H1,71,8,39,0,0,,,,,,,,
_h1^4 . D1 h3^2,71,9,39,1,-2,,,,_h1^5 . D1 h3^2,,,,
h1^8 h6,71,9,40,0,0,,,,h1^9 h6,,,,
h1 d1 e1,71,9,40,0,2,,,,h1^2 d1 e1,,,,
h1^5 . D1 h3^2,71,11,41,0,-1,,,,,,,,
d0 Q2,71,11,38,0,1,,,,,,,,
D^2 h4 c0,71,12,37,0,-1,,,,D^2 h1 h4 c0,,,,
M h2^2 g,71,12,40,0,1,,,,,,h1^5 D3',,
D^2 h2 g,71,13,38,0,-1,,D^2 h0 h2 g,,,,D^2 h2^2 g,,
g^2 n,71,13,41,0,1,,,,,,h2 g^2 n,,
D^2 h0 h2 g,71,14,38,0,0,,D^2 h0^2 h2 g,,,,,,
D^2 h0^2 h2 g,71,15,38,0,0,,,,,,,,
P^6 h0^2 i,71,33,36,0,0,,P^6 h0^3 i,,,,,,
P^6 h0^3 i,71,34,36,0,0,,P^6 h0^4 i,,,,,,
P^6 h0^4 i,71,35,36,0,0,,P^6 h0^5 i,,,,,,
P^6 h0^5 i,71,36,36,0,0,,,,,,,,
h1^2 h3 h6,72,4,38,0,0,,,,,,,,
h1 h6 c0,72,5,38,0,0,,,,h1^2 h6 c0,,,,
P h1 h6,72,6,37,0,0,,,,P h1^2 h6,,,,
"h1 x71,6",72,7,39,0,-1,,,,"h1^2 x71,6",,,,
h1^3 p',72,7,39,0,1,,,,,,,,
h1 l1,72,8,40,0,-3,,,,h1^2 l1,,,,
h4 Q2,72,8,38,0,-1,,,,h1 h4 Q2,,,,
_h1^8 h6,72,8,39,1,1,,,,_h1^9 h6,,,,
_h1 d1 e1,72,8,39,1,3,,,,_h1^2 d1 e1,,,,
h2^2 G0,72,9,40,0,0,,,,,,"h1^4 x71,6",,
d0 D2,72,10,38,0,-3,,h0 d0 D2,,,,D h0^2 h3 g2,,
_h1^5 . D1 h3^2,72,10,40,1,-1,,,h,h2^2 C'',,,,
h1^9 h6,72,10,41,0,1,,,,h1^10 h6,,,,
h1^2 d1 e1,72,10,41,0,3,,,,,,,,
h0 d0 D2,72,11,38,0,0,,,,,,,,
d1 g^2,72,12,42,0,0,,,,h1 d1 g^2,,h2 d1 g^2,,
D^2 h1 h4 c0,72,13,38,0,0,,,,D^2 h1^2 h4 c0,,,,
D h1 h3 g^2,72,14,41,0,0,,,,D h1^2 h3 g^2,,,,
P^8 c0,72,35,37,0,0,,,,loc,,,,
h1^2 h6 c0,73,6,39,0,-2,,,,h1^3 h6 c0,,,,
"_h1 x71,6",73,6,38,1,0,h,h4 D2,,"_h1^2 x71,6",h,"h0 x76,6",,
_h1^3 p',73,6,38,1,2,,,,_h0 h2^2 Q3,,,,
h2^2 Q3,73,7,40,0,-3,,,,,,,,
P h1^2 h6,73,7,38,0,-1,,,,P h1^3 h6,,,,
_h1 l1,73,7,39,1,1,,,,_h1^2 l1,,,,
h4 D2,73,7,38,0,3,,,,,,"h0^2 x76,6",,
"h1^2 x71,6",73,8,40,0,0,,,,"h1^3 x71,6",,,,
h1^2 l1,73,9,41,0,-3,,,,,,,,
h1 h4 Q2,73,9,39,0,-1,,,,h1^2 h4 Q2,,,,
_h1^9 h6,73,9,40,1,1,,,,_h1^10 h6,,,,
_h1^2 d1 e1,73,9,40,1,3,,,h,h3 C'',,,,
h2^2 C'',73,11,41,0,-1,,,,,,,,
h1^10 h6,73,11,42,0,1,,,,h1^11 h6,,,,
h1^4 D3',73,12,41,0,0,,,,h1^5 D3',,,,
h1 d1 g^2,73,13,43,0,0,,,,h1^2 d1 g^2,,,,
D^2 h1^2 h4 c0,73,14,39,0,0,,,,,,,,
D h1^2 h3 g^2,73,15,42,0,0,,,,,,,,
P^9 h1,73,37,37,0,0,,,,loc,,,,
P h2 h6,74,6,38,0,0,,P h0 h2 h6,,,,,,
h1^3 h6 c0,74,7,40,0,-3,,,,h1^4 h6 c0,,,,
"_h1^2 x71,6",74,7,39,1,-1,,,,"_h1^3 x71,6",,,,
_h0 h2^2 Q3,74,7,39,1,1,,,,,,,,
P h0 h2 h6,74,7,38,0,3,,,,,,,,
"x74,8",74,8,40,0,-2,,"h0 x74,8",,,,,,
P h1^3 h6,74,8,39,0,0,,,,P h1^4 h6,,,,
_h1^2 l1,74,8,40,1,2,,,,,,,,
"h1^3 x71,6",74,9,41,0,-1,,,,"h1^4 x71,6",,,,
"h0 x74,8",74,9,40,0,1,,,,,,,,
h1^2 h4 Q2,74,10,40,0,-3,,,,,,,,
_h1^10 h6,74,10,41,1,-1,,,,_h1^11 h6,,,,
h3 C'',74,10,41,0,1,,,,,,,,
_t h2^2 C'',74,10,39,1,3,,,,,h,t g Q2,4,D^2 h1^2 h4 c0
h1^11 h6,74,12,43,0,-1,,,,h1^12 h6,,,,
_h1 d1 g^2,74,12,42,1,1,h,h1^5 D3',,_h1^2 d1 g^2,h,h1^2 g B6,,
h1^5 D3',74,13,42,0,-1,,,,,,,,
_D^2 h1^2 h4 c0,74,13,38,1,1,,,,,,,,
D^2 h2^2 g,74,14,40,0,-2,,,,,,D^2 h1^2 h3 g,,
h2 g^2 n,74,14,43,0,0,,,,,,,,
h1^2 d1 g^2,74,14,44,0,2,,,,,,,,
e0^2 g^2,74,16,44,0,0,,,,h1 e0^2 g^2,,h0 e0 g^3,,
h3 d2,75,5,40,0,0,,h0 h3 d2,,,,,4,"h0 x74,8"
h0 h3 d2,75,6,40,0,-1,,,,,,,,
_h1^3 h6 c0,75,6,39,1,1,,,,_h1^4 h6 c0,,,,
h1^4 h6 c0,75,8,41,0,-1,,,,h1^5 h6 c0,,,,
"_h1^3 x71,6",75,8,40,1,1,,,,"_h1^4 x71,6",,,,
_h1^2 h4 Q2,75,9,39,1,-2,,,,_t g B6,,,,
P h1^4 h6,75,9,40,0,0,,,,P h1^5 h6,,,,
_h3 C'',75,9,40,1,2,,,,,h,e0 A',,
"h1^4 x71,6",75,10,42,0,0,,,,,,,,
D h0^2 h3 g2,75,11,40,0,-2,,,,,,,,
g B6,75,11,42,0,0,,,,h1 g B6,,,,
_h1^11 h6,75,11,42,1,2,,,,_h1^12 h6,,,,
h2 d1 g^2,75,13,44,0,-3,,,,,,h2^2 d1 g^2,,
h1^12 h6,75,13,44,0,-1,,,,h1^13 h6,,,,
_h1^2 d1 g^2,75,13,43,1,1,,,h,g^2 T,,,,
_t h2 g^2 n,75,13,41,1,3,,,,,,,,
h1 e0^2 g^2,75,17,45,0,0,,,,,,,,
_P^8 h1^2 c0,75,36,38,1,0,h,P^9 h2,,loc,,,,
P^9 h2,75,37,38,0,0,,P^9 h0 h2,,,,,,
P^9 h0 h2,75,38,38,0,0,,,,,,,,
"h0 x76,6",76,7,40,0,-1,,"h0^2 x76,6",,,,"h0 h2 x76,6",,
_h1^4 h6 c0,76,7,40,1,1,,,,_h1^5 h6 c0,,,,
"h0^2 x76,6",76,8,40,0,-2,,,,,,,,
_P h1^4 h6,76,8,39,1,0,,,,_P h1^5 h6,,,,
d1 g2,76,8,42,0,2,,,,h1 d1 g2,,h1^2 m1,,
h1^5 h6 c0,76,9,42,0,-2,,,,h1^6 h6 c0,,,,
"_h1^4 x71,6",76,9,41,1,0,,,,,,,,
"x76,9",76,9,40,0,2,,,,,,"h1 x78,9",,
_t g B6,76,10,40,1,-1,,,h,t g Q2,,,,
P h1^5 h6,76,10,41,0,1,,,,P h1^6 h6,,,,
h1 g B6,76,12,43,0,-2,,,,h1^2 g B6,,,,
_h1^12 h6,76,12,43,1,0,,,,_h1^13 h6,,,,
_t h2 d1 g^2,76,12,42,1,2,,,h,D h1 d1 g,,_t h2^2 d1 g^2,,
D^2 h1 h3 g,76,14,41,0,-2,,,,D^2 h1^2 h3 g,,,,
h1^13 h6,76,14,45,0,0,,,,h1^14 h6,,,,
g^2 T,76,14,44,0,2,,,,,,,,
h3^2 h6,77,3,40,0,0,,,,,,,,
h6 d0,77,5,40,0,0,,,,h1 h6 d0,,h0 h6 e0,,
"x77,7",77,7,40,0,-2,,"h0 x77,7",,,,,,
m1,77,7,42,0,0,,,,h1 m1,,,,
"h1 x76,6",77,7,41,0,2,,,,"h1^2 x76,6",,,,
_h1^5 h6 c0,77,8,41,1,-1,,,,_h1^6 h6 c0,,,,
"h0 x77,7",77,8,40,0,1,,"h0^2 x77,7",,,,,,
_P h1^5 h6,77,9,40,1,-2,,,,_P h1^6 h6,,,,
h1 d1 g2,77,9,43,0,0,,,,h1^2 d1 g2,,,,
"h0^2 x77,7",77,9,40,0,2,,"h0^3 x77,7",,,,,,
h1^6 h6 c0,77,10,43,0,-1,,,,h1^7 h6 c0,,,,
"h0^3 x77,7",77,10,40,0,1,,"h0^4 x77,7",,,,,,
t g Q2,77,11,41,0,-3,,,,,,,,
_h1 g B6,77,11,42,1,-1,,,,_h1^2 g B6,,,,
P h1^6 h6,77,11,42,0,1,,,,P h1^7 h6,,,,
"h0^4 x77,7",77,11,40,0,3,,,,,,,,
M D h1 h3,77,12,41,0,0,,,,M D h1^2 h3,,,,
h1^2 g B6,77,13,44,0,-2,,,,,,,,
_h1^13 h6,77,13,44,1,0,,,,_h1^14 h6,,,,
D h1 d1 g,77,13,43,0,2,,,,D h1^2 d1 g,,,,
D^2 h1^2 h3 g,77,15,42,0,-1,,,,,,,,
h1^14 h6,77,15,46,0,1,,,,h1^15 h6,,,,
h0 e0 g^3,77,17,46,0,0,,,,,,h0^2 g^4,,
_P^9 h1^4,77,39,39,1,0,,,,loc,,,,
h0^3 h4 h6,78,5,40,0,0,,h0^4 h4 h6,,,,,4,"h0^2 x77,7"
h1 h6 d0,78,6,41,0,-1,,,,,,,,
h0^4 h4 h6,78,6,40,0,1,,h0^5 h4 h6,,,,,4,"h0^3 x77,7"
h0 T1,78,7,42,0,-1,,,,,,,,
h0^5 h4 h6,78,7,40,0,1,,h0^6 h4 h6,,,,,4,"h0^4 x77,7"
h1 m1,78,8,43,0,-2,,,,h1^2 m1,,,,
"h1^2 x76,6",78,8,42,0,0,,,,"h1^3 x76,6",,,,
h0^6 h4 h6,78,8,40,0,2,,h0^7 h4 h6,,,,,,
"x78,9",78,9,41,0,-2,,,,"h1 x78,9",,,,
_h1^6 h6 c0,78,9,42,1,0,,,,_h1^7 h6 c0,,,,
h0^7 h4 h6,78,9,40,0,2,,,,,,,,
e0 A',78,10,42,0,-2,,,,,,,,
_P h1^6 h6,78,10,41,1,0,,,,_P h1^7 h6,,,,
h1^2 d1 g2,78,10,44,0,2,,,,,,,,
h1^7 h6 c0,78,11,44,0,0,,,,h1^8 h6 c0,,,,
_h1^2 g B6,78,12,43,1,-3,,,,_t h2^2 d1 g^2,,,,
_D h1 d1 g,78,12,42,1,-1,h,M D h1^2 h3,,_D h1^2 d1 g,,D h1^2 B6,,
P h1^7 h6,78,12,43,0,1,,,,P h1^8 h6,,,,
M D h1^2 h3,78,13,42,0,-1,,,,,,,,
"h0^3 x78,10",78,13,40,0,1,,,,,,,,
h2^2 d1 g^2,78,14,46,0,-2,,,,,,h1^3 e1 g^2,,
_h1^14 h6,78,14,45,1,0,,,,_h1^15 h6,,,,
D h1^2 d1 g,78,14,44,0,2,,,,,,,,
h1^15 h6,78,16,47,0,-1,,,,,,,,
_t h0 e0 g^3,78,16,44,1,1,,,h,D h1 e0^2 g,,_t h0^2 g^4,,
h1 h4 h6,79,3,41,0,0,,,,h1^2 h4 h6,,,,
x1,79,5,42,0,0,,,,h1 x1,,h2 x1,,
"h2 x76,6",79,7,42,0,0,,"h0 h2 x76,6",,,,h0^2 h4 Q3,,
"h0 h2 x76,6",79,8,42,0,-1,,,,,,,,
P h6 c0,79,8,41,0,1,,,,P h1 h6 c0,,,,
h1^2 m1,79,9,44,0,-2,,,,,,,,
"h1^3 x76,6",79,9,43,0,0,,,,,,,,
_h1^2 d1 g2,79,9,43,1,2,,,,,,,,
"h1 x78,9",79,10,42,0,-1,,,,,,,,
_h1^7 h6 c0,79,10,43,1,1,,,,_h1^8 h6 c0,,,,
D B6,79,11,42,0,-2,,,,D h1 B6,,,,
g j1,79,11,45,0,0,,,,h1 g j1,,,,
_P h1^7 h6,79,11,42,1,2,,,,_P h1^8 h6,,,,
h1^8 h6 c0,79,12,45,0,0,,,,h1^9 h6 c0,,,,
D^2 n,79,13,41,0,-4,,,,,,,,
_t h2^2 d1 g^2,79,13,44,1,-2,,,,,,,,
h1 e1 g^2,79,13,46,0,0,,,,h1^2 e1 g^2,,,,
_D h1^2 d1 g,79,13,43,1,2,,,,_t^2 c1 g^3,,,,
P h1^8 h6,79,13,44,0,4,,,,P h1^9 h6,,,,
M e0^2,79,14,44,0,0,,,,M h1 e0^2,,M h0 e0 g,,
_h1^15 h6,79,15,46,1,-1,,,h,t g^4,,,,
c1 g^3,79,15,47,0,1,,,,,,h2 c1 g^3,,
D h1 e0^2 g,79,17,45,0,0,,,,,,,,
P^4 h0^7 Q',79,36,40,0,0,,P^4 h0^8 Q',,,,,,
P^4 h0^8 Q',79,37,40,0,0,,P^4 h0^9 Q',,,,,,
P^4 h0^9 Q',79,38,40,0,0,,P^4 h0^10 Q',,,,,,
P^4 h0^10 Q',79,39,40,0,0,,P^4 h0^11 Q',,,,,,
P^4 h0^11 Q',79,40,40,0,0,,,,,,,,
h1^2 h4 h6,80,4,42,0,0,,,,h1^3 h4 h6,,,,
h0 e2,80,5,42,0,0,,,,,,,,
h1 x1,80,6,43,0,-1,,,,h1^2 x1,,,,
h0 h6 e0,80,6,42,0,1,,,,,,h0^2 h6 g,,
_h1^2 m1,80,8,43,1,0,,,,,,,,
"h2 x77,8",80,9,43,0,-1,,,,,,,,
P h1 h6 c0,80,9,42,0,1,,,,P h1^2 h6 c0,,,,
P^2 h1 h6,80,10,41,0,-1,,,,P^2 h1^2 h6,,,,
_g j1,80,10,44,1,1,,,,_h1 g j1,h,g C',4,M e0^2
_h1^8 h6 c0,80,11,44,1,0,,,,_h1^9 h6 c0,,,,
D h1 B6,80,12,43,0,-4,,,,D h1^2 B6,,,,
h1 g j1,80,12,46,0,-2,,,,h1^2 g j1,,,,
_h1 e1 g^2,80,12,45,1,0,,,,_h1^2 e1 g^2,,,,
_P h1^8 h6,80,12,43,1,2,,,,_P h1^9 h6,,,,
D^2 d1,80,12,42,0,4,,,,D^2 h1 d1,,D^2 h2 d1,,
h1^9 h6 c0,80,13,46,0,0,,,,h1^10 h6 c0,,,,
h1^2 e1 g^2,80,14,47,0,-3,,,,h1^3 e1 g^2,,,,
_t^2 c1 g^3,80,14,44,1,-1,,,,,,,,
D^3 h1 h3,80,14,41,0,1,,,,D^3 h1^2 h3,,,,
P h1^9 h6,80,14,45,0,3,,,,P h1^10 h6,,,,
M h1 e0^2,80,15,45,0,0,,,,,,,,
t g^4,80,16,47,0,0,,,,t h1 g^4,,,,
h0 g^4,80,17,48,0,0,,h0^2 g^4,,,,h0 h2 g^4,,
h0^2 g^4,80,18,48,0,0,,,,,,,,
P^9 c0,80,39,41,0,0,,,,loc,,,,
h2 h4 h6,81,3,42,0,0,,h0 h2 h4 h6,,,,h2^2 h4 h6,,
h0 h2 h4 h6,81,4,42,0,0,,,,,,,,
h1^3 h4 h6,81,5,43,0,0,,,,,,,,
h2 T1,81,7,44,0,-1,,,,,,,,
h1^2 x1,81,7,44,0,1,,,,h1^3 x1,,,,
"_h1^4 x76,6",81,9,43,1,0,,,,,,,,
P h1^2 h6 c0,81,10,43,0,-1,,,,P h1^3 h6 c0,,,,
g A',81,10,44,0,1,,,,,,h2 g A',,
_D h1 B6,81,11,42,1,-2,h,D^2 p,,_D h1^2 B6,,,,
P^2 h1^2 h6,81,11,42,0,0,,,,P^2 h1^3 h6,,,,
_h1 g j1,81,11,45,1,2,,,,_h1^2 g j1,,,4,M h1 e0^2
_h1^9 h6 c0,81,12,45,1,-1,,,,_h1^10 h6 c0,,,,
D^2 p,81,12,42,0,1,,,,,,,,
D h1^2 B6,81,13,44,0,-4,,,,,,,,
h1^2 g j1,81,13,47,0,-2,,,,,,,,
_h1^2 e1 g^2,81,13,46,1,0,,,,_h1^3 e1 g^2,,,,
_P h1^9 h6,81,13,44,1,2,,,,_P h1^10 h6,,,,
D^2 h1 d1,81,13,43,0,4,,,,D^2 h1^2 d1,,,,
h1^10 h6 c0,81,14,47,0,0,,,,h1^11 h6 c0,,,,
h1^3 e1 g^2,81,15,48,0,-2,,,,,,,,
D^3 h1^2 h3,81,15,42,0,0,,,,,,,,
P h1^10 h6,81,15,46,0,2,,,,P h1^11 h6,,,,
_t h0^2 g^4,81,17,46,1,-1,,,,,h,d0 m^2,,
t h1 g^4,81,17,48,0,1,,,,,,,,
P^10 h1,81,41,41,0,0,,,,loc,,,,
h6 c1,82,4,43,0,0,,,,,,h2 h6 c1,,
h2 x1,82,6,44,0,-1,,,,,,,,
_h1^2 x1,82,6,43,1,1,,,,_h1^3 x1,,,,
h0^2 h4 Q3,82,8,44,0,-2,,,,,,,,
h1^3 x1,82,8,45,0,0,,,,h1^4 x1,,,,
e1 g2,82,8,45,0,2,,,,,,h1^3 h4 Q3,,
_P h1^2 h6 c0,82,9,42,1,0,h,P^2 h2 h6,,_P h1^3 h6 c0,,,,
P^2 h2 h6,82,10,42,0,0,,P^2 h0 h2 h6,,,,,,
P h1^3 h6 c0,82,11,44,0,-1,,,,P h1^4 h6 c0,,,,
P^2 h0 h2 h6,82,11,42,0,1,,,,,,,,
_D h1^2 B6,82,12,43,1,-3,,,h,D^2 h2 d1,,,,
P^2 h1^3 h6,82,12,43,0,-1,,,,P^2 h1^4 h6,,,,
_h1^2 g j1,82,12,46,1,1,,,,,,,,
(D e1 + C0) g,82,12,45,0,3,,,,D h1 e1 g,,,,
_h1^10 h6 c0,82,13,46,1,0,,,,_h1^11 h6 c0,,,,
_h1^3 e1 g^2,82,14,47,1,-2,,,,,,,,
_P h1^10 h6,82,14,45,1,0,,,,_P h1^11 h6,,,,
D^2 h1^2 d1,82,14,44,0,2,,,,,,,,
h1^11 h6 c0,82,15,48,0,-1,,,,h1^12 h6 c0,,,,
M h0 e0 g,82,15,46,0,1,,,,,,M h0^2 g^2,,
h2 c1 g^3,82,16,49,0,-2,,,,,,,,
P h1^11 h6,82,16,47,0,0,,,,,,,,
D^2 e0^2,82,16,44,0,2,,,,D^2 h1 e0^2,,D^2 h0 e0 g,,
c0 e0^2 g^2,82,19,49,0,0,,,,h1 c0 e0^2 g^2,,,,
t h6 g,83,5,43,0,0,,,,t h1 h6 g,,,,
h0 h6 g,83,6,44,0,0,,h0^2 h6 g,,,,h0 h2 h6 g,,
h0^2 h6 g,83,7,44,0,-2,,,,,,,,
h1 h4 Q3,83,7,45,0,0,,,,h1^2 h4 Q3,,,,
_h1^3 x1,83,7,44,1,2,,,,_h1^4 x1,,,,
h1^4 x1,83,9,46,0,0,,,,h1^5 x1,,,,
_P h1^3 h6 c0,83,10,43,1,0,,,,_P h1^4 h6 c0,,,,
_h1 g B7,83,11,45,1,-2,,,,,,,,
D j1,83,11,45,0,0,,,,D h1 j1,,,,
g C',83,11,46,0,2,,,,,,h2 g C',4,M h0 e0 g
P h1^4 h6 c0,83,12,45,0,0,,,,P h1^5 h6 c0,,,,
D^2 h2 d1,83,13,44,0,-3,,,,,,,,
P^2 h1^4 h6,83,13,44,0,-1,,,,P^2 h1^5 h6,,,,
D h1 e1 g,83,13,46,0,1,,,,D h1^2 e1 g,,,,
_D^2 h1^2 d1,83,13,43,1,3,,,h,D^2 T,,,,
_h1^11 h6 c0,83,14,47,1,-1,,,,_h1^12 h6 c0,,,,
_t M h0 e0 g,83,14,44,1,1,,,h,M D h1 d0,,_t M h0^2 g^2,,
_P h1^11 h6,83,15,46,1,-1,,,,_t^2 h2 g^4,,,,
_t h2 c1 g^3,83,15,47,1,1,,,,,,,,
h1^12 h6 c0,83,16,49,0,0,,,,h1^13 h6 c0,,,,
D^2 h1 e0^2,83,17,45,0,-1,,,,,,,,
h2 g^4,83,17,50,0,1,,h0 h2 g^4,,,,h2^2 g^4,,
h0 h2 g^4,83,18,50,0,0,,,,,,,,
h1 c0 e0^2 g^2,83,20,50,0,0,,,,,,,,
_P^9 h1^2 c0,83,40,42,1,0,h,P^10 h2,,loc,,,,
P^10 h2,83,41,42,0,0,,P^10 h0 h2,,,,,,
P^10 h0 h2,83,42,42,0,0,,,,,,,,
h2^2 h4 h6,84,4,44,0,-1,,,,,,,,
f2,84,4,44,0,1,,,,h1 f2,,h1^2 c3,,
t h1 h6 g,84,6,44,0,0,,,,,,,,
h1^2 h4 Q3,84,8,46,0,-1,,,,h1^3 h4 Q3,,,,
_h1^4 x1,84,8,45,1,1,,,,_h1^5 x1,,,,
h2 c1 H1,84,9,46,0,0,,,,,,,,
h1^5 x1,84,10,47,0,-2,,,,,,,,
"P x76,6",84,10,45,0,0,,,,"P h1 x76,6",,,,
_D j1,84,10,44,1,2,,,,_D h1 j1,,_t h2 g C',4,_t M h0 e0 g
h2 g A',84,11,46,0,-1,,,,,,t h1 g G0,,
_P h1^4 h6 c0,84,11,44,1,1,,,,_P h1^5 h6 c0,,,,
D h1 j1,84,12,46,0,-3,,,,D h1^2 j1,,,,
_P^2 h1^4 h6,84,12,43,1,-1,,,,_P^2 h1^5 h6,,,,
_D h1 e1 g,84,12,45,1,1,,,,_D h1^2 e1 g,,,,
d1^2 g,84,12,48,0,3,,,,h1 d1^2 g,,h1^2 d1 i1,,
P h1^5 h6 c0,84,13,46,0,0,,,,P h1^6 h6 c0,,,,
P^2 h1^5 h6,84,14,45,0,-2,,,,P^2 h1^6 h6,,,,
D h1^2 e1 g,84,14,47,0,0,,,,,,,,
D^2 T,84,14,44,0,2,,,,,,,,
_h1^12 h6 c0,84,15,48,1,-1,,,,_h1^13 h6 c0,,,,
M D h1 d0,84,15,45,0,1,,,,,,,,
_t^2 h2 g^4,84,16,47,1,0,,,h,t D h1 g^3,,,,
_t h0 h2 g^4,84,17,48,1,-1,h,d0 m^2,,,h,D h2^2 e0 g^2,,
h1^13 h6 c0,84,17,50,0,1,,,,h1^14 h6 c0,,,,
d0 m^2,84,18,48,0,0,,,,,,,,
h2 h6 c1,85,5,45,0,-1,,,,,,,,
h1 f2,85,5,45,0,1,,,,h1^2 f2,,,,
h0^3 c3,85,6,44,0,-1,,,,,,,,
"x85,6",85,6,45,0,1,,,,"h1 x85,6",,,,
h2 h4 Q3,85,7,46,0,0,,h0 h2 h4 Q3,,,,,,
h0 h2 h4 Q3,85,8,46,0,-1,,,,,,,,
h6 c0 d0,85,8,45,0,1,,,,h1 h6 c0 d0,,,,
h1^3 h4 Q3,85,9,47,0,-1,,,,,,,,
_h1^5 x1,85,9,46,1,1,,,,,,,,
_t h2 g A',85,10,44,1,-1,,,,,,_t^2 h1 g G0,,
h2 g H1,85,10,47,0,1,,,,,,h2^2 g H1,,
"P h1 x76,6",85,11,46,0,-2,,,,,,,,
d1 i1,85,11,48,0,0,,,,h1 d1 i1,,,,
_D h1 j1,85,11,45,1,2,,,,_D h1^2 j1,,,4,M D h1 d0
_P h1^5 h6 c0,85,12,45,1,0,,,,_P h1^6 h6 c0,,,,
D h1^2 j1,85,13,47,0,-4,,,,,,,,
D^2 x,85,13,44,0,-2,,D^2 h0 x,,,,,,
_P^2 h1^5 h6,85,13,44,1,0,,,,_P^2 h1^6 h6,,,,
_D h1^2 e1 g,85,13,46,1,2,,,h,t B5 g,,,,
h1 d1^2 g,85,13,49,0,4,,,,h1^2 d1^2 g,,,,
P h1^6 h6 c0,85,14,47,0,-2,,,,P h1^7 h6 c0,,,,
D^2 h0 x,85,14,44,0,0,,D^2 h0^2 x,,,,,,
M g^2,85,14,48,0,2,,M h0 g^2,,M h1 g^2,,M h2 g^2,,
P^2 h1^6 h6,85,15,46,0,-2,,,,P^2 h1^7 h6,,,,
D^2 h0^2 x,85,15,44,0,0,,,,,,,,
M h0 g^2,85,15,48,0,2,,M h0^2 g^2,,,,M h0 h2 g^2,,
_h1^13 h6 c0,85,16,49,1,-1,,,,_h1^14 h6 c0,,,,
M h0^2 g^2,85,16,48,0,1,,,,,,,,
D^2 h0 e0 g,85,17,46,0,-1,,,,,,D^2 h0^2 g^2,,
t D h1 g^3,85,17,48,0,1,,,,,,,,
h1^14 h6 c0,85,18,51,0,0,,,,,,,,
_P^10 h1^4,85,43,43,1,0,,,,loc,,,,
h1 c3,86,4,45,0,0,,,,h1^2 c3,,,,
h4 h6 c0,86,5,45,0,0,,,,h1 h4 h6 c0,,,,
h1^2 f2,86,6,46,0,-1,,,,,,,,
h2 h6 g,86,6,46,0,1,,h0 h2 h6 g,,,,h2^2 h6 g,,
"h1 x85,6",86,7,46,0,-1,,,,"h1^2 x85,6",,,,
h0 h2 h6 g,86,7,46,0,1,,,,,,,,
_t h1^3 h4 Q3,86,8,45,1,0,,,,,,,,
h1 h6 c0 d0,86,9,46,0,0,,,,,,,,
h0^2 h6 i,86,10,44,0,-1,,h0^3 h6 i,,,,,,
_d1 i1,86,10,47,1,1,,,,_h1 d1 i1,h,"h1 x88,10",,
h0^3 h6 i,86,11,44,0,0,,h0^4 h6 i,,,,,,
h2 g C',86,12,48,0,-5,,,,,,"h0 x89,12",4,M h0^2 g^2
h1 d1 i1,86,12,49,0,-3,,,,h1^2 d1 i1,,,,
_D h1^2 j1,86,12,46,1,-1,,,,,,,,
h0^4 h6 i,86,12,44,0,1,,h0^5 h6 i,,,,,,
_h1 d1^2 g,86,12,48,1,3,,,,_h1^2 d1^2 g,,,,
D^2 e1,86,12,45,0,5,,,,D^2 h1 e1,,,,
_P h1^6 h6 c0,86,13,46,1,-1,,,,_P h1^7 h6 c0,,,,
h0^5 h6 i,86,13,44,0,1,,,,,,,,
_P^2 h1^6 h6,86,14,45,1,-2,,,,_P^2 h1^7 h6,,,,
t B5 g,86,14,47,0,0,,,,,,,,
h1^2 d1^2 g,86,14,50,0,2,,,,,,,,
D^3 h0 h3^2,86,15,44,0,-3,,,,,,,,
P h1^7 h6 c0,86,15,48,0,-1,,,,P h1^8 h6 c0,,,,
M h1 g^2,86,15,49,0,1,,,,M h1^2 g^2,,,,
_t M h0^2 g^2,86,15,46,1,3,,,,,h,M D h2^2 d0,,
P^2 h1^7 h6,86,16,47,0,0,,,,,,,,
_h1^14 h6 c0,86,17,50,1,0,,,,,,,,
h2^2 g^4,86,18,52,0,0,,,,,,h1^2 h3 g^4,,
D c0 e0^2 g,86,19,49,0,0,,,,D h1 c0 e0^2 g,,,,
h1^2 c3,87,5,46,0,0,,,,,,,,
h1 h4 h6 c0,87,6,46,0,0,,,,h1^2 h4 h6 c0,,,,
"x87,7",87,7,45,0,0,,,,"h1 x87,7",,,,
"h1^2 x85,6",87,8,47,0,0,,,,,,,,
g Q3,87,9,48,0,0,,,,,,h2 g Q3,,
_h1 d1 i1,87,11,48,1,-3,,,,_h1^2 d1 i1,,,,
_D h1 B7,87,11,45,1,-1,,,h,D^2 f1,,,,
_t h2 g C',87,11,46,1,1,,,,,,"_t h0 x89,12",4,_t M h0^2 g^2
B6 d1,87,11,48,0,3,,,,,,,,
t h1 g G0,87,12,48,0,-1,,,,,,,,
P^2 h6 c0,87,12,45,0,1,,,,P^2 h1 h6 c0,,,,
h1^2 d1 i1,87,13,50,0,-2,,,,,,,,
_h1^2 d1^2 g,87,13,49,1,0,,,,,,,,
D^2 h1 e1,87,13,46,0,2,,,,D^2 h1^2 e1,,,,
_P h1^7 h6 c0,87,14,47,1,0,,,,_P h1^8 h6 c0,,,,
_P^2 h1^7 h6,87,15,46,1,-1,,,h,t D^2 g^2,,,,
D^2 c1 g,87,15,47,0,1,,,,,,,,
P h1^8 h6 c0,87,16,49,0,-1,,,,P h1^9 h6 c0,,,,
M h1^2 g^2,87,16,50,0,1,,,,,,,,
D^3 h1 d0,87,17,45,0,-1,,,,,,,,
_t h2^2 g^4,87,17,50,1,1,h,D h2^2 e0 g^2,,,h,g m^2,,
D h2^2 e0 g^2,87,18,50,0,0,,,,,,,,
D h1 c0 e0^2 g,87,20,50,0,0,,,,,,,,
P^8 h0^2 i,87,41,44,0,0,,P^8 h0^3 i,,,,,,
P^8 h0^3 i,87,42,44,0,0,,P^8 h0^4 i,,,,,,
P^8 h0^4 i,87,43,44,0,0,,P^8 h0^5 i,,,,,,
P^8 h0^5 i,87,44,44,0,0,,,,,,,,
h1^2 h4 h6 c0,88,7,47,0,-1,,,,,,,,
"_h1^2 x85,6",88,7,46,1,1,h,"h1 x87,7",,,,,,
"h1 x87,7",88,8,46,0,-1,,,,,,,,
g2^2,88,8,48,0,1,,h0 g2^2,,,,,,
h0 g2^2,88,9,48,0,0,,,,,,,,
"x88,10",88,10,48,0,-1,,,,"h1 x88,10",,,,
_B6 d1,88,10,47,1,1,,,h,d1 Q2,,_t d1 e1 g,,
_t^2 h1 g G0,88,11,46,1,-1,,,,,h,D h2^2 A',,
h2^2 g H1,88,11,49,0,1,,,,,,h1^2 h3 g H1,,
_h1^2 d1 i1,88,12,49,1,-2,,,h,"h0 x89,12",,,,
D g2 g,88,12,48,0,0,,,,D h1 g2 g,,,,
D^2 f1,88,12,46,0,2,,,,D^2 h1 f1,,,,
P^2 h1 h6 c0,88,13,46,0,0,,,,P^2 h1^2 h6 c0,,,,
D^2 h1^2 e1,88,14,47,0,-1,,,,,,,,
P^3 h1 h6,88,14,45,0,1,,,,P^3 h1^2 h6,,,,
M h2 g^2,88,15,50,0,-1,,M h0 h2 g^2,,,,M h2^2 g^2,,
_P h1^8 h6 c0,88,15,48,1,1,,,,_P h1^9 h6 c0,,,,
M h0 h2 g^2,88,16,50,0,-1,,,,,,,,
t D^2 g^2,88,16,47,0,1,,,,t D^2 h1 g^2,,,,
P h1^9 h6 c0,88,17,50,0,-1,,,,P h1^10 h6 c0,,,,
D^2 h0 g^2,88,17,48,0,1,,D^2 h0^2 g^2,,,,D^2 h0 h2 g^2,,
D^2 h0^2 g^2,88,18,48,0,-1,,,,,,,,
h1 h3 g^4,88,18,53,0,1,,,,h1^2 h3 g^4,,,,
P^10 c0,88,43,45,0,0,,,,loc,,,,
_h1^2 h4 h6 c0,89,6,46,1,0,,,,,,,,
h2^2 h6 g,89,7,48,0,0,,,,,,h1^2 h3 h6 g,,
"_x88,10",89,9,47,1,0,,,,"_h1 x88,10",,,,
_t h2^2 g H1,89,10,47,1,0,,,,,,,,
"h1 x88,10",89,11,49,0,-1,,,,,,,,
d1 Q2,89,11,48,0,1,,,,h1 d1 Q2,,,,
D^2 h0 c2,89,12,46,0,0,,,,,,,,
"h0 x89,12",89,13,50,0,-2,,,,,,,,
D h1 g2 g,89,13,49,0,0,,,,D h1^2 g2 g,,,,
D^2 h1 f1,89,13,47,0,2,,,,,,,,
P^2 h1^2 h6 c0,89,14,47,0,-1,,,,P^2 h1^3 h6 c0,,,,
_t M h2 g^2,89,14,48,1,1,,_t M h0 h2 g^2,h,M D h1 g,,_t M h2^2 g^2,,
P^3 h1^2 h6,89,15,46,0,-1,,,,P^3 h1^3 h6,,,,
_t M h0 h2 g^2,89,15,48,1,1,h,M D h2^2 d0,,,h,M D h2^2 e0,,
_P h1^9 h6 c0,89,16,49,1,-1,,,,_P h1^10 h6 c0,,,,
M D h2^2 d0,89,16,48,0,1,,,,,,,,
t D^2 h1 g^2,89,17,48,0,-1,,,,,,,,
_t D^2 h0^2 g^2,89,17,46,1,1,,,,,h,D^3 h2^2 d0,,
P h1^10 h6 c0,89,18,51,0,0,,,,,,,,
h1^2 h3 g^4,89,19,54,0,0,,,,,,,,
P^11 h1,89,45,45,0,0,,,,loc,,,,
"_h1 x88,10",90,10,48,1,-2,,,,_t d1 e1 g,,,,
_d1 Q2,90,10,47,1,0,,,,_h1 d1 Q2,,,,
h2 g Q3,90,10,50,0,2,,,,,,D1 h1^3 e1,,
_D h1 g2 g,90,12,48,1,-4,,,,_D h1^2 g2 g,h,T Q2,4,M D h2^2 d0
"_t h0 x89,12",90,12,48,1,-2,,,,,h,T Q2,4,M D h2^2 d0
h1 d1 Q2,90,12,49,0,0,,,,,,,,
M^2,90,12,48,0,2,,,,M^2 h1,,D D1 h0 e0,,
d1 e1 g,90,12,51,0,4,,,,h1 d1 e1 g,,h1^2 d1 j1,,
_P^2 h1^2 h6 c0,90,13,46,1,0,h,P^3 h2 h6,,_P^2 h1^3 h6 c0,h,P^2 h0 h6 d0,,
h2 g C'',90,14,51,0,-3,,,,,,,4,P h1^10 h6 c0
D h1^2 g2 g,90,14,50,0,-1,,,,,,,,
_t^2 h2 B5 g,90,14,47,1,1,,,,,,,,
P^3 h2 h6,90,14,46,0,3,,P^3 h0 h2 h6,,,,P^2 h0^2 h6 d0,,
P^2 h1^3 h6 c0,90,15,48,0,-2,,,,P^2 h1^4 h6 c0,,,,
M D h1 g,90,15,49,0,0,,,,M D h1^2 g,,,,
P^3 h0 h2 h6,90,15,46,0,2,,,,,,,,
P^3 h1^3 h6,90,16,47,0,0,,,,,,,,
_P h1^10 h6 c0,90,17,50,1,0,,,,,,,,
g m^2,90,18,52,0,0,,,,,,D h1^2 h3 g^3,,
D^2 c0 e0^2,90,19,49,0,0,,,,D^2 h1 c0 e0^2,,,,
h4^2 D3,91,6,48,0,0,,,,h1 h4^2 D3,,,,
h1 h3 h6 g,91,7,49,0,0,,,,h1^2 h3 h6 g,,,,
_t h2 g Q3,91,9,48,1,0,,,,,h,"y94,10",,
_t d1 e1 g,91,11,49,1,-2,,,,,,,,
_h1 d1 Q2,91,11,48,1,0,,,,_h1^2 d1 Q2,,,,
d1 j1,91,11,51,0,2,,,,h1 d1 j1,,,,
D h2^2 A',91,12,48,0,-1,,,,,,,,
h1^2 h3 g H1,91,12,51,0,1,,,,,,,,
_D h1^2 g2 g,91,13,49,1,-2,,,,,,,,
M^2 h1,91,13,49,0,0,,,,,,,,
h1 d1 e1 g,91,13,52,0,2,,,,h1^2 d1 e1 g,,,,
_P^2 h1^3 h6 c0,91,14,47,1,0,,,,_P^2 h1^4 h6 c0,,,,
_t D^2 h2 c1 g,91,15,47,1,0,,,,,,,,
M h2^2 g^2,91,16,52,0,-2,,,,,,,,
P^2 h1^4 h6 c0,91,16,49,0,0,,,,P^2 h1^5 h6 c0,,,,
M D h1^2 g,91,16,50,0,2,,,,,,,,
D^2 h2 g^2,91,17,50,0,-1,,D^2 h0 h2 g^2,,,,D^2 h2^2 g^2,,
g^3 n,91,17,53,0,1,,,,,,h2 g^3 n,,
D^2 h0 h2 g^2,91,18,50,0,0,,,,,,,,
D^2 h1 c0 e0^2,91,20,50,0,0,,,,,,,,
_P^10 h1^2 c0,91,44,46,1,0,h,P^11 h2,,loc,h,P^10 h0 d0,,
P^11 h2,91,45,46,0,0,,P^11 h0 h2,,,,P^10 h0^2 d0,,
P^11 h0 h2,91,46,46,0,0,,,,,,,,
g3,92,4,48,0,0,,h0 g3,,h1 g3,,h2 g3,,
h0 g3,92,5,48,0,0,,h0^2 g3,,,,h0 h2 g3,,
h0^2 g3,92,6,48,0,0,,h0^3 g3,,,,,,
h1 h4^2 D3,92,7,49,0,-1,,,,,,,,
h0^3 g3,92,7,48,0,1,,h0^4 g3,,,,,,
h1^2 h3 h6 g,92,8,50,0,-1,,,,,,,,
h0^4 g3,92,8,48,0,1,,h0^5 g3,,,,,,
h0^5 g3,92,9,48,0,-1,,,,,,,,
"h1 x91,8",92,9,49,0,1,,,,"h1^2 x91,8",,,,
"x92,10",92,10,48,0,-2,,"h0 x92,10",,,,,,
D1 h1^2 e1,92,10,51,0,0,,,,D1 h1^3 e1,,,,
_d1 j1,92,10,50,1,2,,,,_h1 d1 j1,,,,
"h0 x92,10",92,11,48,0,0,,,,,,,,
_h1^2 d1 Q2,92,12,49,1,-3,,,h,T Q2,,,,
h1 d1 j1,92,12,52,0,-1,,,,h1^2 d1 j1,,,,
"x92,12",92,12,48,0,1,,"h0 x92,12",,"h1 x92,12",,,,
_h1 d1 e1 g,92,12,51,1,3,,,,_h1^2 d1 e1 g,,,,
"h2 x89,12",92,13,52,0,-1,,,,,,,,
"h0 x92,12",92,13,48,0,1,,"h0^2 x92,12",,,,,,
h1^2 d1 e1 g,92,14,53,0,-1,,,,,,,,
"h0^2 x92,12",92,14,48,0,1,,,,,,,,
_t M h2^2 g^2,92,15,50,1,-1,h,M D h2^2 e0,,,h,M D h2^2 g,,
_P^2 h1^4 h6 c0,92,15,48,1,1,,,,_P^2 h1^5 h6 c0,,,,
M D h2^2 e0,92,16,50,0,-2,,,,,,,,
_t^2 D^2 h2 g^2,92,16,47,1,0,,,h,t D^3 h1 g,,,,
d1 g^3,92,16,54,0,2,,,,h1 d1 g^3,,h2 d1 g^3,,
_t D^2 h0 h2 g^2,92,17,48,1,-1,h,D^3 h2^2 d0,,,h,D^3 h2^2 e0,,
P^2 h1^5 h6 c0,92,17,50,0,1,,,,P^2 h1^6 h6 c0,,,,
D^3 h2^2 d0,92,18,48,0,-1,,,,,,,,
D h1 h3 g^3,92,18,53,0,1,,,,D h1^2 h3 g^3,,,,
h4^2 h6,93,3,48,0,0,,h0 h4^2 h6,,h1 h4^2 h6,,,4,h0^3 g3
h0 h4^2 h6,93,4,48,0,0,,h0^2 h4^2 h6,,,,,4,h0^4 g3
h1 g3,93,5,49,0,-1,,,,h1^2 g3,,,,
h0^2 h4^2 h6,93,5,48,0,1,,h0^3 h4^2 h6,,,,,4,h0^5 g3
h0^3 h4^2 h6,93,6,48,0,0,,,,,,,,
D h2^2 h6,93,7,48,0,0,,h0 . D h2^2 h6,,,,D h1^2 h3 h6,4,"h0 x92,10"
h0 . D h2^2 h6,93,8,48,0,0,,h0^2 . D h2^2 h6,,,,,,
h0^2 . D h2^2 h6,93,9,48,0,-2,,h0^3 . D h2^2 h6,,,,,,
D1 h2 e1,93,9,51,0,0,,,,,,,,
_D1 h1^2 e1,93,9,50,1,2,,,,_D1 h1^3 e1,,,,
"h1^2 x91,8",93,10,50,0,-1,,,,,,,,
h0^3 . D h2^2 h6,93,10,48,0,1,,h0^4 . D h2^2 h6,,,,,,
D1 h1^3 e1,93,11,52,0,-2,,,,,,,,
_h1 d1 j1,93,11,51,1,0,,,,_h1^2 d1 j1,,,,
h0^4 . D h2^2 h6,93,11,48,0,2,,,,,,,,
T Q2,93,13,50,0,-5,,,,,,,,
D D1 h0 e0,93,13,50,0,-3,,,,,,,,
h1^2 d1 j1,93,13,53,0,-1,,,,,,,,
P^2 h6 d0,93,13,48,0,1,,P^2 h0 h6 d0,,,,,,
"h1 x92,12",93,13,49,0,3,,,,"h1^2 x92,12",,,,
_h1^2 d1 e1 g,93,13,52,1,5,,,h,h3 g C'',,,,
P^2 h0 h6 d0,93,14,48,0,0,,P^2 h0^2 h6 d0,,,,,,
P^2 h0^2 h6 d0,93,15,48,0,-1,,,,,,,,
g^2 i1,93,15,54,0,1,,,,h1 g^2 i1,,,,
_P^2 h1^5 h6 c0,93,16,49,1,0,,,,_P^2 h1^6 h6 c0,,,,
t D^3 h1 g,93,17,48,0,-2,,,,,,,,
h1 d1 g^3,93,17,55,0,0,,,,h1^2 d1 g^3,,,,
M c0 g^2,93,17,53,0,2,,,,,,,,
P^2 h1^6 h6 c0,93,18,51,0,0,,,,,,,,
D h1^2 h3 g^3,93,19,54,0,0,,,,,,,,
_P^11 h1^4,93,47,47,1,0,,,,loc,,,,
h1 h4^2 h6,94,4,49,0,0,,,,,,,,
h1^2 g3,94,6,50,0,-1,,,,,,,,
h6 n,94,6,49,0,1,,,,,,h2 h6 n,,
_D1 h2 e1,94,8,50,1,0,,,,,,,,
"y94,10",94,10,50,0,-2,,,,,,,,
_D1 h1^3 e1,94,10,51,1,0,,,,,,,,
_B7 d1,94,10,50,1,2,,,,,,,,
_h1^2 d1 j1,94,12,52,1,-2,,,,,,,,
D d1 e1,94,12,51,0,0,,,,,,,,
"_h1^2 x91,11",94,12,49,1,2,,,,,,,,
_t^2 g^2 i1,94,14,51,1,-2,,,,,,,4,P^2 h1^6 h6 c0
"h1^2 x92,12",94,14,50,0,0,,,,,,,,
h3 g C'',94,14,53,0,2,,,,,,,,
D^2 M h1,94,15,49,0,0,,,,D^2 M h1^2,,,,
h1 g^2 i1,94,16,55,0,-1,,,,h1^2 g^2 i1,,,,
_h1 d1 g^3,94,16,54,1,1,,,,_h1^2 d1 g^3,,,,
_P^2 h1^6 h6 c0,94,17,50,1,0,,,,,,,,
D^2 h2^2 g^2,94,18,52,0,-2,,,,,,D^2 h1^2 h3 g^2,,
h2 g^3 n,94,18,55,0,0,,,,,,,,
h1^2 d1 g^3,94,18,56,0,2,,,,,,,,
h1^14 h6 e0,94,19,56,0,-1,,,,h1^15 h6 e0,,,,
D^3 c0 d0,94,19,49,0,1,,,,D^3 h1 c0 d0,,,,
P^10 d0,94,44,48,0,0,,P^10 h0 d0,,,,,,
P^10 h0 d0,94,45,48,0,0,,P^10 h0^2 d0,,,,,,
P^10 h0^2 d0,94,46,48,0,0,,,,,,,,
h2 g3,95,5,50,0,-1,,h0 h2 g3,,,,,,
h6 d1,95,5,50,0,1,,,,h1 h6 d1,,h2 h6 d1,,
h0 h2 g3,95,6,50,0,0,,,,,,,,
D h1 h3 h6,95,7,49,0,0,,,,D h1^2 h3 h6,,,,
"h1 x94,8",95,9,50,0,0,,,,"h1^2 x94,8",,,,
"D x71,6",95,10,50,0,0,,,,,,,,
e1 Q2,95,11,51,0,-1,,,,,,,,
"x95,11",95,11,51,0,1,,,,,,,,
_h3 g C'',95,13,52,1,0,,,,,h,e0 g A',,
g^2 B6,95,15,54,0,0,,,,,,,,
M D h2^2 g,95,16,52,0,-2,,,,,,,,
D^2 M h1^2,95,16,50,0,0,,,,,,,,
P^3 h6 c0,95,16,49,0,2,,,,P^3 h1 h6 c0,,,,
h2 d1 g^3,95,17,56,0,-3,,,,,,h2^2 d1 g^3,,
h1^2 g^2 i1,95,17,56,0,-1,,,,h1^3 g^2 i1,,,,
_h1^2 d1 g^3,95,17,55,1,1,,,h,g^3 T,,,,
_t D^2 h2^2 g^2,95,17,50,1,3,h,D^3 h2^2 e0,,,h,D^3 h2^2 g,,
D^3 h2^2 e0,95,18,50,0,0,,,,,,,,
h1^15 h6 e0,95,20,57,0,-1,,,,,,,,
D^3 h1 c0 d0,95,20,50,0,1,,,,,,,,
P^6 D h0^5 i,95,40,48,0,0,,P^6 h0^4 Q',,,,,4,P^10 d0
P^6 h0^4 Q',95,41,48,0,0,,P^6 h0^5 Q',,,,,4,P^10 h0 d0
P^6 h0^5 Q',95,42,48,0,0,,P^6 h0^6 Q',,,,,4,P^10 h0^2 d0
P^6 h0^6 Q',95,43,48,0,0,,P^6 h0^7 Q',,,,,,
P^6 h0^7 Q',95,44,48,0,0,,P^6 h0^8 Q',,,,,,
P^6 h0^8 Q',95,45,48,0,0,,P^6 h0^9 Q',,,,,,
P^6 h0^9 Q',95,46,48,0,0,,P^6 h0^10 Q',,,,,,
P^6 h0^10 Q',95,47,48,0,0,,P^6 h0^11 Q',,,,,,
P^6 h0^11 Q',95,48,48,0,0,,,,,,,,
h6 p,96,5,50,0,0,,,,,,,,
h1 h6 d1,96,6,51,0,0,,,,h1^2 h6 d1,,,,
D h1^2 h3 h6,96,8,50,0,-1,,,,,,,,
"x96,8",96,8,50,0,1,,,,"h1 x96,8",,,,
"h1^2 x94,8",96,10,51,0,0,,,,,,,,
t D D1 g,96,12,51,0,-1,,,,t D D1 h1 g,,,,
e1^2 g,96,12,54,0,1,,,,h1 e1^2 g,,h1^2 d1 k1,,
"g x76,9",96,13,52,0,-1,,,,,,,,
D D1 h0 g,96,13,52,0,1,,,,,,,,
D^2 M h2,96,15,50,0,0,,D^2 M h0 h2,,,,D^2 M h2^2,,
D^2 M h0 h2,96,16,50,0,-2,,,,,,,,
_h1^2 g^2 i1,96,16,55,1,0,,,,_h1^3 g^2 i1,,,,
_t h2 d1 g^3,96,16,54,1,2,,,h,D h1 d1 g^2,,,,
P^3 h1 h6 c0,96,17,50,0,0,,,,P^3 h1^2 h6 c0,,,,
D^2 h1 h3 g^2,96,18,53,0,-2,,,,D^2 h1^2 h3 g^2,,,,
h1^3 g^2 i1,96,18,57,0,0,,,,h1^4 g^2 i1,,,,
g^3 T,96,18,56,0,2,,,,,,,,
P^11 c0,96,47,49,0,0,,,,loc,,,,
h2 h6 n,97,7,51,0,-1,,,,,,,,
h1^2 h6 d1,97,7,52,0,1,,,,,,,,
"h0 x97,7",97,8,50,0,0,,,,,,,,
"h1 x96,8",97,9,51,0,-1,,,,,,,,
h6 e0^2,97,9,52,0,1,,,,h1 h6 e0^2,,h0 h6 e0 g,,
"h1^2 x95,8",97,10,53,0,0,,,,,,,,
d1 k1,97,11,54,0,-1,,,,h1 d1 k1,,,,
_h1 e1 Q2,97,11,51,1,1,,,,_h1^2 e1 Q2,,,,
M D1 h0^2,97,12,52,0,-1,,,,,,,,
H1 m + h1^3 h6 d0 e0,97,12,53,0,1,,,,h1^4 h6 d0 e0,,h2 H1 m,,
t D D1 h1 g,97,13,52,0,-1,,,,,,,,
h1 e1^2 g,97,13,55,0,1,,,,h1^2 e1^2 g,,,,
g^2 Q2,97,15,54,0,0,,,,h1 g^2 Q2,,,,
_h1^3 g^2 i1,97,17,56,1,-2,,,,_h1^4 g^2 i1,,,,
M D c0 g,97,17,53,0,0,,,,,,,,
D h1 d1 g^2,97,17,55,0,2,,,,D h1^2 d1 g^2,,,,
P^3 h1^2 h6 c0,97,18,51,0,0,,,,,,,,
D^2 h1^2 h3 g^2,97,19,54,0,-1,,,,,,,,
h1^4 g^2 i1,97,19,58,0,1,,,,h1^5 g^2 i1,,,,
h0 e0 g^4,97,21,58,0,0,,,,,,h0^2 g^5,,
P^12 h1,97,49,49,0,0,,,,loc,,,,
_h1^2 h6 d1,98,6,51,1,-1,,,h,h6 T,,,,
h2 h6 d1,98,6,52,0,1,,,,,,h2^2 h6 d1,,
"h2 x95,7",98,8,52,0,0,,,,,,"h1^2 x99,7",,
h1 h6 e0^2,98,10,53,0,-3,,,,,,,,
D1 h3^2 d1,98,10,54,0,-1,,,,,,,,
"_h1^3 x94,8",98,10,51,1,1,,,,,,,,
_d1 k1,98,10,53,1,3,,,,_h1 d1 k1,,,,
H1 T + M D1 h1,98,11,53,0,0,,,,M D1 h1^2,,,,
h1 d1 k1,98,12,55,0,-2,,,,h1^2 d1 k1,,,,
_h1^2 e1 Q2,98,12,52,1,0,,,,,,,,
_h1 e1^2 g,98,12,54,1,2,,,,_h1^2 e1^2 g,,,,
h1^4 h6 d0 e0,98,13,54,0,0,,,,h1^5 h6 d0 e0,,,,
e0 g A',98,14,54,0,-2,,,,,,,,
D^2 C,98,14,51,0,0,,,,,,,4,P^3 h1^2 h6 c0
h1^2 e1^2 g,98,14,56,0,2,,,,,,,,
M^2 c0,98,15,53,0,0,,,,,,,,
h1 g^2 Q2,98,16,55,0,-1,,,,h1^2 g^2 Q2,,,,
_D h1 d1 g^2,98,16,54,1,1,,,,_D h1^2 d1 g^2,,,,
_P^3 h1^2 h6 c0,98,17,50,1,0,,,,,,,,
h2^2 d1 g^3,98,18,58,0,-3,,,,,,h1^3 e1 g^3,,
_h1^4 g^2 i1,98,18,57,1,-1,,,,_h1^5 g^2 i1,,,,
D^3 h2^2 g,98,18,52,0,1,,,,,,D^3 h1^2 h3 g,,
D h1^2 d1 g^2,98,18,56,0,3,,,,,,,,
P h1^10 h6 e0,98,19,56,0,0,,,,P h1^11 h6 e0,,,,
h1^5 g^2 i1,98,20,59,0,0,,,,,,,,
h3 g3,99,5,52,0,0,,,,h1 h3 g3,,,,
h6 T,99,7,52,0,-2,,,,,,,,
"x99,7",99,7,52,0,0,,"h0 x99,7",,"h1 x99,7",,,,
M1 h2,99,7,53,0,2,,,,,,M1 h2^2,,
"h0 x99,7",99,8,52,0,0,,,,,,,,
D1 h2 g2,99,9,54,0,-1,,,,,,,,
"x99,9",99,9,53,0,1,,,,h0 h6 e0 g,,,,
"h2^2 x93,8",99,10,53,0,-1,,,,,,,,
"h1 h3 x91,8 + t D1 h0 h2 g2",99,10,53,0,1,,,,,,,,
_h1 d1 k1,99,11,54,1,0,,,,_h1^2 d1 k1,,,,
M D1 h1^2,99,12,54,0,0,,,,,,,,
h1^2 d1 k1,99,13,56,0,-3,,,,,,,,
_h1^2 e1^2 g,99,13,55,1,-1,,,,,,,,
D D1 h2 g,99,13,54,0,1,,,,,,D D1 h2^2 g,,
"_x98,14",99,13,52,1,3,,,,,,_t^2 g^2 B7,,
h1^5 h6 d0 e0,99,14,55,0,0,,,,,,,,
D B6 g,99,15,54,0,-1,,,,,,,,
g^2 j1,99,15,57,0,1,,,,h1 g^2 j1,,,,
D^2 M h2^2,99,16,52,0,-1,,,,,,,,
h1^2 g D4,99,16,57,0,1,,,,h1^3 g D4,,,,
h1 e1 g^3,99,17,58,0,-2,,,,h1^2 e1 g^3,,,,
h1^2 g^2 Q2,99,17,56,0,0,,,,h1^3 g^2 Q2,,,,
_D h1^2 d1 g^2,99,17,55,1,2,,,,_t^2 c1 g^4,,,,
M e0^2 g,99,18,56,0,0,,,,,,M h0 e0 g^2,,
_h1^5 g^2 i1,99,19,58,1,-1,,,h,t g^5 + h1^12 h6 c0 e0,,,,
c1 g^4,99,19,59,0,1,,,,,,h2 c1 g^4,,
P h1^11 h6 e0,99,20,57,0,0,,,,,,,,
_P^11 h1^2 c0,99,48,50,1,0,h,P^12 h2,,loc,,,,
P^12 h2,99,49,50,0,0,,P^12 h0 h2,,,,,,
P^12 h0 h2,99,50,50,0,0,,,,,,,,
h0 h4 c3,100,5,52,0,0,,,,,,,,
h1 h3 g3,100,6,53,0,-1,,,,,,,,
h6 x,100,6,52,0,1,,h0 h6 x,,,,,,
h0 h6 x,100,7,52,0,0,,h0^2 h6 x,,,,,,
"h1 x99,7",100,8,53,0,-1,,,,"h1^2 x99,7",,,,
h0^2 h6 x,100,8,52,0,1,,,,,,,,
h0 h6 e0 g,100,10,54,0,-1,,,,,,,,
_h1^2 h6 e0^2,100,10,53,1,1,,,h,g2 Q2,,,,
_h1^2 d1 k1,100,12,55,1,-2,,,,,,,,
M D1 h0 h2,100,12,54,0,0,,,,,,,,
D d1 g2,100,12,54,0,2,,,,,,,,
h2 H1 m,100,13,55,0,-1,,,,,,,,
"x100,13",100,13,52,0,1,,,,,,,,
_g^2 j1,100,14,56,1,0,,,,_h1 g^2 j1,h,g^2 C',4,M e0^2 g
h1 g^2 j1,100,16,58,0,-3,,,,h1^2 g^2 j1,,,,
P h1^4 h6 c0 e0,100,16,55,0,-1,,,,P h1^5 h6 c0 e0,,,,
_h1 e1 g^3,100,16,57,1,1,,,,_h1^2 e1 g^3,,,,
D^2 d1 g,100,16,54,0,3,,,,D^2 h1 d1 g,,,,
h1^3 g D4,100,17,58,0,0,,,,h1^4 g D4,,,,
h1^2 e1 g^3,100,18,59,0,-3,,,,h1^3 e1 g^3,,,,
D^3 h1 h3 g,100,18,53,0,-1,,,,D^3 h1^2 h3 g,,,,
h1^3 g^2 Q2,100,18,57,0,1,,,,h1^4 g^2 Q2,,,,
_t^2 c1 g^4,100,18,56,1,3,,,,,,,,
t g^5 + h1^12 h6 c0 e0,100,20,59,0,0,,,,t h1 g^5 + h1^13 h6 c0 e0,,,,
h0 g^5,100,21,60,0,0,,h0^2 g^5,,,,h0 h2 g^5,,
h0^2 g^5,100,22,60,0,0,,,,,,h0^2 h2 g^5,,
h2^2 h6 d1,101,7,54,0,-1,,,,,,,,
"x101,7",101,7,53,0,1,,,,,,,,
D h0 h3^2 h6,101,8,52,0,0,,,,,,,,
"h1^2 x99,7",101,9,54,0,-2,,,,,,,,
"h0 x101,8 + h2 h6 m",101,9,54,0,0,,,,,,,,
"h3 x94,8",101,9,53,0,2,,,,"h1 h3 x94,8 + t h2 x99,9",,,,
g2 Q2,101,11,54,0,0,,,,h1 g2 Q2,,,,
_t h2 H1 m + h1 h6 c0 d0^2,101,12,53,1,0,,,h,P h6 d0 e0,,_t^2 h1 g^2 H1,,
_h1^6 h6 d0 e0,101,14,55,1,-1,,,,,,,,
g^2 A',101,14,56,0,1,,,,,,h2 g^2 A',,
_h1 g^2 j1,101,15,57,1,-1,,,,_h1^2 g^2 j1,,,,
D^2 i1,101,15,54,0,1,,,,D^2 h1 i1,,,,
h1^2 g^2 j1,101,17,59,0,-4,,,,,,,,
P h1^5 h6 c0 e0,101,17,56,0,-2,,,,P h1^6 h6 c0 e0,,,,
D^2 M c0,101,17,53,0,0,,,,,,,,
_h1^2 e1 g^3,101,17,58,1,2,,,,_h1^3 e1 g^3,,,,
D^2 h1 d1 g,101,17,55,0,4,,,,D^2 h1^2 d1 g,,,,
h1^4 g D4,101,18,59,0,0,,,,h1^5 g D4,,,,
h1^3 e1 g^3,101,19,60,0,-2,,,,,,,,
D^3 h1^2 h3 g,101,19,54,0,0,,,,,,,,
h1^4 g^2 Q2,101,19,58,0,2,,,,h1^5 g^2 Q2,,,,
t h1 g^5 + h1^13 h6 c0 e0,101,21,60,0,-1,,,,h1^14 h6 c0 e0,,,,
_t h0^2 g^5,101,21,58,1,1,,,,,h,D h2^2 e0^2 g^2,,
_P^12 h1^4,101,51,51,1,0,,,,loc,,,,
h1 h6 e1,102,6,54,0,0,,,,h1^2 h6 e1,,,,
h6 c1 g,102,8,55,0,-1,,,,,,h2 h6 c1 g,,
M1 h2^2,102,8,55,0,1,,,,,,M1 h1^2 h3,,
"h1 h3 x94,8 + t h2 x99,9",102,10,54,0,-1,,,,,,,,
D h1 h6 d0,102,10,53,0,1,,,,,,,,
h0 g2 D2,102,11,54,0,-1,,,,,,,,
_t^2 c1 H1 g,102,11,53,1,1,,,h,"x103,12",,,,
h1 g2 Q2,102,12,55,0,-1,,,,,,,,
d1^2 e1,102,12,57,0,1,,,,,,,,
P h6 d0 e0,102,13,54,0,0,,,,P h1 h6 d0 e0,,,,
D D1 h2^2 g,102,14,56,0,-1,,,,,,D D1 h1^2 h3 g,,
_t^2 g^2 B7,102,14,54,1,1,,,,,,,,
_h1^2 g^2 j1,102,16,58,1,-3,,,,,,,,
D^2 h1 i1,102,16,55,0,-1,,,,D^2 h1^2 i1,,,,
_D^2 h1 d1 g,102,16,54,1,1,,,,_D^2 h1^2 d1 g,,,,
(De1+C0) g^2,102,16,57,0,3,,,,D h1 e1 g^2,,,,
P^2 h0 h6 i,102,17,52,0,-1,,,,,,,,
_h1^4 g D4,102,17,58,1,1,,,,_h1^5 g D4,,,,
P h1^6 h6 c0 e0,102,18,57,0,-2,,,,P h1^7 h6 c0 e0,,,,
_h1^3 e1 g^3,102,18,59,1,0,,,,,,,,
D^2 h1^2 d1 g,102,18,56,0,2,,,,,,,,
P^2 h1^6 h6 e0,102,19,56,0,-2,,,,P^2 h1^7 h6 e0,,,,
h1^5 g D4,102,19,60,0,0,,,,h1^6 g D4,,,,
M h0 e0 g^2,102,19,58,0,2,,,,,,M h0^2 g^3,,
h2 c1 g^4,102,20,61,0,-1,,,,,,,,
h1^5 g^2 Q2,102,20,59,0,1,,,,,,,,
h1^14 h6 c0 e0,102,22,61,0,0,,,,h0^2 h2 g^5,,,,
h6 f1,103,5,54,0,0,,,,h1 h6 f1,,,,
h1^2 h6 e1,103,7,55,0,-1,,,,,,,,
M1 h3,103,7,55,0,1,,,,M1 h1 h3,,,,
"h3 x96,8",103,9,54,0,-1,,,,,,,,
"_h1 h3 x94,8 + t h2 x99,9",103,9,53,1,1,,,,,,"_t h2^2 x99,9",,
"h1^2 x101,8",103,10,56,0,0,,,,,,,,
_t d1^2 e1,103,11,55,1,0,,,,,,,,
"x103,12",103,12,54,0,-2,,,,,,,,
M D1 h2^2,103,12,56,0,0,,,,,,,,
h6 d0 j,103,12,54,0,2,,,,,,h0 h6 d0 k,,
P h1 h6 d0 e0,103,14,55,0,0,,,,,,,,
_h1 g^2 B7,103,15,57,1,-3,,,,,,,,
D^2 B6,103,15,54,0,-1,,,,,,,,
D g j1,103,15,57,0,1,,,,D h1 g j1,,,,
g^2 C',103,15,58,0,3,,,,,,h2 g^2 C',4,M h0 e0 g^2
"h1^2 x101,14",103,16,57,0,0,,,,"h1^3 x101,14",,,,
D^2 h1^2 i1,103,17,56,0,-2,,,,D^2 h1^3 i1,,,,
_D^2 h1^2 d1 g,103,17,55,1,0,,,h,D^2 g T,,,,
D h1 e1 g^2,103,17,58,0,2,,,,D h1^2 e1 g^2,,,,
_h1^5 g D4,103,18,59,1,-1,,,,_h1^6 g D4,,,,
_t M h0 e0 g^2 + M^2 h1^4 c0,103,18,56,1,1,,,,,,_t M h0^2 g^3,,
P h1^7 h6 c0 e0,103,19,58,0,-1,,,,P h1^8 h6 c0 e0,,,,
_t h2 c1 g^4,103,19,59,1,1,,,,,,,,
P^2 h1^7 h6 e0,103,20,57,0,-1,,,,,,,,
h1^6 g D4,103,20,61,0,1,,,,h1^7 g D4,,,,
h2 g^5,103,21,62,0,0,,h0 h2 g^5,,,,h2^2 g^5,,
h0 h2 g^5,103,22,62,0,0,,h0^2 h2 g^5,,,,,,
h0^2 h2 g^5,103,23,62,0,0,,,,,,,,
P^10 h0^2 i,103,49,52,0,0,,P^10 h0^3 i,,,,,,
P^10 h0^3 i,103,50,52,0,0,,P^10 h0^4 i,,,,,,
P^10 h0^4 i,103,51,52,0,0,,P^10 h0^5 i,,,,,,
P^10 h0^5 i,103,52,52,0,0,,,,,,,,
h0 h6 c2,104,5,54,0,0,,,,,,,,
h1 h6 f1,104,6,55,0,0,,,,,,,,
M1 h1 h3,104,8,56,0,0,,,,M1 h1^2 h3,,,,
"h2 x101,8",104,9,56,0,0,,,,,,h1 g2 H1,,
D1 h3^2 e1,104,10,57,0,-2,,,,,,,,
D h0 h6 e0,104,10,54,0,0,,,,,,,,
_d1 l1,104,10,56,1,2,,,h,"h2^2 x99,9",,,,
"M D1 h3 + x104,11",104,11,56,0,0,,,,,,,,
"x104,12",104,12,54,0,-1,,,,,,,,
"y104,12",104,12,57,0,1,,,,,,,,
_t^2 h1 g^2 H1,104,13,55,1,-1,,,,,,,,
h2 c1 H1 g,104,13,58,0,1,,,,,,,,
D D1 h1 h3 g,104,14,57,0,-1,,,,D D1 h1^2 h3 g,,,,
_D g j1,104,14,56,1,1,,,,_D h1 g j1,,_t h2 g^2 C',4,_t M h0 e0 g^2 + M^2 h1^4 c0
h2 g^2 A',104,15,58,0,0,,,,,,t h1 g^2 G0,,
D h1 g j1,104,16,58,0,-4,,,,D h1^2 g j1,,,,
_t D^2 h2 d1 g,104,16,54,1,-2,,,h,D^3 h1 d1,,,,
D^2 h5 c0 e0 + _D^2 h1^2 i1,104,16,55,0,0,,,,D^2 h1 h5 c0 e0 + _D^2 h1^3 i1,,,,
_D h1 e1 g^2,104,16,57,1,2,,,,_D h1^2 e1 g^2,,,,
d1^2 g^2,104,16,60,0,4,,,,h1 d1^2 g^2,,h1^2 g d1 i1,,
"h1^3 x101,14",104,17,58,0,0,,,,"h1^4 x101,14",,,,
D^2 h1^3 i1,104,18,57,0,-3,,,,D^2 h1^4 i1,,,,
D^2 g T,104,18,56,0,-1,,,,,,,,
D h1^2 e1 g^2,104,18,59,0,1,,,,,,,,
D^4 h1 h3,104,18,53,0,3,,,,D^4 h1^2 h3,,,,
_h1^6 g D4,104,19,60,1,0,,,,_h1^7 g D4,,,,
P h1^8 h6 c0 e0,104,20,59,0,0,,,,P h1^9 h6 c0 e0,,,,
h1^7 g D4,104,21,62,0,-1,,,,h1^8 g D4,,,,
_t h0 h2 g^5,104,21,60,1,1,h,D h2^2 e0^2 g^2,,,h,D h2^2 e0 g^3,,
D h2^2 e0^2 g^2,104,22,60,0,0,,,,,,P h1^11 h6 c0 e0,,
P^12 c0,104,51,53,0,0,,,,loc,,,,
"x105,7",105,7,55,0,-1,,,,,,,,
_M1 h1 h3,105,7,55,1,1,,,,_M1 h1^2 h3,,,,
g2 D3,105,8,56,0,0,,,,,,,,
h2 h6 c1 g,105,9,57,0,-1,,,,,,,,
M1 h1^2 h3,105,9,57,0,1,,,,,,,,
g2 A',105,10,56,0,0,,,,,,,,
"h2^2 x99,9",105,11,57,0,0,,,,,,,,
M D1 c0,105,13,57,0,0,,,,M D1 h1 c0,,,,
_P h1^2 h6 d0 e0,105,14,55,1,-2,,,,,,,,
h2 g^2 H1,105,14,59,0,0,,,,,,h2^2 g^2 H1,,
_t h2 g^2 A',105,14,56,1,2,,,,,,_t^2 h1 g^2 G0,,
D D1 h1^2 h3 g,105,15,58,0,-3,,,,,,,,
g d1 i1,105,15,60,0,-1,,,,h1 g d1 i1,,,,
_D^2 h1 B6,105,15,54,1,1,,,,_D^2 h1^2 B6,,,,
_D h1 g j1,105,15,57,1,3,,,,_D h1^2 g j1,,,,
D h1^2 g j1,105,17,59,0,-5,,,,,,,,
"h1^3 y102,14",105,17,60,0,-3,,,,"h1^4 y102,14",,,,
D^3 h1 d1,105,17,55,0,-1,,,,D^3 h1^2 d1,,,,
D^2 h1 h5 c0 e0 + _D^2 h1^3 i1,105,17,56,0,1,,,,D^2 h1^2 h5 c0 e0 + _D^2 h1^4 i1,,,,
_D h1^2 e1 g^2,105,17,58,1,3,,,h,t B5 g^2,,,,
h1 d1^2 g^2,105,17,61,0,5,,,,h1^2 d1^2 g^2,,,,
"h1^4 x101,14",105,18,59,0,0,,,,"h1^5 x101,14",,,,
D^2 h1^4 i1,105,19,58,0,-2,,,,D^2 h1^5 i1,,,,
D^4 h1^2 h3,105,19,54,0,0,,,,,,,,
M h0 g^3,105,19,60,0,2,,M h0^2 g^3,,,,M h0 h2 g^3,,
_h1^7 g D4,105,20,61,1,-1,,,,_h1^8 g D4,,,,
M h0^2 g^3,105,20,60,0,1,,,,,,,,
P h1^9 h6 c0 e0,105,21,60,0,-1,,,,P h1^10 h6 c0 e0,,,,
D^2 h0 e0 g^2,105,21,58,0,1,,,,,,D^2 h0^2 g^3,,
h1^8 g D4,105,22,63,0,0,,,,,,,,
P^13 h1,105,53,53,0,0,,,,loc,,,,
C1,106,6,56,0,0,,,,,,,,
_M1 h1^2 h3,106,8,56,1,-2,,,,,,,,
"h3 x99,7",106,8,56,0,0,,"h0 h3 x99,7",,,,,,
_t h2 h6 c1 g,106,8,55,1,2,,,,,,,,
"h0 h3 x99,7",106,9,56,0,0,,,,,,,,
"_t h2^2 x99,9",106,10,55,1,-1,,,,,,,,
"h3 x99,9",106,10,57,0,1,,,,,,,,
D e1 g2,106,12,57,0,0,,,,,,,,
h0 h6 d0 k,106,13,56,0,0,,,,,,,,
_g d1 i1,106,14,59,1,-2,,,,_h1 g d1 i1,,,,
M D1 h1 c0,106,14,58,0,0,,,,,,,,
i1^2,106,14,60,0,2,,,,h1 i1^2,,,,
D^2 h0 D2,106,15,54,0,0,,,,,,,,
h2 g^2 C',106,16,60,0,-5,,,,,,h0 h2 g^2 G0,4,M h0^2 g^3
h1 g d1 i1,106,16,61,0,-3,,,,h1^2 g d1 i1,,,,
_D^2 h1^2 B6,106,16,55,1,-1,,,,_t^3 B5 g^2,,,,
_D h1^2 g j1,106,16,58,1,1,,,,,,,,
_h1 d1^2 g^2,106,16,60,1,3,,,,_h1^2 d1^2 g^2,,,,
D^2 e1 g + _t h2 g^2 C0,106,16,57,0,5,,,,D^2 h1 e1 g,,D^2 h1^2 j1,,
"_h1^4 x101,14",106,17,58,1,0,,,,"_h1^5 x101,14",,,,
"h1^4 y102,14",106,18,61,0,-4,,,,"h1^5 y102,14",,,,
D^3 h1^2 d1,106,18,56,0,-2,,,,,,,,
D^2 h1^2 h5 c0 e0 + _D^2 h1^4 i1,106,18,57,0,0,,,,D^2 h1^3 h5 c0 e0 + _D^2 h1^5 i1,,,,
t B5 g^2,106,18,59,0,2,,,,,,,,
h1^2 d1^2 g^2,106,18,62,0,4,,,,,,,,
P^3 h1^2 h6 e0,106,19,56,0,-2,,,,P^3 h1^3 h6 e0,,,,
"h1^5 x101,14",106,19,60,0,0,,,,"h1^6 x101,14",,,,
_t M h0^2 g^3,106,19,58,1,2,,,,,h,M D h2^2 e0^2,,
D^2 h1^5 i1,106,20,59,0,0,,,,,,,,
_h1^8 g D4,106,21,62,1,0,,,,,,,,
h2^2 g^5,106,22,64,0,-1,,,,,,h1^2 h3 g^5,,
P h1^10 h6 c0 e0,106,22,61,0,1,,,,P h1^11 h6 c0 e0,,,,
h4 g3,107,5,56,0,0,,h0 h4 g3,,h1 h4 g3,,h2 h4 g3,4,"h0 h3 x99,7"
h0 h4 g3,107,6,56,0,0,,h0^2 h4 g3,,,,,,
h0^2 h4 g3,107,7,56,0,-1,,,,,,,,
"x107,7",107,7,56,0,1,,,,,,,,
D h6 g,107,9,56,0,0,,D h0 h6 g,,D h1 h6 g,,D h2 h6 g,,
h1 g2 H1,107,10,58,0,-1,,,,,,,,
D h0 h6 g,107,10,56,0,1,,,,,,,,
"x107,12",107,12,56,0,0,,,,,,,,
D1 h1^2 i1,107,13,60,0,-3,,,,D1 h1^3 i1,,,,
_i1^2,107,13,59,1,-1,,,,_h1 i1^2,,,,
"x107,13",107,13,57,0,1,,,,,,,,
D1 h2 g d1,107,13,60,0,3,,,,,,D1 h2^2 d1 g,,
_t h2 g^2 C',107,15,58,1,-5,,,,,,_t h0 h2 g^2 G0,4,_t M h0^2 g^3
_h1 g d1 i1,107,15,60,1,-3,,,,_h1^2 g d1 i1,,,,
D^2 j1,107,15,57,0,-1,,,,D^2 h1 j1,,,,
B6 d1 g,107,15,60,0,1,,,,,,,,
h1 i1^2,107,15,61,0,3,,,,h1^2 i1^2,,,,
_D h3 B6 g,107,15,57,1,5,,,,,,,,
t h1 g^2 G0,107,16,60,0,-1,,,,,,,,
D^2 h1^2 D4,107,16,57,0,1,,,,D^2 h1^3 D4,,,,
h1^2 g d1 i1,107,17,62,0,-4,,,,,,,,
_D^3 h1^2 d1,107,17,55,1,-2,,,,_t^2 D^2 c1 g^2,,,,
_t^3 B5 g^2,107,17,56,1,0,,,h,D^2 h1^3 Q2,,,,
_h1^2 d1^2 g^2,107,17,61,1,2,,,,,,,,
D^2 h1 e1 g,107,17,58,0,4,,,,D^2 h1^2 e1 g,,,,
"_h1^5 x101,14",107,18,59,1,-1,,,,"_h1^6 x101,14",,,,
M D^2 d0,107,18,56,0,1,,,,,,M D^2 h0 e0,,
"h1^5 y102,14",107,19,62,0,-2,,,,,,,,
D^2 h1^3 h5 c0 e0 + _D^2 h1^5 i1,107,19,58,0,0,,,,D^2 h1^4 h5 c0 e0 + t D^2 g^3,,,,
D^2 c1 g^2,107,19,59,0,2,,,,,,,,
P^3 h1^3 h6 e0,107,20,57,0,-1,,,,,,,,
"h1^6 x101,14",107,20,61,0,1,,,,"h1^7 x101,14",,,,
_t h2^2 g^5,107,21,62,1,0,h,D h2^2 e0 g^3,,,h,D h2^2 g^4,,
D h2^2 e0 g^3,107,22,62,0,0,,P h1^11 h6 c0 e0,,,,"h1^9 x101,14",,
P h1^11 h6 c0 e0,107,23,62,0,0,,,,,,,,
_P^12 h1^2 c0,107,52,54,1,0,h,P^13 h2,,loc,,,,
P^13 h2,107,53,54,0,0,,P^13 h0 h2,,,,,,
P^13 h0 h2,107,54,54,0,0,,,,,,,,
h1 h4 g3,108,6,57,0,0,,,,h1^2 h4 g3,,,,
"x108,7",108,7,57,0,0,,,,,,,,
D h1 h6 g,108,10,57,0,-1,,,,,,,,
"h0 h3 x101,8",108,10,58,0,1,,,,,,,,
"x108,11",108,11,57,0,0,,,,,,,4,_D h3 B6 g
d1^2 g2,108,12,60,0,-2,,,,,,,,
_t D1 h2 g d1,108,12,58,1,0,,,h,"y109,13",,,,
_D1 h1^2 i1,108,12,59,1,2,,,,_D1 h1^3 i1,,,,
_D^2 j1,108,14,56,1,-5,,,,_D^2 h1 j1,,,4,M D^2 d0
D1 h1^3 i1,108,14,61,0,-3,,,,D1 h1^4 i1,,,,
_B6 d1 g,108,14,59,1,-1,,,,_B6 h1 d1 g,,,,
_h1 i1^2,108,14,60,1,1,,,,_h1^2 i1^2,,,,
D^2 D1 h1 h3,108,14,57,0,3,,,,D^2 D1 h1^2 h3,,,,
"x108,14",108,14,57,0,5,,,,"h1 x108,14",,,,
h2^2 g^2 H1,108,15,61,0,-1,,,,,,,,
_t^2 h1 g^2 G0,108,15,58,1,1,,,,,,,,
_h1^2 g d1 i1,108,16,61,1,-5,,,h,h0 h2 g^2 G0,,,,
D^2 h1 j1,108,16,58,0,-3,,,,D^2 h1^2 j1,,,,
h1^2 i1^2,108,16,62,0,-1,,,,h1^3 i1^2,,,,
D g^2 g2,108,16,60,0,1,,,,D^2 h1 g^2 g2,,,,
_D^2 h1 e1 g,108,16,57,1,3,,,,_D^2 h1^2 e1 g,,,,
_D^2 h1^2 Q2,108,16,55,1,5,,,,_D^2 h1^3 Q2,,,,
D^2 h1^3 D4,108,17,58,0,0,,,,D^2 h1^4 D4,,,,
_t^2 D^2 c1 g^2,108,18,56,1,-2,,,,,,,,
D^2 h1^3 Q2,108,18,57,0,0,,,,D^2 h1^4 Q2,,,,
D^2 h1^2 e1 g,108,18,59,0,2,,,,,,,,
M h2 g^3,108,19,62,0,-1,,M h0 h2 g^3,,,,,,
"_h1^6 x101,14",108,19,60,1,1,,,,"_h1^7 x101,14",,,,
M h0 h2 g^3,108,20,62,0,-1,,,,,,,,
D^2 h1^4 h5 c0 e0 + t D^2 g^3,108,20,59,0,1,,,,D^2 h1^5 h5 c0 e0 + t D^2 h1 g^3,,,,
D^2 h0 g^3,108,21,60,0,-1,,D^2 h0^2 g^3,,,,,,
"h1^7 x101,14",108,21,62,0,1,,,,"h1^8 x101,14",,,,
D^2 h0^2 g^3,108,22,60,0,-1,,,,,,,,
h1 h3 g^5,108,22,65,0,1,,,,h1^2 h3 g^5,,,,
DD11,109,5,57,0,0,,,,,,,,
h1^2 h4 g3,109,7,58,0,0,,,,,,,,
M h1 h6,109,8,57,0,0,,,,M h1^2 h6,,,,
"h1 h3 x101,8",109,10,59,0,-1,,,,,,,,
"x109,10",109,10,58,0,1,,,,,,,,
e1 l1,109,11,60,0,-1,,,,,,,,
_t d1^2 g2,109,11,58,1,1,,,h,"x110,12",,,,
"x109,12",109,12,57,0,0,,,,"h1 x109,12",,,2?,D^2 D1 h1 h3
"x109,12 again",109,12,57,0,0,,,,,,,2?,"x108,14"
"y109,13",109,13,59,0,-2,,,,"h1 y109,13",,,,
_D1 h1^3 i1,109,13,60,1,0,,,,_D1 h1^4 i1,,,,
"x109,13",109,13,57,0,2,,,,,,,,
_t h2^2 g^2 H1,109,14,59,1,-1,,,,,,,,
D^2 A',109,14,56,0,1,,,,,,,,
_D^2 h1 j1,109,15,57,1,-5,,,,_D^2 h1^2 j1,,,,
D1 h1^4 i1,109,15,62,0,-3,,,,D1 h1^5 i1,,,,
_B6 h1 d1 g,109,15,60,1,-1,,,,_B6 h1^2 d1 g,,,,
_h1^2 i1^2,109,15,61,1,1,,,,_h1^3 i1^2,,,,
D^2 D1 h1^2 h3,109,15,58,0,3,,,,,,,,
"h1 x108,14",109,15,58,0,5,,,,,,,,
h0 h2 g^2 G0,109,17,62,0,-6,,,,,,,,
D^2 h1^2 j1,109,17,59,0,-4,,,,,,,,
"h1^3 x106,14",109,17,60,0,-2,,,,"h1^4 x106,14",,,,
h1^3 i1^2,109,17,63,0,0,,,,h1^4 i1^2,,,,
D^2 h1 g^2 g2,109,17,61,0,2,,,,D^2 h1^2 g^2 g2,,,,
_D^2 h1^2 e1 g,109,17,58,1,4,,,,_t^2 h2 B5 g^2,,,,
_D^2 h1^3 Q2,109,17,56,1,6,,,,_D^2 h1^4 Q2,,,,
D^2 h1^4 D4,109,18,59,0,-2,,,,D^2 h1^5 D4,,,,
M D1 P h1^4,109,18,60,0,0,,,,,,,,
"h1^6 x103,12",109,18,60,0,2,,,,,,,,
_t M h0 h2 g^3,109,19,60,1,-1,h,M D h2^2 e0^2,,,,,,
D^2 h1^4 Q2,109,19,58,0,1,,,,D^2 h1^5 Q2,,,,
M D h2^2 e0^2,109,20,60,0,-1,,,,,,,,
"_h1^7 x101,14",109,20,61,1,1,,,,"_h1^8 x101,14",,,,
D^2 h1^5 h5 c0 e0 + t D^2 h1 g^3,109,21,60,0,-1,,,,D^2 h1^6 h5 c0 e0,,,,
M^2 P^2 h2,109,21,58,0,1,,,,,,,,
"h1^8 x101,14",109,22,63,0,0,,,,"h1^9 x101,14",,,,
h1^2 h3 g^5,109,23,66,0,0,,,,,,,,
_P^13 h1^4,109,55,55,1,0,,,,loc,,,,
h2 h4 g3,110,6,58,0,0,,,,,,,,
M1 h3^2,110,8,59,0,0,,,,,,,,
M h1^2 h6,110,9,58,0,0,,,,,,,,
D h2 h6 g,110,10,58,0,-2,,,,,,,,
D1 h3^2 g2,110,10,60,0,0,,,,,,,,
_e1 l1,110,10,59,1,2,,,,,,,,
"x110,12",110,12,59,0,-3,,,,,,,,
"y110,12",110,12,60,0,-1,,,,,,,,
_D1 x g,110,12,59,1,1,,,,,,,,
"_y109,13",110,12,58,1,3,,,,,,,,
"h1 x109,12",110,13,58,0,0,,,,,,,2?,D^2 D1 h1^2 h3
"h1 x109,12 again",110,13,58,0,0,,,,,,,2?,"h1 x108,14"
D1 h2^2 d1 g,110,14,62,0,-4,,,,,,,,
"h1 y109,13",110,14,60,0,-2,,,,,,,,
"x110,14",110,14,60,0,0,,,,,,,,
_h1 d1 g Q2,110,14,59,1,2,,,,,,,,
_D1 h1^4 i1,110,14,61,1,4,,,,,,,,
h1^2 h6 d0^2 e0,110,15,60,0,-1,,,,,,,3?,M D1 P h1^4
D h1^6 h6 e0,110,15,60,0,1,,,,,,,3?,"h1^6 x103,12"
_t h0 h2 g^2 G0,110,16,60,1,-8,,,,,,,4,M D h2^2 e0^2
d1 e1 g^2,110,16,63,0,-6,,,,,,,,
_D^2 h1^2 j1,110,16,58,1,-4,,,,,,,,
D1 h1^5 i1,110,16,63,0,-2,,,,,,,,
_B6 h1^2 d1 g,110,16,61,1,0,,,,,,,,
M^2 g,110,16,60,0,2,,,,,,,2?,M D1 P h1^4
M^2 g again,110,16,60,0,2,,,,,,,2?,"h1^6 x103,12"
D^3 e1 + D^2 C0,110,16,57,0,4,,,,,,,,
_h1^3 i1^2,110,16,62,1,6,,,,,,,,
_D^2 h1 g^2 g2,110,16,60,1,8,,,,,,,,
_D^2 h1^4 D4,110,17,58,1,-1,,,,,,,,
D h0^5 h6 i,110,17,56,0,1,,,,,,,,
h2 g^2 C'',110,18,63,0,-5,,,,,,,4,"h1^8 x101,14"
"h1^4 x106,14",110,18,61,0,-3,,,,,,,,
h1^4 i1^2,110,18,64,0,-1,,,,,,,,
D^2 h1^2 g^2 g2,110,18,62,0,1,,,,,,,,
_t^2 h2 B5 g^2,110,18,59,1,3,,,,,,,,
_D^2 h1^4 Q2,110,18,57,1,5,,,,,,,,
M D^2 h0 e0,110,19,58,0,-2,,,,,,,,
D^2 h1^5 D4,110,19,60,0,0,,,,,,,,
_t M D^2 h1^2 d0,110,19,56,1,2,,,,,,,,
D^2 h1^5 Q2,110,20,59,0,0,,,,,,,,
"_h1^8 x101,14",110,21,62,1,0,,,,,,,,
D h2^2 g^4,110,22,64,0,-1,,"h1^9 x101,14",,,,,,
D^2 h1^6 h5 c0 e0,110,22,61,0,1,,,,,,,,
"h1^9 x101,14",110,23,64,0,0,,,,,,,,