index,stem,Adams-Novikov filtration,order,shift,h1info,h1target,h2info,h2target,drinfo,drtarget
h2^2,6,2,1,0,,,,h1^2 h3,,
h1 h3,8,2,1,0,,h1^2 h3,,,,
h1^2 h3,9,3,1,0,,,,,,
h3^2,14,2,1,-1,,,,,,
d0,14,2,1,1,,h1 d0,,h0 e0,,
h1 d0,15,3,1,0,,,,,,
h1 h4,16,2,1,0,,h1^2 h4,,,,
h0 e0,17,3,1,-1,,,1,h0 g,,
h1^2 h4,17,3,1,1,,h1^3 h4,,,,
h2 h4,18,2,2,0,,,,h2^2 h4,,
h1^3 h4,18,4,1,0,,,,,,
c1,19,3,1,0,,,,h2 c1,,
t g,20,2,1,0,,t h1 g,,,,
h0 g,20,4,2,0,,,1,h2 g,,
h2^2 h4,21,3,1,-1,,,,,,
t h1 g,21,3,1,1,,c0 d0,,,,
c0 d0,22,4,1,-1,2,h2 g,,,,
h2 c1,22,4,1,1,,,,h1^2 h4 c0,,
h4 c0,23,3,1,0,,h1 h4 c0,,,,
h2 g,23,5,3,0,,,,h2^2 g,,
h1 h4 c0,24,4,1,0,,h1^2 h4 c0,,,,
h1^2 h4 c0,25,5,1,0,,,,,,
_h1^2 h4 c0,26,2,1,0,,,,,3,h1^2 h4 c0
h2^2 g,26,6,1,0,,,,h1^2 h3 g,,
h1 h3 g,28,6,1,0,,h1^2 h3 g,,,,
h1^2 h3 g,29,7,1,0,,,,,,
h4^2,30,2,1,-1,,h1 h4^2,,p,,
r,30,2,1,1,,,,h1 q,,
h1 h4^2,31,3,1,-1,,,,,,
n,31,3,1,1,,,,h2 n,,
q,32,2,1,-1,,h1 q,,,,
h1 h5,32,2,1,1,,h1^2 h5,,,,
d1,32,4,1,0,,h1 d1,,h2 d1,,
p,33,3,1,-2,,,,,,
h1 q,33,3,1,0,,,,,,
h1^2 h5,33,3,1,2,,h1^3 h5,,,,
h1 d1,33,5,1,0,,h1^2 d1,,,,
h2 h5,34,2,2,0,,_h1^2 d1,,h2^2 h5,3,h1 d1
h2 n,34,4,1,-1,,,,,,
h1^3 h5,34,4,1,1,,h1^4 h5,,,,
h1^2 d1,34,6,1,-1,,,,,,
e0^2,34,6,1,1,,h1 e0^2,,h0 e0 g,,
_h1^2 d1,35,3,1,0,,T,,,3,h1^2 d1
h2 d1,35,5,1,-1,,,,h2^2 d1,,
h1^4 h5,35,5,1,1,,h1^5 h5,,,,
h1 e0^2,35,7,1,0,,,,,,
_h1^4 h5,36,2,1,0,,_h1^5 h5,,,3,h1^4 h5
T,36,4,1,0,,,,,,
h1^5 h5,36,6,1,0,,h1^6 h5,,,,
x,37,3,1,-2,,,,,,
_h1^5 h5,37,3,1,0,,_h1^6 h5,,,3,h1^5 h5
h2^2 h5,37,3,1,2,,,,h1^2 h3 h5,,
h0 e0 g,37,7,1,-1,,,1,h0 g^2,,
h1^6 h5,37,7,1,1,,h1^7 h5,,,,
h0^2 h3 h5,38,2,2,-1,,,,,,
h0 y,38,2,1,1,,u,,_t h0^2 g^2,,
_h1^6 h5,38,4,1,0,,_h1^7 h5,,,3,h1^6 h5
h2^2 d1,38,6,1,0,,,,h1^3 e1,,
h1^7 h5,38,8,1,0,,,,,,
u,39,3,1,-2,,,,,,
h1 h3 h5,39,3,1,0,,h1^2 h3 h5,,,,
h5 c0,39,3,1,2,,h1 h5 c0,,,,
h1 e1,39,5,1,-1,,h1^2 e1,,,,
_h1^7 h5,39,5,1,1,,t g^2,,,3,h1^7 h5
c1 g,39,7,1,0,,,,h2 c1 g,,
P h1 h5,40,2,1,0,,P h1^2 h5,,,,
h1^2 h3 h5,40,4,1,-2,,,,,,
h1 h5 c0,40,4,1,0,,h1^2 h5 c0,,,,
f1,40,4,1,2,,h1 f1,,,,
h1^2 e1,40,6,1,-1,,h1^3 e1,,,,
t g^2,40,6,1,1,,t h1 g^2,,,,
h0 g^2,40,8,2,0,,,1,h2 g^2,,
h0 c2,41,3,1,-2,,_h1^3 e1,,,3,h1^2 e1
_t h0^2 g^2,41,3,1,0,,,1,_t h0 h2 g^2,,
P h1^2 h5,41,3,1,2,,P h1^3 h5,,,,
h1^2 h5 c0,41,5,1,-1,,h1^3 h5 c0,,,,
h1 f1,41,5,1,1,,,,,,
h1^3 e1,41,7,1,-1,,,,,,
t h1 g^2,41,7,1,1,,c0 e0^2,,,,
_h1^2 h5 c0,42,2,3,0,,_h1^3 h5 c0,2,h3^2 h5,3,h1^2 h5 c0
_h1^3 e1,42,4,1,-1,,,,,3,h1^3 e1
P h1^3 h5,42,4,1,1,,,,,,
h1^3 h5 c0,42,6,1,0,,h1^4 h5 c0,,,,
h2 c1 g,42,8,1,-1,,,,h1^6 h5 c0,,
c0 e0^2,42,8,1,1,2,h2 g^2,,,,
_h1^3 h5 c0,43,3,1,-1,,_h1^4 h5 c0,,,3,h1^3 h5 c0
_t h2 c1 g,43,3,1,1,,,,,,
h1^4 h5 c0,43,7,1,0,,h1^5 h5 c0,,,,
h2 g^2,43,9,3,0,,,,h2^2 g^2,,
_t^2 h2 g^2,44,2,1,0,,t w,,,,
_h1^4 h5 c0,44,4,1,-2,,_h1^5 h5 c0,,,3,h1^4 h5 c0
g2,44,4,3,0,,h1 g2,,h2 g2,,
_t h0 h2 g^2,44,4,2,2,,,1,_t h2^2 g^2,,
h1^5 h5 c0,44,8,1,0,,h1^6 h5 c0,,,,
t w,45,3,1,-2,,u',,,,
h5 d0,45,3,1,0,,h1 h5 d0,,h0 h5 e0,,
h3^2 h5,45,3,4,2,,B1,,B2,,
_h1^5 h5 c0,45,5,1,-1,,_h1^6 h5 c0,,,3,h1^5 h5 c0
h1 g2,45,5,1,1,,h1^2 g2,,,,
h1^6 h5 c0,45,9,1,0,,,,,,
u',46,4,1,-2,2,_t h2^2 g^2,,,,
h1 h5 d0,46,4,1,0,,,,,,
B1,46,4,1,2,,h1 B1,,,,
_h1^6 h5 c0,46,6,1,-1,,,,,3,h1^6 h5 c0
h1^2 g2,46,6,1,1,,,,,,
h2^2 g^2,46,10,1,0,,,,h1^2 h3 g^2,,
P h5 c0,47,3,1,0,,P h1 h5 c0,,,,
h2 g2,47,5,1,-2,,,,,,
_t h2^2 g^2,47,5,3,0,,,,g r,,
h1 B1,47,5,1,2,,,,,,
h0 h5 e0,48,4,1,-2,,,,,,
B2,48,4,2,0,,,,h2 B2,,
P h1 h5 c0,48,4,1,2,,,,,,
h1 h3 g^2,48,10,1,0,,h1^2 h3 g^2,,,,
h1^2 h3 g^2,49,11,1,0,,,,,,
_P h1^2 h5 c0,50,2,1,0,,,,,,
h5 c1,50,4,1,0,,,,h2 h5 c1,,
g r,50,6,1,0,,,,h1^2 G3,,
h2 B2,51,5,1,-1,,,,,,
h3 g2,51,5,2,1,,h1 h3 g2,,,,
g n,51,7,1,0,,,,h2 g n,,
h1 h3 g2,52,6,1,-1,,,,,,
h1 G3,52,6,1,1,,h1^2 G3,,,,
d1 g,52,8,1,0,,h1 d1 g,,h2 d1 g,,
h2 h5 c1,53,5,1,-1,,,,,,
B8,53,5,1,1,,,,,,
h1^2 G3,53,7,1,-1,,,,,,
i1,53,7,1,1,,h1 i1,,g T,,
h1 d1 g,53,9,1,0,,h1^2 d1 g,,,,
h0 h5 i,54,2,1,0,,,,h1 Q1,,
_h1 d1 g,54,6,1,0,,_h1^2 d1 g,,,3,h1 d1 g
h2 g n,54,8,1,-1,,,,,,
h1 i1,54,8,1,1,,h1^2 i1,,,,
h1^2 d1 g,54,10,1,-1,,,,,,
h1^6 h5 e0,54,10,1,1,,h1^7 h5 e0,,h2 e0^2 g,,
B6,55,5,1,0,,,,,3,h2 g n
_h1^2 d1 g,55,7,1,0,,g T,,,3,h1^2 d1 g
h2 d1 g,55,9,1,-1,,,,h2^2 d1 g,,
h1^2 i1,55,9,1,1,,h1^3 i1,,,,
h1^7 h5 e0,55,11,1,0,,,,,,
Q1,56,2,1,0,,h1 Q1,,,,
_t h2 d1 g,56,4,1,0,,D11,,,,
_h1^2 i1,56,6,1,0,,_h1^3 i1,,,3,h1^2 i1
g T,56,8,1,0,,,,,,
h1^3 i1,56,10,1,0,,h1^4 i1,,,,
h1 Q1,57,3,1,-1,,,,,,
Q2,57,3,1,1,,h1 Q2,,_t^2 c1 g^2,,
D11,57,5,1,0,,h1 D11,,,,
_h1^3 i1,57,7,1,0,,_h1^4 i1,,,3,h1^3 i1
h2 e0^2 g,57,11,1,-1,,,1,h0 g^3,,
h1^4 i1,57,11,1,1,,h1^5 i1,,,,
h0 D2,58,2,1,0,,_h1 D11,,,3,D11
h1 Q2,58,4,1,0,,h1^2 Q2,,,,
h1 D11,58,6,1,-2,,,,,,
h3^2 g2,58,6,1,0,,,,,,
P h1^2 h5 e0,58,6,1,2,,P h1^3 h5 e0,,_t h0^2 g^3,,
_h1^4 i1,58,8,1,0,,_h1^5 i1,,,3,h1^4 i1
h2^2 d1 g,58,10,1,0,,,,h1^3 e1 g,,
h1^5 i1,58,12,1,0,,,,,,
_h1 D11,59,3,1,-1,,_t^2 c1 g^2,,,3,h1 D11
_h3^2 g2,59,3,1,1,,,,h5 n,3,h3^2 g2
h1^2 Q2,59,5,1,0,,h1^3 Q2,,,,
P h1^3 h5 e0,59,7,1,-2,,,,,,
j1,59,7,1,0,,h1 j1,,,,
h1^2 D4 + j1,59,7,1,2,,h1^3 D4 + h1 j1,,_h1^3 e1 g,3,h2^2 d1 g
h1 e1 g,59,9,1,-1,,h1^2 e1 g,,,,
_h1^5 i1,59,9,1,1,,t g^3,,,3,h1^5 i1
c1 g^2,59,11,1,0,,,,h2 c1 g^2,,
_h1^2 Q2,60,2,1,0,,_h1^3 Q2,,,3,h1^2 Q2
_t^2 c1 g^2,60,4,1,0,,,,,,
_h1 e1 g,60,6,1,-1,,_h1^2 e1 g,,,3,h1 e1 g
h1^3 Q2,60,6,1,1,,h1^4 Q2,,,,
h1 j1,60,8,1,-1,,h1^2 j1,,,,
h1^3 D4 + h1 j1,60,8,1,1,,h1^4 D4 + h1^2 j1,,,,
h1^2 e1 g,60,10,1,-1,,h1^3 e1 g,,,,
t g^3,60,10,1,1,,t h1 g^3,,,,
h0 g^3,60,12,2,0,,,1,h2 g^3,,
_h1^3 Q2,61,3,1,-1,,_h1^4 Q2,,,3,h1^3 Q2
A',61,3,1,1,,E1,,h2 A',,
_h1 j1,61,5,1,0,,_h1^2 j1,,h1^2 E1,3,h1 j1
_h1^2 e1 g,61,7,1,-2,,_h1^3 e1 g,,,3,h1^2 e1 g
h1^4 Q2,61,7,1,0,,h1^5 Q2,,,,
_t h0^2 g^3,61,7,1,2,,,1,_t h0 h2 g^3,,
h1^2 j1,61,9,1,-1,,,,,,
h1^4 D4 + h1^2 j1,61,9,1,1,,h1^5 D4,,,,
h1^3 e1 g,61,11,1,-1,,,,,,
t h1 g^3,61,11,1,1,,,,h1^6 h5 c0 e0,,
R,62,2,1,-2,,,,,,
_t h1^2 B21,62,2,1,0,,_t h1^3 B21,,P h5 j,,
h5^2,62,2,1,2,,h1 h5^2,,h2 h5^2,,
h5 n,62,4,1,-2,,,,,,
_h1^4 Q2,62,4,1,0,,_h1^5 Q2,,,3,h1^4 Q2
E1,62,4,1,2,,h1 E1,,,,
_h1^2 j1,62,6,1,-1,,_h1^5 D4,,,3,h1^2 j1
_h1^4 D4,62,6,1,1,,_t h2 c1 g^2,1,h1^2 X2,3,h1^4 D4 + h1^2 j1
_h1^3 e1 g,62,8,1,-1,,,,,3,h1^3 e1 g
h1^5 Q2,62,8,1,1,,,,,,
h1^5 D4,62,10,1,0,,h1^6 D4,,,,
h1^6 h5 c0 e0,62,12,1,-1,2,h2 g^3,,,,
h2 c1 g^2,62,12,1,1,,,,h1^8 D4,,
_t h1^3 B21,63,3,1,-3,,,,,,
_h1 B7,63,3,1,-1,,h3 Q2,,,,
h1 h5^2,63,3,1,1,,h1^2 h5^2,,,,
_h1^2 B3,63,3,1,3,,_h1^3 B3,,t B5,,
_h1^5 Q2,63,5,1,-1,,_t^2 h2 g^3,,,3,h1^5 Q2
h1 E1,63,5,1,1,,h1^2 E1,,,,
_h1^5 D4,63,7,1,-1,,_h1^6 D4,,,3,h1^5 D4
_t h2 c1 g^2,63,7,1,1,,,,,,
h1^6 D4,63,11,1,0,,h1^7 D4,,,,
h2 g^3,63,13,3,0,,,,h2^2 g^3,,
q1,64,2,1,-1,,h1 q1,,,,
h1 h6,64,2,1,1,,h1^2 h6,,,,
h3 Q2,64,4,1,-4,,h1 h3 Q2,,,,
h1^2 h5^2,64,4,1,-2,,h1^3 h5^2,,,,
_h1^3 B3,64,4,1,0,,c0 Q2,,,,
h2 A',64,4,1,2,,,,t h1 G0,,
h2 D3,64,4,1,4,,,,h0 n1,,
_t^2 h2 g^3,64,6,1,-1,,t g w,,,,
h1^2 E1,64,6,1,1,,,,,,
_h1^6 D4,64,8,1,-2,,_h1^7 D4,,,3,h1^6 D4
_t h0 h2 g^3,64,8,2,0,,,1,_t h2^2 g^3,,
d1^2,64,8,1,2,,h1 d1^2,,h1^4 X2,,
h1^7 D4,64,12,1,0,,h1^8 D4,,,,
h0 h3 D2,65,3,1,-4,,t B5,,,3,h1^2 E1
P h5 j,65,3,1,-2,,,1,h0^4 G21,,
h2 h5^2,65,3,1,0,,,,t h1 Q3,,
h1 q1,65,3,1,2,,h1^2 q1,,,,
h1^2 h6,65,3,1,4,,h1^3 h6,,,,
h1 h3 Q2,65,5,1,-3,,,,,,
h1^3 h5^2,65,5,1,-1,,,,,,
c0 Q2,65,5,1,1,,h1 c0 Q2,,,,
h2 H1,65,5,1,3,,_h1 d1^2,,h2^2 H1,3,d1^2
t g w,65,7,1,-2,,h1^5 X1,,,,
k1,65,7,1,0,,h1 k1,,,,
h1^2 X2,65,7,2,2,,h1^3 X2,,h2 B23,,
_h1^7 D4,65,9,1,-1,,_h1^8 D4,,,3,h1^7 D4
h1 d1^2,65,9,1,1,,h1^2 d1^2,,,,
h1^8 D4,65,13,1,0,,,,,,
h0 h2 h6,66,2,1,-1,,t Q3,,,3,h1^3 h5^2
_c0 Q2,66,2,3,1,,_h1 c0 Q2,1,_h1 X3,3,c0 Q2
t B5,66,4,1,-2,,,,,,
h1^2 q1,66,4,1,0,,,,,,
h1^3 h6,66,4,1,2,,h1^4 h6,,,,
h1 c0 Q2,66,6,1,-2,,h1^2 c0 Q2,,,,
_h1 d1^2,66,6,1,0,,_h1^2 d1^2,,,3,h1 d1^2
D1 h3^2,66,6,1,2,,h1 . D1 h3^2,,h0 h2 G0,,
h1^5 X1,66,8,1,-2,2,_t h2^2 g^3,,,,
h1 k1,66,8,1,0,,h1^2 k1,,,,
h1^3 X2,66,8,1,2,,h1^4 X2,,,,
_h1^8 D4,66,10,1,-1,,,,,3,h1^8 D4
h1^2 d1^2,66,10,1,1,,,,,,
h2^2 g^3,66,14,1,0,,,,h1^2 h3 g^3,,
t Q3,67,3,1,-2,,t h1 Q3,,,,
_h1 c0 Q2,67,3,1,0,,_h1^2 c0 Q2,,,3,h1 c0 Q2
C11,67,3,1,2,,,,,,
t h1 G0,67,5,1,-4,,,,,,
h0 n1,67,5,1,-2,,,,,,
_h1 k1,67,5,1,0,,_h1^2 k1,,,3,h1 k1
h1^4 h6,67,5,1,2,,h1^5 h6,,,,
h0 Q3,67,5,1,4,,,1,h2 Q3,,
h1^2 c0 Q2,67,7,1,-2,,h1^3 c0 Q2,,,,
_h1^2 d1^2,67,7,1,0,1,h2 B23,,,3,h1^2 d1^2
h1 . D1 h3^2,67,7,1,2,,h1^2 . D1 h3^2,,,,
_t h2^2 g^3,67,9,3,-2,,,,m^2,,
h1^2 k1,67,9,1,0,,,,,,
h1^4 X2,67,9,1,2,,,,,,
_t B8 d0,68,2,1,-1,,t W1,,,,
_h1^4 h6,68,2,1,1,,_h1^5 h6,,,3,h1^4 h6
h0^4 G21,68,4,2,-4,,,1,D^2 h2 g,,
t h1 Q3,68,4,1,-2,,,,,,
_h1^2 c0 Q2,68,4,1,0,,_h1^3 c0 Q2,,,3,h1^2 c0 Q2
h3(A+A'),68,4,1,2,,h1 G21,,,,
h0 d2,68,4,1,4,,_h1^2 . D1 h3^2,,d0 Q2,3,h1 . D1 h3^2
_h1^2 k1,68,6,1,-2,,h0 h2 G0,,,3,h1^2 k1
h2^2 H1,68,6,1,0,,,,h1^2 h3 H1,3,h1^4 X2
h1^5 h6,68,6,1,2,,h1^6 h6,,,,
h1^3 c0 Q2,68,8,1,-2,,,,,,
h2 B23,68,8,2,0,,,,M h2^2 g,,
h1^2 . D1 h3^2,68,8,1,2,,h1^3 . D1 h3^2,,,,
h1 h3 g^3,68,14,1,0,,h1^2 h3 g^3,,,,
t W1,69,3,1,-4,,t h1 W1,,,,
_h1 X3,69,3,3,-2,,_h1^2 X3,,d0 D2,,
_h1^5 h6,69,3,1,0,,_h1^6 h6,,,3,h1^5 h6
p',69,3,1,2,,h1 p',,,,
h2^2 h6,69,3,1,4,,,,h1^2 h3 h6,,
_h1^3 c0 Q2,69,5,1,-2,,_P h1^4 D4,,,3,h1^3 c0 Q2
h1 G21,69,5,1,0,,,,,,
_h1^2 . D1 h3^2,69,5,1,2,,_h1^3 . D1 h3^2,,,3,h1^2 . D1 h3^2
h0 h2 G0,69,7,1,-1,,,,,,
h1^6 h6,69,7,1,1,,h1^7 h6,,,,
h1^3 . D1 h3^2,69,9,1,0,,h1^4 . D1 h3^2,,,,
h1^2 h3 g^3,69,15,1,0,,,,,,
h0^2 h3 h6,70,2,2,0,,_h0^2 h2 Q3,,h4 D2,3?,h1 G21
h0^2 h3 h6 again,70,2,2,0,,,,,,
t h1 W1,70,4,1,-4,2,D^2 h2 g,,,,
_h1^2 X3,70,4,1,-2,,d0 Q2,,,,
_h1^6 h6,70,4,1,0,,_h1^7 h6,,,3,h1^6 h6
h1 p',70,4,1,2,,h1^2 p',,,,
_h1 h3 B7,70,4,1,4,,,,,,
h2 Q3,70,6,2,-2,,,,h2^2 Q3,,
_P h1^4 D4,70,6,1,0,,,,,,
_h1^3 . D1 h3^2,70,6,1,2,,_h1^4 . D1 h3^2,,,3,h1^3 . D1 h3^2
d1 e1,70,8,1,-1,,h1 d1 e1,,h1^2 l1,,
h1^7 h6,70,8,1,1,,h1^8 h6,,,,
m^2,70,10,1,-1,,,,D h1^2 h3 g^2,,
h1^4 . D1 h3^2,70,10,1,1,,h1^5 . D1 h3^2,,,,
h1 h3 h6,71,3,1,-3,,h1^2 h3 h6,,,,
_h0^2 h2 Q3,71,3,1,-1,,h4 Q2,,,,
h6 c0,71,3,1,1,,h1 h6 c0,,,,
D^2 h4 c0,71,3,1,3,,D^2 h1 h4 c0,,,,
D^2 h2 g,71,5,3,-3,,,,D^2 h2^2 g,,
d0 Q2,71,5,1,-1,,,,,,
_h1^7 h6,71,5,1,1,,_h1^8 h6,,,3,h1^7 h6
h1^2 p',71,5,1,3,,h1^3 p',,,,
l1,71,7,1,-2,,h1 l1,,,,
h1^2 h3 H1,71,7,1,0,,,,h3 C'',,
_h1^4 . D1 h3^2,71,7,1,2,,_h1^5 . D1 h3^2,,,3,h1^4 . D1 h3^2
M h2^2 g,71,9,1,-2,,,1,_h1 d1 g^2,,
h1 d1 e1,71,9,1,0,,h1^2 d1 e1,,,,
h1^8 h6,71,9,1,2,,h1^9 h6,,,,
h1^5 . D1 h3^2,71,11,1,-1,,,,,,
g^2 n,71,11,1,1,,,,h2 g^2 n,,
P h1 h6,72,2,1,0,,P h1^2 h6,,,,
d0 D2,72,4,1,-4,,,1,_h3 C'',,
h1^2 h3 h6,72,4,1,-2,,,,,,
h4 Q2,72,4,1,0,,h1 h4 Q2,,,,
h1 h6 c0,72,4,1,2,,h1^2 h6 c0,,,,
D^2 h1 h4 c0,72,4,1,4,,,,,,
_h1 d1 e1,72,6,1,-3,,_h1^2 d1 e1,,,3,h1 d1 e1
"h1 x71,6",72,6,1,-1,,"h1^2 x71,6",,,,
_h1^8 h6,72,6,1,1,,_h1^9 h6,,,3,h1^8 h6
h1^3 p',72,6,1,3,,,,,,
h1 l1,72,8,1,-2,,h1^2 l1,,,,
_h1^5 . D1 h3^2,72,8,1,0,,h2^2 C'',,,3,h1^5 . D1 h3^2
h2^2 G0,72,8,1,2,,h1^4 D3',,g B6,3,g^2 n
D h1 h3 g^2,72,10,1,-2,,D h1^2 h3 g^2,,,,
h1^2 d1 e1,72,10,1,0,,,,,,
h1^9 h6,72,10,1,2,,h1^10 h6,,,,
d1 g^2,72,12,1,0,,h1 d1 g^2,,h2 d1 g^2,,
_h1^3 p',73,3,1,-2,,_h0 h2^2 Q3,,,3,h1^3 p'
h4 D2,73,3,1,0,,,1,"h0 x76,6",,
P h1^2 h6,73,3,1,2,,P h1^3 h6,,,,
h1 h4 Q2,73,5,1,-2,,h1^2 h4 Q2,,,,
h1^2 h6 c0,73,5,1,0,,h1^3 h6 c0,,,,
_h1 l1,73,5,1,2,,_h1^2 l1,,,3,h1 l1
h2^2 Q3,73,7,1,-3,,,,,,
_h1^2 d1 e1,73,7,1,-1,,h3 C'',,,3,h1^2 d1 e1
"h1^2 x71,6",73,7,1,1,,"h1^3 x71,6",,,,
_h1^9 h6,73,7,1,3,,_h1^10 h6,,,3,h1^9 h6
h1^2 l1,73,9,1,-2,,,,,,
h2^2 C'',73,9,1,0,1,_h1 d1 g^2,,,,
h1^4 D3',73,9,1,2,,,,,,
D h1^2 h3 g^2,73,11,1,-1,,,,,,
h1^10 h6,73,11,1,1,,h1^11 h6,,,,
h1 d1 g^2,73,13,1,0,,h1^2 d1 g^2,,,,
_D^2 h1^2 h4 c0,74,2,1,-1,,,,,,
P h2 h6,74,2,2,1,,_h1^2 h4 Q2,1,"x77,7",3,h1 h4 Q2
_h0 h2^2 Q3,74,4,1,-2,,,,,,
"_h1^2 x71,6",74,4,1,0,,"_h1^3 x71,6",,,3,"h1^2 x71,6"
P h1^3 h6,74,4,1,2,,P h1^4 h6,,,,
D^2 h2^2 g,74,6,1,-4,,,,D^2 h1^2 h3 g,,
h1^2 h4 Q2,74,6,1,-2,,_t h2 g^2 n,,,,
h1^3 h6 c0,74,6,1,0,,h1^4 h6 c0,,,,
_h1^2 l1,74,6,1,2,,,,,3,h1^2 l1
"x74,8",74,6,1,4,,,,,,
h3 C'',74,8,1,-2,,,,,,
"h1^3 x71,6",74,8,1,0,,"h1^4 x71,6",,,,
_h1^10 h6,74,8,1,2,,_h1^11 h6,,,3,h1^10 h6
_h1 d1 g^2,74,10,2,0,,_h1^2 d1 g^2,,h1^2 g B6,3,h1 d1 g^2
h2 g^2 n,74,12,1,-1,,,,,,
h1^11 h6,74,12,1,1,,h1^12 h6,,,,
h1^2 d1 g^2,74,14,1,-1,,,,,,
e0^2 g^2,74,14,1,1,,h1 e0^2 g^2,,h0 e0 g^3,,
_h1^2 h4 Q2,75,3,1,-1,,_t g B6,,,3,h1^2 h4 Q2
_h1^3 h6 c0,75,3,1,1,,_h1^4 h6 c0,,,3,h1^3 h6 c0
_h3 C'',75,5,2,-3,,,,e0 A',3,h3 C''
_h3 C'' again,75,5,2,-3,,,,,,
"_h1^3 x71,6",75,5,1,-1,,"_h1^4 x71,6",,,3,"h1^3 x71,6"
P h1^4 h6,75,5,1,1,,P h1^5 h6,,,,
h0 h3 d2,75,5,1,3,,,,,,
_t h2 g^2 n,75,7,1,-1,,,,,,
h1^4 h6 c0,75,7,1,1,,h1^5 h6 c0,,,,
g B6,75,9,1,-2,,,,,3,h2 g^2 n
"h1^4 x71,6",75,9,1,0,,h1 g B6,,,,
_h1^11 h6,75,9,1,2,,_h1^12 h6,,,3,h1^11 h6
_h1^2 d1 g^2,75,11,1,0,,g^2 T,,,3,h1^2 d1 g^2
h2 d1 g^2,75,13,1,-1,,,,h2^2 d1 g^2,,
h1^12 h6,75,13,1,1,,h1^13 h6,,,,
h1 e0^2 g^2,75,15,1,0,,,,,,
_P h1^4 h6,76,2,1,0,,_P h1^5 h6,,,3,P h1^4 h6
"h0 x76,6",76,4,2,-3,,,1,"h2 x76,6",,
_t g B6,76,4,1,-1,,t g Q2,,,3,_t h2 g^2 n
_h1^4 h6 c0,76,4,1,1,,_h1^5 h6 c0,,,3,h1^4 h6 c0
"x76,9",76,4,1,3,,M D h1 h3,,D B6,,
D^2 h1 h3 g,76,6,1,-2,,D^2 h1^2 h3 g,,,,
"_h1^4 x71,6",76,6,1,0,,_h1 g B6,,,3,"h1^4 x71,6"
P h1^5 h6,76,6,1,2,,P h1^6 h6,,,,
h1^5 h6 c0,76,8,1,-2,,h1^6 h6 c0,,,,
d1 g2,76,8,1,0,,h1 d1 g2,,h1^2 m1,,
_t h2 d1 g^2,76,8,1,2,,D h1 d1 g,,_t h2^2 d1 g^2,,
h1 g B6,76,10,1,-1,,h1^2 g B6,,,,
_h1^12 h6,76,10,1,1,,_h1^13 h6,,,3,h1^12 h6
g^2 T,76,12,1,0,,,,,,
h1^13 h6,76,14,1,0,,h1^14 h6,,,,
"x77,7",77,3,2,-3,,"x78,9",,,,
_P h1^5 h6,77,3,1,-1,,_P h1^6 h6,,,3,P h1^5 h6
h3^2 h6,77,3,1,1,,,,,,
h6 d0,77,3,1,3,,h1 h6 d0,,h0 h6 e0,,
t g Q2,77,5,1,-3,,,,,,
_h1^5 h6 c0,77,5,1,-1,,_h1^6 h6 c0,,,3,h1^5 h6 c0
M D h1 h3,77,5,1,1,,,,,,
"h1 x76,6",77,5,1,3,,"h1^2 x76,6",,"h2 x77,8",,
D^2 h1^2 h3 g,77,7,1,-3,,,,,,
m1,77,7,1,-1,,h1 m1,,,,
_h1 g B6,77,7,1,1,,_h1^2 g B6,,,3,h1 g B6
P h1^6 h6,77,7,1,3,,P h1^7 h6,,,,
h1^6 h6 c0,77,9,1,-2,,h1^7 h6 c0,,,,
h1 d1 g2,77,9,1,0,,h1^2 d1 g2,,,,
D h1 d1 g,77,9,1,2,,D h1^2 d1 g,,,,
h1^2 g B6,77,11,1,-1,,,,,,
_h1^13 h6,77,11,1,1,,_h1^14 h6,,,3,h1^13 h6
h0 e0 g^3,77,15,1,-1,,,1,h0 g^4,,
h1^14 h6,77,15,1,1,,h1^15 h6,,,,
h0^6 h4 h6,78,2,2,-1,,D^2 n,1,_D h1 B6,,
"h0^3 x78,10",78,2,1,1,,,,D^3 h1^2 h3,,
"x78,9",78,4,1,-2,,"h1 x78,9",,,,
_P h1^6 h6,78,4,1,0,,_P h1^7 h6,,,3,P h1^6 h6
h1 h6 d0,78,4,1,2,,,,,,
e0 A',78,6,1,-4,,,,,,
_h1^6 h6 c0,78,6,1,-2,,_h1^7 h6 c0,,,3,h1^6 h6 c0
"h1^2 x76,6",78,6,1,0,,"h1^3 x76,6",,,,
h0 T1,78,6,1,2,,_h1^2 d1 g2,,,3,h1 d1 g2
_D h1 d1 g,78,6,1,4,,_D h1^2 d1 g,,D h1^2 B6,3,D h1 d1 g
h1 m1,78,8,1,-2,,h1^2 m1,,,,
_h1^2 g B6,78,8,1,0,,_t h2^2 d1 g^2,,,3,h1^2 g B6
P h1^7 h6,78,8,1,2,,P h1^8 h6,,,,
h1^7 h6 c0,78,10,1,-3,,h1^8 h6 c0,,,,
h1^2 d1 g2,78,10,1,-1,,,,,,
D h1^2 d1 g,78,10,1,1,,,,,,
_t h0 e0 g^3,78,10,1,3,,D h1 e0^2 g,,_t h0^2 g^4,,
_h1^14 h6,78,12,1,0,,_h1^15 h6,,,3,h1^14 h6
h2^2 d1 g^2,78,14,1,0,,,,h1^3 e1 g^2,,
h1^15 h6,78,16,1,0,,,,,,
D^2 n,79,3,1,-2,,,,,,
h1 h4 h6,79,3,1,0,,h1^2 h4 h6,,,,
P h6 c0,79,3,1,2,,P h1 h6 c0,,,,
"h2 x76,6",79,5,2,-3,,,,h0^2 h4 Q3,,
D B6,79,5,1,-1,,,,,,
"h1 x78,9",79,5,1,1,,D h1 B6,,,,
_P h1^7 h6,79,5,1,3,,_P h1^8 h6,,,3,P h1^7 h6
_h1^7 h6 c0,79,7,1,-3,,_h1^8 h6 c0,,,3,h1^7 h6 c0
"h1^3 x76,6",79,7,1,-1,,,,,,
_h1^2 d1 g2,79,7,1,1,,,,,3,h1^2 d1 g2
_D h1^2 d1 g,79,7,1,3,,_t^2 c1 g^3,,,3,D h1^2 d1 g
h1^2 m1,79,9,1,-2,,,,,,
_t h2^2 d1 g^2,79,9,1,0,,,,,,
P h1^8 h6,79,9,1,2,,P h1^9 h6,,,,
h1^8 h6 c0,79,11,1,-2,,h1^9 h6 c0,,,,
D h1 e0^2 g,79,11,1,0,,,,,,
g j1,79,11,1,2,,h1 g j1,,,,
h1 e1 g^2,79,13,1,-1,,h1^2 e1 g^2,,,,
_h1^15 h6,79,13,1,1,,t g^4,,,3,h1^15 h6
c1 g^3,79,15,1,0,,,,h2 c1 g^3,,
D^3 h1 h3,80,2,1,-1,,D^3 h1^2 h3,,,,
P^2 h1 h6,80,2,1,1,,P^2 h1^2 h6,,,,
h0 e2,80,4,1,-4,,"_h1^4 x76,6",,,3,"h1^3 x76,6"
h0 h6 e0,80,4,1,-2,,,1,h0 h6 g,,
h1^2 h4 h6,80,4,1,0,,h1^3 h4 h6,,,,
P h1 h6 c0,80,4,1,2,,P h1^2 h6 c0,,,,
D^2 d1,80,4,1,4,,D^2 h1 d1,,D^2 h2 d1,,
_h1^2 m1,80,6,1,-4,,,,,3,h1^2 m1
"h2 x77,8",80,6,1,-2,,,,_h1 g B7,,
D h1 B6,80,6,1,0,,D h1^2 B6,,,,
_P h1^8 h6,80,6,1,2,,_P h1^9 h6,,,3,P h1^8 h6
h1 x1,80,6,1,4,,h1^2 x1,,,,
_h1^8 h6 c0,80,8,1,-1,,_h1^9 h6 c0,,,3,h1^8 h6 c0
_t^2 c1 g^3,80,8,1,1,,,,,,
_h1 e1 g^2,80,10,1,-1,,_h1^2 e1 g^2,,,3,h1 e1 g^2
P h1^9 h6,80,10,1,1,,P h1^10 h6,,,,
h1^9 h6 c0,80,12,1,-1,,h1^10 h6 c0,,,,
h1 g j1,80,12,1,1,,h1^2 g j1,,,,
h1^2 e1 g^2,80,14,1,-1,,h1^3 e1 g^2,,,,
t g^4,80,14,1,1,,t h1 g^4,,,,
h0 g^4,80,16,2,0,,,1,h2 g^4,,
_D h1 B6,81,3,2,-3,,_D h1^2 B6,,,3,D h1 B6
D^3 h1^2 h3,81,3,1,-1,,,,,,
P^2 h1^2 h6,81,3,1,1,,P^2 h1^3 h6,,,,
h2 h4 h6,81,3,2,3,,,,h2^2 h4 h6,,
"_h1^4 x76,6",81,5,1,-3,,,,,,
h1^3 h4 h6,81,5,1,-1,,,,,,
P h1^2 h6 c0,81,5,1,1,,P h1^3 h6 c0,,,,
D^2 h1 d1,81,5,1,3,,D^2 h1^2 d1,,,,
D h1^2 B6,81,7,1,-4,,,,,,
_P h1^9 h6,81,7,1,-2,,_P h1^10 h6,,,3,P h1^9 h6
h1^2 x1,81,7,1,0,,h1^3 x1,,,,
h2 T1,81,7,1,2,,,,,,
g A',81,7,1,4,,(D e1 + C0) g,,h2 g A',,
_h1^9 h6 c0,81,9,1,0,,_h1^10 h6 c0,,,3,h1^9 h6 c0
_h1^2 e1 g^2,81,11,1,-2,,_h1^3 e1 g^2,,,3,h1^2 e1 g^2
P h1^10 h6,81,11,1,0,,P h1^11 h6,,,,
_t h0^2 g^4,81,11,1,2,,,1,_t h0 h2 g^4,,
h1^10 h6 c0,81,13,1,-1,,h1^11 h6 c0,,,,
h1^2 g j1,81,13,1,1,,,,,,
h1^3 e1 g^2,81,15,1,-1,,,,,,
t h1 g^4,81,15,1,1,,c0 e0^2 g^2,,,,
_P h1^2 h6 c0,82,2,3,0,,_P h1^3 h6 c0,,D^2 x,3,P h1^2 h6 c0
_D h1^2 B6,82,4,1,-3,,D^2 h2 d1,,,3,D h1^2 B6
_h1^2 x1,82,4,1,-1,,_h1^3 x1,,,3,h1^2 x1
P^2 h1^3 h6,82,4,1,1,,P^2 h1^4 h6,,,,
h6 c1,82,4,1,3,,,,h2 h6 c1,,
h0^2 h4 Q3,82,6,1,-4,,,,"P h1 x76,6",,
P h1^3 h6 c0,82,6,1,-2,,P h1^4 h6 c0,,,,
D^2 h1^2 d1,82,6,1,0,,,,,,
D^2 e0^2,82,6,1,2,,D^2 h1 e0^2,,D^2 h0 e0 g,,
h2 x1,82,6,1,4,,,1,h2 h4 Q3,,
_P h1^10 h6,82,8,1,-3,,_P h1^11 h6,,,3,P h1^10 h6
h1^3 x1,82,8,1,-1,,h1^4 x1,,,,
(D e1 + C0) g,82,8,1,1,,D h1 e1 g,,,,
e1 g2,82,8,1,3,,,,h1^3 h4 Q3,,
_h1^10 h6 c0,82,10,1,-1,,_h1^11 h6 c0,,,3,h1^10 h6 c0
_h1^2 g j1,82,10,1,1,,_t h2 c1 g^3,1,M g^2,3,h1^2 g j1
_h1^3 e1 g^2,82,12,1,-1,,,,,3,h1^3 e1 g^2
P h1^11 h6,82,12,1,1,,,,,,
h1^11 h6 c0,82,14,1,0,,h1^12 h6 c0,,,,
c0 e0^2 g^2,82,16,1,-1,2,h2 g^4,,,,
h2 c1 g^3,82,16,1,1,,,,h1^14 h6 c0,,
_P h1^3 h6 c0,83,3,1,-2,,_P h1^4 h6 c0,,,3,P h1^3 h6 c0
_D^2 h1^2 d1,83,3,1,0,,D^2 T,,,3,D^2 h1^2 d1
t h6 g,83,3,1,2,,t h1 h6 g,,,,
h0 h6 g,83,5,2,-3,,,1,h2 h6 g,,
D^2 h2 d1,83,5,1,-1,,,,,,
_h1^3 x1,83,5,1,1,,_h1^4 x1,,,3,h1^3 x1
P^2 h1^4 h6,83,5,1,3,,P^2 h1^5 h6,,,,
_h1 g B7,83,7,1,-4,,,,,,
D j1,83,7,1,-2,,D h1 j1,,,,
P h1^4 h6 c0,83,7,1,0,,P h1^5 h6 c0,,,,
D^2 h1 e0^2,83,7,1,2,,,,,,
h1 h4 Q3,83,7,1,4,,h1^2 h4 Q3,,,,
_P h1^11 h6,83,9,1,-2,,_t^2 h2 g^4,,,3,P h1^11 h6
h1^4 x1,83,9,1,0,,h1^5 x1,,,,
D h1 e1 g,83,9,1,2,,D h1^2 e1 g,,,,
_h1^11 h6 c0,83,11,1,-1,,_h1^12 h6 c0,,,3,h1^11 h6 c0
_t h2 c1 g^3,83,11,1,1,,,,,,
h1^12 h6 c0,83,15,1,0,,h1^13 h6 c0,,,,
h2 g^4,83,17,3,0,,,,h2^2 g^4,,
_P^2 h1^4 h6,84,2,1,0,,_P^2 h1^5 h6,,,3,P^2 h1^4 h6
h2^2 h4 h6,84,4,1,-4,,,,,,
_P h1^4 h6 c0,84,4,1,-2,,_P h1^5 h6 c0,,,3,P h1^4 h6 c0
D^2 T,84,4,1,0,,,,,,
t h1 h6 g,84,4,1,2,,h6 c0 d0,,,,
f2,84,4,1,4,,h1 f2,,h1^2 c3,3,h1 h4 Q3
"P x76,6",84,6,1,-3,,"P h1 x76,6",,,,
_h1^4 x1,84,6,1,-1,,_h1^5 x1,,,3,h1^4 x1
_D h1 e1 g,84,6,1,1,,_D h1^2 e1 g,,,3,D h1 e1 g
P^2 h1^5 h6,84,6,1,3,,P^2 h1^6 h6,,,,
D h1 j1,84,8,1,-4,,D h1^2 j1,,,,
P h1^5 h6 c0,84,8,1,-2,,P h1^6 h6 c0,,,,
h1^2 h4 Q3,84,8,1,0,,h1^3 h4 Q3,,,,
h2 g A',84,8,1,2,,,,t h1 g G0,,
h2 c1 H1,84,8,1,4,,,1,g Q3,,
_t^2 h2 g^4,84,10,1,-2,,t D h1 g^3,,,,
h1^5 x1,84,10,1,0,,,,,,
D h1^2 e1 g,84,10,1,2,,,,,,
_h1^12 h6 c0,84,12,1,-2,,_h1^13 h6 c0,,,3,h1^12 h6 c0
d1^2 g,84,12,1,0,,h1 d1^2 g,,M h1^2 g^2,,
_t h0 h2 g^4,84,12,2,2,,,1,_t h2^2 g^4,,
h1^13 h6 c0,84,16,1,0,,h1^14 h6 c0,,,,
D^2 x,85,3,2,-3,,,,,,
_P^2 h1^5 h6,85,3,1,-1,,_P^2 h1^6 h6,,,3,P^2 h1^5 h6
_t h2 g A',85,3,1,1,,D^2 e1,,_t^2 h1 g G0,,
h0^3 c3,85,3,1,3,,_t h1^3 h4 Q3,1,"_h1^2 x85,6",,
"x85,6",85,5,1,-4,,"h1 x85,6",,,3?,D h1 j1
h2 h6 c1,85,5,1,-2,,,,h1^2 h4 h6 c0,,
_P h1^5 h6 c0,85,5,1,0,,_P h1^6 h6 c0,,,3,P h1^5 h6 c0
h6 c0 d0,85,5,1,2,2,h2 h6 g,,,,
h1 f2,85,5,1,4,,h1^2 f2,,,3,h1^2 h4 Q3
"P h1 x76,6",85,7,1,-5,,,,,,
_h1^5 x1,85,7,1,-3,,,,,3,h1^5 x1
_D h1^2 e1 g,85,7,1,-1,,t B5 g,,,3,D h1^2 e1 g
P^2 h1^6 h6,85,7,1,1,,P^2 h1^7 h6,,,,
D^2 h0 e0 g,85,7,1,3,,,1,D^2 h0 g^2,,
h2 h4 Q3,85,7,2,5,,,1,g2^2,,
D h1^2 j1,85,9,1,-3,,,,,,
h2 g H1,85,9,1,-1,,_h1 d1^2 g,,h2^2 g H1,3,d1^2 g
P h1^6 h6 c0,85,9,1,1,,P h1^7 h6 c0,,,,
h1^3 h4 Q3,85,9,1,3,,,,,,
M g^2,85,11,2,-2,,M h1 g^2,,M h2 g^2,,
t D h1 g^3,85,11,1,0,,D c0 e0^2 g,,,,
d1 i1,85,11,1,2,,h1 d1 i1,,,,
_h1^13 h6 c0,85,13,1,-1,,_h1^14 h6 c0,,,3,h1^13 h6 c0
h1 d1^2 g,85,13,1,1,,h1^2 d1^2 g,,,,
h1^14 h6 c0,85,17,1,0,,,,,,
h0^3 h6 i,86,2,3,-1,,,,,,
"h0 x86,14",86,2,1,1,,D^3 h1 d0,,_t D^2 h0^2 g^2,,
h4 h6 c0,86,4,1,-4,,h1 h4 h6 c0,,,,
_P^2 h1^6 h6,86,4,1,-2,,_P^2 h1^7 h6,,,3,P^2 h1^6 h6
h1 c3,86,4,1,0,,h1^2 c3,,,3,h2 h4 Q3
D^2 e1,86,4,1,2,,D^2 h1 e1,,,,
_t h1^3 h4 Q3,86,4,1,4,,,,,,
"h1 x85,6",86,6,1,-4,,"h1^2 x85,6",,,3?,D h1^2 j1
_D h1^2 j1,86,6,1,-2,,D^2 c1 g,1,_t M h2 g^2,3,D h1^2 j1
_P h1^6 h6 c0,86,6,1,0,,_P h1^7 h6 c0,,,3,P h1^6 h6 c0
h2 h6 g,86,6,3,2,,,,h2^2 h6 g,,
h1^2 f2,86,6,1,4,,,,,3,h1^3 h4 Q3
t B5 g,86,8,1,-2,,,,,,
P^2 h1^7 h6,86,8,1,0,,,,,,
_d1 i1,86,8,1,2,,_h1 d1 i1,,"h1 x88,10",3,d1 i1
_h1 d1^2 g,86,10,1,-1,,_h1^2 d1^2 g,,,3,h1 d1^2 g
P h1^7 h6 c0,86,10,1,1,,P h1^8 h6 c0,,,,
M h1 g^2,86,12,1,-2,,M h1^2 g^2,,,,
D c0 e0^2 g,86,12,1,0,2,_t h2^2 g^4,,,,
h1 d1 i1,86,12,1,2,,h1^2 d1 i1,,,,
_h1^14 h6 c0,86,14,1,-1,,,,,3,h1^14 h6 c0
h1^2 d1^2 g,86,14,1,1,,,,,,
h2^2 g^4,86,18,1,0,,,,h1^2 h3 g^4,,
D^3 h1 d0,87,3,1,-3,,,,,,
"x87,7",87,3,1,-1,1,"_h1^2 x85,6",,,,
_D h1 B7,87,3,1,1,,D^2 f1,,,,
P^2 h6 c0,87,3,1,3,,P^2 h1 h6 c0,,,,
h1 h4 h6 c0,87,5,1,-3,,h1^2 h4 h6 c0,,,,
_P^2 h1^7 h6,87,5,1,-1,,t D^2 g^2,,,3,P^2 h1^7 h6
h1^2 c3,87,5,1,1,,,,,,
D^2 h1 e1,87,5,1,3,,D^2 h1^2 e1,,,,
"h1^2 x85,6",87,7,1,-2,,"x88,10",,,,
D^2 c1 g,87,7,1,0,,,,,,
_P h1^7 h6 c0,87,7,1,2,,_P h1^8 h6 c0,,,3,P h1^7 h6 c0
_h1 d1 i1,87,9,1,-2,,_h1^2 d1 i1,,,3,h1 d1 i1
t h1 g G0,87,9,1,0,,,1,h2 g Q3,,
g Q3,87,9,2,2,,,,h2 g Q3,,
_h1^2 d1^2 g,87,11,1,-1,1,M h2 g^2,,,3,h1^2 d1^2 g
P h1^8 h6 c0,87,11,1,1,,P h1^9 h6 c0,,,,
M h1^2 g^2,87,13,1,-2,,,,,,
_t h2^2 g^4,87,13,3,0,,,,g m^2,,
h1^2 d1 i1,87,13,1,2,,,,,,
P^3 h1 h6,88,2,1,0,,P^3 h1^2 h6,,,,
_t^2 h1 g G0,88,4,1,-3,,,1,_t h2 g Q3,,
"_h1^2 x85,6",88,4,2,-1,,"_x88,10",,,3,"h1^2 x85,6"
D^2 f1,88,4,1,1,,D^2 h1 f1,,,,
P^2 h1 h6 c0,88,4,1,3,,P^2 h1^2 h6 c0,,,,
h1^2 h4 h6 c0,88,6,1,-3,,,,,,
t D^2 g^2,88,6,1,-1,,t D^2 h1 g^2,,,,
D^2 h1^2 e1,88,6,1,1,,,,,,
_B6 d1,88,6,1,3,,D k1,,_D h1^2 g2 g,3,g Q3
D^2 h0 g^2,88,8,2,-4,,,1,D^2 h2 g^2,,
g2^2,88,8,2,-2,,,,,,
"x88,10",88,8,1,0,,"h1 x88,10",,,,
D g2 g,88,8,1,2,,D h1 g2 g,,,,
_P h1^8 h6 c0,88,8,1,4,,_P h1^9 h6 c0,,,3,P h1^8 h6 c0
h2^2 g H1,88,10,1,-1,,,,h1^2 h3 g H1,3,M h1^2 g^2
_h1^2 d1 i1,88,10,1,1,,"h0 x89,12",,,3,h1^2 d1 i1
M h2 g^2,88,12,2,-1,,,,M h2^2 g^2,,
P h1^9 h6 c0,88,12,1,1,,,,,,
h1 h3 g^4,88,18,1,0,,h1^2 h3 g^4,,,,
_h1^2 h4 h6 c0,89,3,1,-3,,,,,3,h1^2 h4 h6 c0
D^2 h0 c2,89,3,1,-1,,_t^2 h2 B5 g,,,3,D^2 h1^2 e1
P^3 h1^2 h6,89,3,1,1,,P^3 h1^3 h6,,,,
_t D^2 h0^2 g^2,89,3,1,3,,,1,_t D^2 h0 h2 g^2,,
"_x88,10",89,5,1,-3,,"_h1 x88,10",,,3,"x88,10"
_t h2^2 g H1,89,5,1,-1,,_D h1 g2 g,,,3,D g2 g
D^2 h1 f1,89,5,1,1,,,,,,
P^2 h1^2 h6 c0,89,5,1,3,,P^2 h1^3 h6 c0,,,,
_t M h2 g^2,89,7,2,-3,,M D h1 g,,_t M h2^2 g^2,,
h2^2 h6 g,89,7,1,-1,,,,h1^2 h3 h6 g,,
t D^2 h1 g^2,89,7,1,1,,D^2 c0 e0^2,,,,
D k1,89,7,1,3,,D h1 k1,,,,
"h1 x88,10",89,9,1,-2,,,,,,
D h1 g2 g,89,9,1,0,1,h2 g Q3,,,,
_P h1^9 h6 c0,89,9,1,2,,_P h1^10 h6 c0,,,3,P h1^9 h6 c0
"h0 x89,12",89,11,1,0,,,,,,
h1^2 h3 g^4,89,19,1,0,,,,,,
_P^2 h1^2 h6 c0,90,2,3,0,,_P^2 h1^3 h6 c0,3,h0^3 . D h2^2 h6,3,P^2 h1^2 h6 c0
_t^2 h2 B5 g,90,4,1,-2,,,,,,
P^3 h1^3 h6,90,4,1,0,,,,,,
_D k1,90,4,1,2,,_D h1 k1,,,3,D k1
"_h1 x88,10",90,6,1,-3,,_t d1 e1 g,,,3,"h1 x88,10"
_D h1 g2 g,90,6,1,-1,,_D h1^2 g2 g,,,3,D h1 g2 g
M^2,90,6,1,1,,M^2 h1,,,,
P^2 h1^3 h6 c0,90,6,1,3,,P^2 h1^4 h6 c0,,,,
M D h1 g,90,8,1,-2,,M D h1^2 g,,,,
D^2 c0 e0^2,90,8,1,0,2,D^2 h2 g^2,,,,
D h1 k1,90,8,1,2,,,,,,
h2 g Q3,90,10,2,-1,,,,D1 h1^3 e1,,
_P h1^10 h6 c0,90,10,1,1,,,,,,
d1 e1 g,90,12,1,0,,h1 d1 e1 g,,h1^2 d1 j1,,
g m^2,90,14,1,0,,,,D h1^2 h3 g^3,,
_P^2 h1^3 h6 c0,91,3,1,-1,,_P^2 h1^4 h6 c0,,,3,P^2 h1^3 h6 c0
_t D^2 h2 c1 g,91,3,1,1,,,,,,
h4^2 D3,91,5,1,-2,,h1 h4^2 D3,,,,
_D h1 k1,91,5,1,0,,_D h1^2 k1,,,3,D h1 k1
_t h2 g Q3,91,5,2,2,,,,"y94,10",,
_t d1 e1 g,91,7,1,-4,1,_t M h2^2 g^2,,,,
_D h1^2 g2 g,91,7,1,-2,,,,,3,h2 g Q3
M^2 h1,91,7,1,0,,,,,,
h1 h3 h6 g,91,7,1,2,,h1^2 h3 h6 g,,,,
P^2 h1^4 h6 c0,91,7,1,4,,P^2 h1^5 h6 c0,,,,
M D h1^2 g,91,9,1,-1,,,,,,
D^2 h2 g^2,91,9,3,1,,,,D^2 h2^2 g^2,,
d1 j1,91,11,1,-1,,h1 d1 j1,,,,
h1^2 h3 g H1,91,11,1,1,,,,h3 g C'',,
M h2^2 g^2,91,13,1,-1,,,,,,
h1 d1 e1 g,91,13,1,1,,h1^2 d1 e1 g,,,,
g^3 n,91,15,1,0,,,,h2 g^3 n,,
_t^2 D^2 h2 g^2,92,2,1,0,,t D^3 h1 g,,,,
"x92,10",92,4,1,-4,,,,,,
"x92,12",92,4,1,-2,,"h1 x92,12",,,,
_P^2 h1^4 h6 c0,92,4,1,0,,_P^2 h1^5 h6 c0,,,3,P^2 h1^4 h6 c0
g3,92,4,3,2,,h1 g3,,h2 g3,3,h1 h3 h6 g
_t D^2 h0 h2 g^2,92,4,2,4,,,1,_t D^2 h2^2 g^2,,
h1 h4^2 D3,92,6,1,-2,,,,,,
_D h1^2 k1,92,6,1,0,,T Q2,,,,
"h1 x91,8",92,6,1,2,,"h1^2 x91,8",,e1 Q2,3?,D^2 h2 g^2
_t M h2^2 g^2,92,8,2,-3,,,1,_h3 g C'',,
h1^2 h3 h6 g,92,8,1,-1,,,,,,
P^2 h1^5 h6 c0,92,8,1,1,,,,,,
_d1 j1,92,8,1,3,,_h1 d1 j1,,,3,d1 j1
D1 h1^2 e1,92,10,1,-1,,D1 h1^3 e1,,,,
_h1 d1 e1 g,92,10,1,1,,_h1^2 d1 e1 g,,,3,h1 d1 e1 g
h1 d1 j1,92,12,1,-1,,h1^2 d1 j1,,,,
"h2 x89,12",92,12,1,1,,M c0 g^2,,g^2 B6,3,g^3 n
h1^2 d1 e1 g,92,14,1,-1,,,,,,
D h1 h3 g^3,92,14,1,1,,D h1^2 h3 g^3,,,,
d1 g^3,92,16,1,0,,h1 d1 g^3,,h2 d1 g^3,,
t D^3 h1 g,93,3,1,-2,,D^3 c0 d0,,,,
h0^3 . D h2^2 h6,93,3,5,0,,D^2 M h1,1,"x96,8",,
h0^3 h4^2 h6,93,3,1,2,,,,,,
"h1 x92,12",93,5,1,-2,1,"y94,10",,,,
_P^2 h1^5 h6 c0,93,5,1,0,,_P^2 h1^6 h6 c0,,,3,P^2 h1^5 h6 c0
h1 g3,93,5,1,2,,h1^2 g3,,,3,h1^2 h3 h6 g
T Q2,93,7,1,-2,,,,,,
"h1^2 x91,8",93,7,1,0,,D d1 e1,,,,
_D1 h1^2 e1,93,7,1,2,,_D1 h1^3 e1,,"g x76,9",3,D1 h1^2 e1
D1 h2 e1,93,9,1,-1,,,,,,
_h1 d1 j1,93,9,1,1,,_h1^2 d1 j1,,,3,h1 d1 j1
D1 h1^3 e1,93,11,1,-1,,,,,,
_h1^2 d1 e1 g,93,11,1,1,,h3 g C'',,,3,h1^2 d1 e1 g
h1^2 d1 j1,93,13,1,-1,,,,,,
M c0 g^2,93,13,1,1,,,,,,
D h1^2 h3 g^3,93,15,1,-1,,,,,,
g^2 i1,93,15,1,1,,h1 g^2 i1,,g^3 T,,
h1 d1 g^3,93,17,1,0,,h1^2 d1 g^3,,,,
D^3 c0 d0,94,4,1,-4,2,_t D^2 h2^2 g^2,,,,
D^2 M h1,94,4,1,-2,,D^2 M h1^2,,,,
h1 h4^2 h6,94,4,1,0,,,,,,
"_h1^2 x91,11",94,4,1,2,,,,,,
h6 n,94,4,1,4,,,,h2 h6 n,,
"y94,10",94,6,2,-3,,,,t D D1 h1 g,,
_P^2 h1^6 h6 c0,94,6,1,-1,,,,,,
h1^2 g3,94,6,1,1,,e1 Q2,,,,
_B7 d1,94,6,1,3,,,,M D1 h0^2,,
D d1 e1,94,8,1,-1,,,,,,
_D1 h1^3 e1,94,8,1,1,1,_h3 g C'',,,3,D1 h1^3 e1
D^2 h2^2 g^2,94,10,1,-1,,,,D^2 h1^2 h3 g^2,,
_h1^2 d1 j1,94,10,1,1,,,,,3,h1^2 d1 j1
h3 g C'',94,12,1,0,,,,,,
_h1 d1 g^3,94,14,1,0,,_h1^2 d1 g^3,,,3,h1 d1 g^3
h2 g^3 n,94,16,1,-1,,,,,,
h1 g^2 i1,94,16,1,1,,h1^2 g^2 i1,,,,
h1^2 d1 g^3,94,18,1,-1,,,,,,
h1^14 h6 e0,94,18,1,1,,h1^15 h6 e0,,h0 e0 g^4,,
D h1 h3 h6,95,3,1,-1,,D h1^2 h3 h6,,,,
P^3 h6 c0,95,3,1,1,,P^3 h1 h6 c0,,,,
h2 g3,95,5,2,-5,,,,,,
"D x71,6",95,5,1,-3,,t D D1 g,,,,
"h1 x94,8",95,5,1,-1,,"h1^2 x94,8",,_h1^2 e1 Q2,,
h6 d1,95,5,1,1,,h1 h6 d1,,h2 h6 d1,,
_t D^2 h2^2 g^2,95,5,3,3,,,,D^3 h2^2 g,,
D^2 M h1^2,95,5,1,5,,,,,,
e1 Q2,95,7,1,-1,,,,,,
"x95,11",95,7,1,1,,D D1 h0 g,,,,
_h3 g C'',95,9,2,0,,,,e0 g A',,
g^2 B6,95,13,1,0,,,,,3,h2 g^3 n
_h1^2 d1 g^3,95,15,1,0,,g^3 T,,,3,h1^2 d1 g^3
h2 d1 g^3,95,17,1,-1,,,,h2^2 d1 g^3,,
h1^2 g^2 i1,95,17,1,1,,h1^3 g^2 i1,,,,
h1^15 h6 e0,95,19,1,0,,,,,,
h6 p,96,4,1,-3,,,,,,
"x96,8",96,4,3,-1,,"h1 x96,8",,"_x98,14",,
D h1^2 h3 h6,96,4,1,1,,,,,,
P^3 h1 h6 c0,96,4,1,3,,,,,,
t D D1 g,96,6,1,-2,,t D D1 h1 g,,,,
"h1^2 x94,8",96,6,1,0,,M D1 h0^2,,,,
h1 h6 d1,96,6,1,2,,h1^2 h6 d1,,,,
"g x76,9",96,8,1,-1,,,1,D D1 h2 g,,
D D1 h0 g,96,8,1,1,,,,,,
D^2 h1 h3 g^2,96,10,1,0,,D^2 h1^2 h3 g^2,,,,
_t h2 d1 g^3,96,12,1,-1,,D h1 d1 g^2,,,,
e1^2 g,96,12,1,1,,h1 e1^2 g,,h1^2 d1 k1,,
_h1^2 g^2 i1,96,14,1,0,,_h1^3 g^2 i1,,,,
g^3 T,96,16,1,0,,,,,,
h1^3 g^2 i1,96,18,1,0,,h1^4 g^2 i1,,,,
"h0 x97,7",97,3,1,0,,"_h1^3 x94,8",,"x100,13",,
h2 h6 n,97,5,1,-2,,,,,,
"h1 x96,8",97,5,1,0,,,,,,
_h1 e1 Q2,97,5,1,2,,_h1^2 e1 Q2,,,,
t D D1 h1 g,97,7,1,-3,,,,,,
M D1 h0^2,97,7,1,-1,,,,,,
h1^2 h6 d1,97,7,1,1,,,,,,
h6 e0^2,97,7,1,3,,h1 h6 e0^2,,h0 h6 e0 g,,
M D c0 g,97,9,1,-2,,,,,,
"h1^2 x95,8",97,9,1,0,,_h1 e1^2 g,,_h1^2 d1 k1,,
H1 m + h1^3 h6 d0 e0,97,9,1,2,,h1^4 h6 d0 e0,,h2 H1 m,,
D^2 h1^2 h3 g^2,97,11,1,-2,,,,,,
d1 k1,97,11,1,0,,h1 d1 k1,,,,
g^2 Q2,97,11,1,2,,h1 g^2 Q2,,_t^2 c1 g^4,,
D h1 d1 g^2,97,13,1,-1,,D h1^2 d1 g^2,,,,
h1 e1^2 g,97,13,1,1,,h1^2 e1^2 g,,,,
_h1^3 g^2 i1,97,15,1,0,,_h1^4 g^2 i1,,,,
h1^4 g^2 i1,97,19,1,-1,,h1^5 g^2 i1,,,,
h0 e0 g^4,97,19,1,1,,,1,h0 g^5,,
_P^3 h1^2 h6 c0,98,2,1,0,,,,,,
_h1^2 h6 d1,98,4,1,-1,,h6 T,,,,
"_h1^3 x94,8",98,4,1,1,1,"_x98,14",,,,
_h1^2 e1 Q2,98,6,1,-3,,,,,,
"h2 x95,7",98,6,1,-1,,"h1 h3 x91,8 + t D1 h0 h2 g2",,"h1^2 x99,7",,
h2 h6 d1,98,6,1,1,,,,h2^2 h6 d1,,
D^3 h2^2 g,98,6,1,3,,,,D^3 h1^2 h3 g,,
h1 h6 e0^2,98,8,1,-2,,,,,,
H1 T + M D1 h1,98,8,1,0,,,,,,
_d1 k1,98,8,1,2,,_h1 d1 k1,,,,
e0 g A',98,10,1,-4,,,,,,
D1 h3^2 d1,98,10,1,-2,,,,,,
_h1 e1^2 g,98,10,1,0,,_h1^2 e1^2 g,,,,
h1^4 h6 d0 e0,98,10,1,2,,h1^5 h6 d0 e0,,,,
_D h1 d1 g^2,98,10,1,4,,_D h1^2 d1 g^2,,,,
h1 d1 k1,98,12,1,-1,,h1^2 d1 k1,,,,
h1 g^2 Q2,98,12,1,1,,h1^2 g^2 Q2,,,,
D h1^2 d1 g^2,98,14,1,-2,,,,,,
h1^2 e1^2 g,98,14,1,0,,,,,,
P h1^10 h6 e0,98,14,1,2,,P h1^11 h6 e0,,_t h0^2 g^5,,
_h1^4 g^2 i1,98,16,1,0,,_h1^5 g^2 i1,,,,
h2^2 d1 g^3,98,18,1,0,,,,h1^3 e1 g^3,,
h1^5 g^2 i1,98,20,1,0,,,,,,
h6 T,99,5,1,-3,,,,,,
h3 g3,99,5,1,-1,,h1 h3 g3,,,,
"x99,7",99,5,2,1,,"h1 x99,7",,"h1 h3 x94,8 + t h2 x99,9",,
"_x98,14",99,5,2,3,,,,_t^2 g^2 B7,,
"h1 h3 x91,8 + t D1 h0 h2 g2",99,7,1,-2,,D d1 g2,,,,
"h1 h3 x91,8 + t D1 h0 h2 g2 again",99,7,1,-2,,,,,,
"x99,9",99,7,1,0,,h0 h6 e0 g,,h1 g2 Q2,,
M1 h2,99,7,1,2,,M D1 h0 h2,,M1 h2^2,,
D1 h2 g2,99,9,1,-3,,,,,,
_h1 d1 k1,99,9,1,-1,,_h1^2 d1 k1,,,,
M D1 h1^2,99,9,1,1,,P h1^4 h6 c0 e0,,D^2 h1^2 d1 g,,
D D1 h2 g,99,9,2,3,,,,D D1 h2^2 g,,
_h1^2 e1^2 g,99,11,1,-2,,,,,,
h1^5 h6 d0 e0,99,11,1,0,,,,,,
_D h1^2 d1 g^2,99,11,1,2,,_t^2 c1 g^4,,,,
h1^2 d1 k1,99,13,1,-1,,,,,,
h1^2 g^2 Q2,99,13,1,1,,h1^3 g^2 Q2,,,,
P h1^11 h6 e0,99,15,1,-2,,,,,,
g^2 j1,99,15,1,0,,h1 g^2 j1,,,,
h1^2 g D4,99,15,1,2,,h1^3 g D4,,_h1^3 e1 g^3,,
h1 e1 g^3,99,17,1,-1,,h1^2 e1 g^3,,,,
_h1^5 g^2 i1,99,17,1,1,,t g^5 + h1^12 h6 c0 e0,,,,
c1 g^4,99,19,1,0,,,,h2 c1 g^4,,
h6 x,100,4,3,-2,,,,,,
h0 h4 c3,100,4,1,0,,"x101,7",,"h3 x96,8",,
"x100,13",100,4,1,2,,,1,h6 d0 j,,
h1 h3 g3,100,6,1,-3,,,,,,
"h1 x99,7",100,6,1,-1,,"h1^2 x99,7",,,,
_h1^2 h6 e0^2,100,6,1,1,,g2 Q2,,,,
D^3 h1 h3 g,100,6,1,3,,D^3 h1^2 h3 g,,,,
D d1 g2,100,8,1,-3,,,,,,
h0 h6 e0 g,100,8,1,-1,,,,,,
M D1 h0 h2,100,8,1,1,,_h1^6 h6 d0 e0,,,,
D^2 d1 g,100,8,1,3,,D^2 h1 d1 g,,,,
_h1^2 d1 k1,100,10,1,-2,,,,,,
P h1^4 h6 c0 e0,100,10,1,0,,P h1^5 h6 c0 e0,,,,
h2 H1 m,100,10,1,2,,,,_h1 g^2 B7,,
_t^2 c1 g^4,100,12,1,0,,,,,,
_h1 e1 g^3,100,14,1,-1,,_h1^2 e1 g^3,,,,
h1^3 g^2 Q2,100,14,1,1,,h1^4 g^2 Q2,,,,
h1 g^2 j1,100,16,1,-1,,h1^2 g^2 j1,,,,
h1^3 g D4,100,16,1,1,,h1^4 g D4,,,,
h1^2 e1 g^3,100,18,1,-1,,h1^3 e1 g^3,,,,
t g^5 + h1^12 h6 c0 e0,100,18,1,1,,t h1 g^5 + h1^13 h6 c0 e0,,,,
h0 g^5,100,20,2,0,,,1,h2 g^5,,
D h0 h3^2 h6,101,3,1,0,,D h1 h6 d0,,D h0 h6 e0,,
"x101,7",101,5,1,-2,,,,,,
"h3 x94,8",101,5,1,0,,"h1 h3 x94,8 + t h2 x99,9",,,,
_t h2 H1 m + h1 h6 c0 d0^2,101,5,1,2,,P h6 d0 e0,,_t^2 h1 g^2 H1,,
"h1^2 x99,7",101,7,1,-5,,,,,,
"h0 x101,8 + h2 h6 m",101,7,1,-3,,,,,,
g2 Q2,101,7,1,-1,,h1 g2 Q2,,,,
D^2 i1,101,7,1,1,,D^2 h1 i1,,D^2 g T,,
h2^2 h6 d1,101,7,1,3,,,1,"h2 x101,8",,
D^3 h1^2 h3 g,101,7,1,5,,,,,,
_h1^6 h6 d0 e0,101,9,1,-1,,,,,,
D^2 h1 d1 g,101,9,1,1,,D^2 h1^2 d1 g,,,,
g^2 A',101,11,1,-1,,(De1+C0) g^2,,h2 g^2 A',,
P h1^5 h6 c0 e0,101,11,1,1,,P h1^6 h6 c0 e0,,,,
_h1 g^2 j1,101,13,1,0,,_h1^2 g^2 j1,,D h1^2 e1 g^2,,
_t h0^2 g^5,101,15,1,-2,,,1,_t h0 h2 g^5,,
_h1^2 e1 g^3,101,15,1,0,,_h1^3 e1 g^3,,,,
h1^4 g^2 Q2,101,15,1,2,,h1^5 g^2 Q2,,,,
h1^2 g^2 j1,101,17,1,-1,,,,,,
h1^4 g D4,101,17,1,1,,h1^5 g D4,,,,
h1^3 e1 g^3,101,19,1,-1,,,,,,
t h1 g^5 + h1^13 h6 c0 e0,101,19,1,1,,h1^14 h6 c0 e0,,,,
P^2 h0 h6 i,102,2,1,0,,,,D^4 h1^2 h3,,
D h1 h6 d0,102,4,1,0,,,,,,
"h1 h3 x94,8 + t h2 x99,9",102,6,1,-5,,,,,,
_t^2 g^2 B7,102,6,1,-3,,,,,,
h0 g2 D2,102,6,1,-1,,,,,,
_D^2 h1 d1 g,102,6,1,1,,_D^2 h1^2 d1 g,,,,
P h6 d0 e0,102,6,1,3,,P h1 h6 d0 e0,,,,
h1 h6 e1,102,6,1,5,,h1^2 h6 e1,,,,
h1 g2 Q2,102,8,1,-3,,,,,,
D^2 h1 i1,102,8,1,-1,,D^2 h1^2 i1,,,,
h6 c1 g,102,8,1,1,,,,h2 h6 c1 g,,
M1 h2^2,102,8,1,3,,,,M1 h1^2 h3,,
D^2 h1^2 d1 g,102,10,1,-2,,,,,,
P^2 h1^6 h6 e0,102,10,1,0,,P^2 h1^7 h6 e0,,D^2 h0 e0 g^2,,
D D1 h2^2 g,102,10,1,2,,,,D D1 h1^2 h3 g,,
(De1+C0) g^2,102,12,1,-2,,D h1 e1 g^2,,,,
P h1^6 h6 c0 e0,102,12,1,0,,P h1^7 h6 c0 e0,,,,
d1^2 e1,102,12,1,2,,,,D h1^2 g j1,,
_h1^2 g^2 j1,102,14,1,-1,,_t h2 c1 g^4,,,,
_h1^4 g D4,102,14,1,1,,_h1^5 g D4,1,"h1^3 y102,14",,
_h1^3 e1 g^3,102,16,1,-1,,,,,,
h1^5 g^2 Q2,102,16,1,1,,,,,,
h1^5 g D4,102,18,1,0,,h1^6 g D4,,,,
h1^14 h6 c0 e0,102,20,1,-1,2,h2 g^5,,,,
h2 c1 g^4,102,20,1,1,,,,h1^8 g D4,,
"_h1 h3 x94,8 + t h2 x99,9",103,3,1,0,,"x104,12",,"_t h2^2 x99,9",,
"h3 x96,8",103,5,1,-3,,,,,,
h6 f1,103,5,1,-1,,h1 h6 f1,,,,
"x103,12",103,5,1,1,,D^2 h5 c0 e0 + _D^2 h1^2 i1,,D^3 h1^2 d1,,
h6 d0 j,103,5,2,3,,,,h0 h6 d0 k,,
_t d1^2 e1,103,7,1,-4,,,,,,
_D^2 h1^2 d1 g,103,7,1,-2,,D^2 g T,,,,
P h1 h6 d0 e0,103,7,1,0,,,,,,
M1 h3,103,7,1,2,,M1 h1 h3,,,,
h1^2 h6 e1,103,7,1,4,1,"h2 x101,8",,,,
D^2 h1^2 i1,103,9,1,-2,,D^2 h1^3 i1,,,,
M D1 h2^2,103,9,1,0,,D D1 h1 h3 g,,M D1 h1 c0,,
"h1^2 x101,8",103,9,1,2,,"y104,12",,_D h1^2 g j1,,
_h1 g^2 B7,103,11,1,-3,,,,,,
P^2 h1^7 h6 e0,103,11,1,-1,,,,,,
D g j1,103,11,1,1,,D h1 g j1,,,,
"h1^2 x101,14",103,11,1,3,,"h1^3 x101,14",,,,
D h1 e1 g^2,103,13,1,-1,,D h1^2 e1 g^2,,,,
P h1^7 h6 c0 e0,103,13,1,1,,P h1^8 h6 c0 e0,,,,
_t h2 c1 g^4,103,15,1,-1,,,,,,
_h1^5 g D4,103,15,1,1,,_h1^6 g D4,,,,
h1^6 g D4,103,19,1,0,,h1^7 g D4,,,,
h2 g^5,103,21,3,0,,,,h2^2 g^5,,
D^4 h1 h3,104,2,1,0,,D^4 h1^2 h3,,,,
D h0 h6 e0,104,4,1,-3,,,,,,
h0 h6 c2,104,4,1,-1,,"x105,7",,,,
"x104,12",104,4,1,1,,_P h1^2 h6 d0 e0,,,,
_t D^2 h2 d1 g,104,4,1,3,,D^3 h1 d1,,,,
_t^2 h1 g^2 H1,104,6,1,-2,,,,,,
h1 h6 f1,104,6,1,0,,,,,,
D^2 h5 c0 e0 + _D^2 h1^2 i1,104,6,1,2,,D^2 h1 h5 c0 e0 + _D^2 h1^3 i1,,,,
D^2 g T,104,8,1,-3,,,,,,
M1 h1 h3,104,8,1,-1,,M1 h1^2 h3,,,,
_d1 l1,104,8,1,1,,"h2^2 x99,9",,,,
"h2 x101,8",104,8,2,3,,,,h1 g2 H1,,
D1 h3^2 e1,104,10,1,-4,,,,,,
D^2 h1^3 i1,104,10,1,-2,,D^2 h1^4 i1,,,,
D D1 h1 h3 g,104,10,1,0,,D D1 h1^2 h3 g,,,,
"y104,12",104,10,1,2,,,,,,
_D h1 e1 g^2,104,10,1,4,,_D h1^2 e1 g^2,,,,
D h1 g j1,104,12,1,-3,,D h1^2 g j1,,,,
"h1^3 x101,14",104,12,1,-1,,"h1^4 x101,14",,,,
h2 g^2 A',104,12,1,1,,,,t h1 g^2 G0,,
h2 c1 H1 g,104,12,1,3,,,1,D1 h2 g d1,,
D h1^2 e1 g^2,104,14,1,-1,,,,,,
P h1^8 h6 c0 e0,104,14,1,1,,P h1^9 h6 c0 e0,,,,
_h1^6 g D4,104,16,1,-2,,_h1^7 g D4,,,,
d1^2 g^2,104,16,1,0,,h1 d1^2 g^2,,h1^2 g d1 i1,,
_t h0 h2 g^5,104,16,2,2,,,1,_t h2^2 g^5,,
h1^7 g D4,104,20,1,0,,h1^8 g D4,,,,
D^4 h1^2 h3,105,3,1,-1,,,,,,
_D^2 h1 B6,105,3,1,1,,_D^2 h1^2 B6,,_t^2 D^2 c1 g^2,,
"x105,7",105,5,1,-3,,,,,,
_P h1^2 h6 d0 e0,105,5,1,-1,,,,,,
D^3 h1 d1,105,5,1,1,,D^3 h1^2 d1,,,,
_M1 h1 h3,105,5,1,3,,_M1 h1^2 h3,,,,
D^2 h1 h5 c0 e0 + _D^2 h1^3 i1,105,7,1,-3,,D^2 h1^2 h5 c0 e0 + _D^2 h1^4 i1,,,,
g2 A',105,7,1,-1,,D e1 g2,,,,
g2 D3,105,7,1,1,,"h3 x99,9",,"h0 h3 x101,8",,
_t h2 g^2 A',105,7,1,3,,D^2 e1 g + _t h2 g^2 C0,,_t^2 h1 g^2 G0,,
h2 h6 c1 g,105,9,1,-4,,,,,,
M1 h1^2 h3,105,9,1,-2,,,,,,
"h2^2 x99,9",105,9,1,0,,,,,,
M D1 c0,105,9,1,2,,M D1 h1 c0,,,,
_D h1 g j1,105,9,1,4,,_D h1^2 g j1,,,,
D^2 h0 e0 g^2,105,11,1,-3,,,1,D^2 h0 g^3,,
D^2 h1^4 i1,105,11,1,-1,,D^2 h1^5 i1,,,,
D D1 h1^2 h3 g,105,11,1,1,,,,,,
_D h1^2 e1 g^2,105,11,1,3,,,,,,
D h1^2 g j1,105,13,1,-2,,,,,,
"h1^4 x101,14",105,13,1,0,,"h1^5 x101,14",,,,
h2 g^2 H1,105,13,1,2,,_h1 d1^2 g^2,,h2^2 g^2 H1,,
g d1 i1,105,15,1,-2,,h1 g d1 i1,,,,
P h1^9 h6 c0 e0,105,15,1,0,,P h1^10 h6 c0 e0,,,,
"h1^3 y102,14",105,15,2,2,,"h1^4 y102,14",,M h2 g^3,,
_h1^7 g D4,105,17,1,-1,,_h1^8 g D4,,,,
h1 d1^2 g^2,105,17,1,1,,h1^2 d1^2 g^2,,,,
h1^8 g D4,105,21,1,0,,,,,,
D^2 h0 D2,106,2,1,0,,_D^3 h1^2 d1,,,,
_t h2 h6 c1 g,106,4,1,-2,,,,,,
_D^2 h1^2 B6,106,4,1,0,,_t^3 B5 g^2,,,,
"_t h2^2 x99,9",106,4,1,2,,,,"x109,13",,
D^3 h1^2 d1,106,6,1,-4,,,,,,
_M1 h1^2 h3,106,6,1,-2,,,,,,
C1,106,6,2,0,,,,,,
P^3 h1^2 h6 e0,106,6,1,2,,P^3 h1^3 h6 e0,,M^2 P^2 h2,,
h0 h6 d0 k,106,6,1,4,,,1,"x109,10",,
D^2 h1^2 h5 c0 e0 + _D^2 h1^4 i1,106,8,1,-3,,D^2 h1^3 h5 c0 e0 + _D^2 h1^5 i1,,,,
D e1 g2,106,8,1,-1,,,,,,
"h3 x99,9",106,8,1,1,,,,,,
D^2 e1 g + _t h2 g^2 C0,106,8,1,3,,,,,,
M D1 h1 c0,106,10,1,-2,,,,,,
_D h1^2 g j1,106,10,1,0,,,,,,
"_h1^4 x101,14",106,10,1,2,,"_h1^5 x101,14",1,"h1^3 x106,14",,
D^2 h1^5 i1,106,12,1,-1,,,,,,
_g d1 i1,106,12,1,1,,_h1 g d1 i1,,D^2 h1 g^2 g2,,
"h1^5 x101,14",106,14,1,-2,,"h1^6 x101,14",,,,
_h1 d1^2 g^2,106,14,1,0,,_h1^2 d1^2 g^2,,,,
i1^2,106,14,1,2,,h1 i1^2,,h0 h2 g^2 G0,,
h1 g d1 i1,106,16,1,-2,,h1^2 g d1 i1,,,,
P h1^10 h6 c0 e0,106,16,1,0,2,_t h2^2 g^5,,,,
"h1^4 y102,14",106,16,1,2,,"h1^5 y102,14",,,,
_h1^8 g D4,106,18,1,-1,,,,,,
h1^2 d1^2 g^2,106,18,1,1,,,,,,
h2^2 g^5,106,22,1,0,,,,h1^2 h3 g^5,,
_D^3 h1^2 d1,107,3,1,0,,_t^2 D^2 c1 g^2,,,,
h0 h4 g3,107,5,2,-4,,,,,,
"x107,7",107,5,1,-2,,,,,,
D h6 g,107,5,2,0,,_D^2 h1 e1 g,,D h2 h6 g,,
"x107,12",107,5,1,2,,D^2 D1 h1 h3,,_D^2 h1^2 j1,,
_t^3 B5 g^2,107,5,1,4,,D^2 h1^3 Q2,,,,
"x107,13",107,7,1,-2,,,,,,
P^3 h1^3 h6 e0,107,7,1,0,,,,,,
D^2 h1^2 D4,107,7,1,2,,D^2 h1^3 D4,,,,
D^2 h1^3 h5 c0 e0 + _D^2 h1^5 i1,107,9,1,-1,,D^2 h1^4 h5 c0 e0 + t D^2 g^3,,,,
h1 g2 H1,107,9,1,1,,,,"y110,12",,
"_h1^5 x101,14",107,11,1,0,,"_h1^6 x101,14",,,,
t h1 g^2 G0,107,13,1,-3,,,,,,
_h1 g d1 i1,107,13,1,-1,,_h1^2 g d1 i1,,,,
D1 h2 g d1,107,13,2,1,,,,D1 h2^2 d1 g,,
D1 h1^2 i1,107,13,1,3,,D1 h1^3 i1,,"_h1^8 x101,14",,
"h1^6 x101,14",107,15,1,-2,,"h1^7 x101,14",,,,
_h1^2 d1^2 g^2,107,15,1,0,1,M h2 g^3,,,,
h1 i1^2,107,15,1,2,,h1^2 i1^2,,,,
h1^2 g d1 i1,107,17,1,-2,,,,,,
_t h2^2 g^5,107,17,3,0,,,,D h2^2 g^4,,
"h1^5 y102,14",107,17,1,2,,,,,,
_D^2 h1^2 Q2,108,2,1,0,,_D^2 h1^3 Q2,,,,
_t^2 D^2 c1 g^2,108,4,1,0,,,,,,
_D^2 h1 e1 g,108,6,1,-3,,,,,,
D^2 D1 h1 h3,108,6,1,-1,1,"x109,10",,,,
h1 h4 g3,108,6,1,1,,h1^2 h4 g3,,,,
D^2 h1^3 Q2,108,6,1,3,,D^2 h1^4 Q2,,,,
"h0 h3 x101,8",108,8,1,-2,,,,,,
_t^2 h1 g^2 G0,108,8,1,0,,,,,,
D^2 h1^3 D4,108,8,1,2,,D^2 h1^4 D4,,,,
_B6 d1 g,108,10,1,-1,,_B6 h1 d1 g,,,,
D^2 h1^4 h5 c0 e0 + t D^2 g^3,108,10,1,1,,D^2 h1^5 h5 c0 e0 + t D^2 h1 g^3,,,,
D^2 h0 g^3,108,12,2,-4,,,,,,
d1^2 g2,108,12,1,-2,,,,,,
D g^2 g2,108,12,1,0,,D^2 h1 g^2 g2,,,,
"_h1^6 x101,14",108,12,1,2,,"_h1^7 x101,14",,,,
_h1 i1^2,108,12,1,4,,_h1^2 i1^2,,,,
h2^2 g^2 H1,108,14,1,-2,,,,,,
_h1^2 g d1 i1,108,14,1,0,,h0 h2 g^2 G0,,,,
D1 h1^3 i1,108,14,1,2,,D1 h1^4 i1,,,,
"h1^7 x101,14",108,16,1,-2,,,,,,
M h2 g^3,108,16,2,0,,,,,,
h1^2 i1^2,108,16,1,2,,h1^3 i1^2,,,,
h1 h3 g^5,108,22,1,0,,h1^2 h3 g^5,,,,
D^2 A',109,3,1,-1,,D^3 e1 + D^2 C0,,,,
_D^2 h1^3 Q2,109,3,1,1,,_D^2 h1^4 Q2,,,,
"x109,13",109,5,1,-2,,,,,,
_D^2 h1 j1,109,5,1,0,,_D^2 h1^2 j1,,,,
M h1 h6,109,5,1,2,,M h1^2 h6,,,,
M^2 P^2 h2,109,7,1,-3,,,,,,
"x109,10",109,7,2,-1,,_D1 x g,,,,
h1^2 h4 g3,109,7,1,1,,,,,,
D^2 h1^4 Q2,109,7,1,3,,D^2 h1^5 Q2,,,,
"h1 h3 x101,8",109,9,1,-2,,"y110,12",,,,
_t h2^2 g^2 H1,109,9,1,0,,_D^2 h1 g^2 g2,,,,
D^2 h1^4 D4,109,9,1,2,,D^2 h1^5 D4,,,,
"h1^3 x106,14",109,11,2,-4,,,,,,
e1 l1,109,11,1,-2,,,,,,
_D1 h1^3 i1,109,11,1,0,,_D1 h1^4 i1,,,,
_B6 h1 d1 g,109,11,1,2,,_B6 h1^2 d1 g,,,,
D^2 h1^5 h5 c0 e0 + t D^2 h1 g^3,109,11,1,4,,D^2 h1^6 h5 c0 e0,,,,
D^2 h1 g^2 g2,109,13,1,-2,,,,,,
"_h1^7 x101,14",109,13,1,0,,"_h1^8 x101,14",,,,
_h1^2 i1^2,109,13,1,2,,_h1^3 i1^2,,,,
h0 h2 g^2 G0,109,15,1,-1,,,,,,
D1 h1^4 i1,109,15,1,1,,D1 h1^5 i1,,,,
h1^3 i1^2,109,17,1,0,,h1^4 i1^2,,,,
h1^2 h3 g^5,109,23,1,0,,,,,,
D h0^5 h6 i,110,2,1,-1,,,,,,
_t M D^2 h1^2 d0,110,2,1,1,,,,,,
D^3 e1 + D^2 C0,110,4,1,-1,,,,,,
_D^2 h1^4 Q2,110,4,1,1,,,,,,
h2 h4 g3,110,6,1,-4,,,,,,
D h2 h6 g,110,6,1,-2,,,,,,
_D^2 h1^2 j1,110,6,1,0,,,,,,
M h1^2 h6,110,6,1,2,,,,,,
_D^2 h1^4 D4,110,6,1,4,,,,,,
_D1 x g,110,8,1,-4,,,,,,
D^2 h1^5 Q2,110,8,1,-2,,,,,,
M1 h3^2,110,8,1,0,,,,,,
_e1 l1,110,8,1,2,,,,,,
_d1 g Q2,110,8,1,4,,,,,,
"y110,12",110,10,1,-6,,,,,,
_D^2 h1 g^2 g2,110,10,1,-4,,,,,,
D^2 h1^5 D4,110,10,1,-2,,,,,,
"h1 y109,13",110,10,1,0,,,,,,
"x110,14",110,10,1,2,,,,,,
h1^2 h6 d0^2 e0,110,10,1,4,,,,,,
D1 h3^2 g2,110,10,1,6,,,,,,
_D1 h1^4 i1,110,12,1,-2,,,,,,
_B6 h1^2 d1 g,110,12,1,0,,,,,,
D^2 h1^6 h5 c0 e0,110,12,1,2,,,,,,
D1 h2^2 d1 g,110,14,1,-2,,,,,,
"_h1^8 x101,14",110,14,1,0,,,,,,
_h1^3 i1^2,110,14,1,2,,,,,,
D1 h1^5 i1,110,16,1,-1,,,,,,
d1 e1 g^2,110,16,1,1,,,,,,
D h2^2 g^4,110,18,1,-1,,,,,,
h1^4 i1^2,110,18,1,1,,,,,,